vignette_id,condition,time_to_info,accuracy,n_queries_issued,latency_ms,cognitive_load,tlx_mental,tlx_physical,tlx_temporal,tlx_performance,tlx_effort,tlx_frustration,period,specialty,experience_group,complexity,n_pivots,condition_code
V260,bm25,26.67,1,1,177.55,38.26,47.12,12.84,32.1,70.19,41.74,25.6,1,hospital_medicine,<5_years,low,0,0
V260,gdt,16.45,1,1,132.13,28.27,20.38,10.13,21.14,79.48,24.46,14.03,2,hospital_medicine,<5_years,low,0,1
V260,colbert,21.96,1,1,184.81,31.62,29.76,7.28,29.4,74.52,34.14,14.62,3,hospital_medicine,<5_years,low,0,0
V260,control,19.87,1,1,171.41,38.06,46.29,8.95,35.07,71.23,40.14,26.68,4,hospital_medicine,<5_years,low,0,0
V260,llm_rag,17.1,1,1,184.2,26.29,19.04,8.35,16.44,80.07,21.16,12.67,5,hospital_medicine,<5_years,low,0,0
V260,graphcare,19.87,1,1,136.45,28.6,18.69,9.03,24.51,83.43,24.3,11.66,6,hospital_medicine,<5_years,low,0,0
V260,medcpt,19.18,1,1,151.71,31.66,29.1,5.72,29.27,82.03,28.71,15.16,7,hospital_medicine,<5_years,low,0,0
V260,cma,22.64,1,1,162.21,33.07,38.32,5.55,31.3,80.77,23.95,18.56,8,hospital_medicine,<5_years,low,0,1
V260,sdt,21.48,1,1,116.14,26.6,20.73,3.22,19.21,87.24,20.0,9.17,9,hospital_medicine,<5_years,low,0,1
V715,medcpt,98.02,1,5,133.85,49.58,60.99,20.35,53.07,64.49,58.69,39.91,1,hospital_medicine,>=5_years,high,3,0
V715,cma,99.46,1,5,142.63,46.42,60.36,19.11,58.93,53.55,55.94,30.61,2,hospital_medicine,>=5_years,high,3,1
V715,graphcare,97.43,1,5,149.93,45.46,55.57,18.07,51.81,59.7,57.77,29.83,3,hospital_medicine,>=5_years,high,3,0
V715,control,115.72,1,5,186.73,61.8,91.59,20.53,81.18,50.72,77.69,49.1,4,hospital_medicine,>=5_years,high,3,0
V715,colbert,211.1,0,5,159.7,67.47,96.87,28.57,94.88,38.06,98.13,48.32,5,hospital_medicine,>=5_years,high,3,0
V715,bm25,109.7,1,5,195.84,57.99,79.38,20.9,72.65,51.53,75.02,48.48,6,hospital_medicine,>=5_years,high,3,0
V715,sdt,97.82,1,5,112.16,40.65,59.97,11.56,43.95,55.48,50.66,22.28,7,hospital_medicine,>=5_years,high,3,1
V715,llm_rag,276.81,0,5,164.28,72.32,100.0,39.16,100.0,22.72,100.0,72.03,8,hospital_medicine,>=5_years,high,3,0
V715,gdt,96.45,1,5,130.91,48.32,59.38,20.92,56.19,62.84,58.18,32.43,9,hospital_medicine,>=5_years,high,3,1
V065,sdt,78.23,1,4,113.06,40.64,42.79,20.79,35.77,71.11,46.7,26.65,1,hospital_medicine,>=5_years,high,2,1
V065,bm25,88.69,1,4,180.52,55.23,62.35,25.48,70.77,56.18,71.21,45.39,2,hospital_medicine,>=5_years,high,2,0
V065,medcpt,85.48,1,4,137.47,44.55,55.09,9.18,52.99,65.58,54.54,29.92,3,hospital_medicine,>=5_years,high,2,0
V065,control,93.22,1,4,205.59,54.8,68.99,22.9,73.8,55.65,63.84,43.6,4,hospital_medicine,>=5_years,high,2,0
V065,llm_rag,73.0,1,4,168.34,43.71,49.55,15.94,48.91,68.08,55.94,23.84,5,hospital_medicine,>=5_years,high,2,0
V065,gdt,75.58,1,4,131.46,43.03,52.63,13.51,44.21,68.15,51.42,28.24,6,hospital_medicine,>=5_years,high,2,1
V065,colbert,76.63,1,4,152.6,40.94,54.41,7.76,52.41,59.28,41.83,29.92,7,hospital_medicine,>=5_years,high,2,0
V065,graphcare,80.23,1,4,158.46,45.14,56.51,17.71,46.36,63.35,57.3,29.58,8,hospital_medicine,>=5_years,high,2,0
V065,cma,80.57,1,4,147.29,48.44,58.13,20.01,51.83,69.58,55.38,35.72,9,hospital_medicine,>=5_years,high,2,1
V113,control,46.96,1,2,179.78,44.5,59.77,12.42,51.74,66.41,47.18,29.48,1,internal_medicine,<5_years,low,1,0
V113,cma,42.41,1,2,138.02,36.4,41.36,13.35,35.44,76.87,36.15,15.24,2,internal_medicine,<5_years,low,1,1
V113,bm25,46.45,1,2,149.9,46.2,54.24,20.61,51.63,68.6,52.43,29.71,3,internal_medicine,<5_years,low,1,0
V113,medcpt,38.15,1,2,144.85,33.83,34.85,2.03,31.46,78.8,36.22,19.61,4,internal_medicine,<5_years,low,1,0
V113,graphcare,34.68,1,2,150.13,32.41,30.19,9.72,33.31,77.13,32.54,11.56,5,internal_medicine,<5_years,low,1,0
V113,llm_rag,37.8,1,2,168.48,31.83,31.8,12.88,28.61,78.79,24.74,14.14,6,internal_medicine,<5_years,low,1,0
V113,sdt,36.31,1,2,117.43,29.46,26.16,3.14,28.15,76.18,29.38,13.74,7,internal_medicine,<5_years,low,1,1
V113,gdt,41.9,1,2,126.52,35.13,33.34,9.56,33.08,79.14,36.87,18.79,8,internal_medicine,<5_years,low,1,1
V113,colbert,40.87,1,2,176.66,32.98,40.73,4.37,38.85,69.87,26.15,17.94,9,internal_medicine,<5_years,low,1,0
V778,colbert,300.0,0,4,148.12,68.88,100.0,33.76,100.0,14.25,100.0,65.3,1,hospital_medicine,<5_years,high,3,0
V778,cma,180.63,0,4,135.05,61.87,88.1,26.17,81.31,36.46,88.54,50.64,2,hospital_medicine,<5_years,high,3,1
V778,bm25,206.31,0,4,176.1,70.47,100.0,26.7,100.0,25.74,100.0,70.34,3,hospital_medicine,<5_years,high,3,0
V778,gdt,179.86,0,4,129.7,61.87,84.02,32.38,82.28,43.32,81.4,47.83,4,hospital_medicine,<5_years,high,3,1
V778,sdt,169.31,0,4,110.97,56.39,81.11,17.82,67.68,58.73,76.37,36.66,5,hospital_medicine,<5_years,high,3,1
V778,medcpt,186.06,0,4,138.79,65.68,99.09,30.3,88.98,39.38,87.9,48.41,6,hospital_medicine,<5_years,high,3,0
V778,llm_rag,172.57,0,4,179.32,61.39,84.33,26.8,82.98,43.77,89.29,41.15,7,hospital_medicine,<5_years,high,3,0
V778,graphcare,169.12,0,4,144.14,61.39,83.35,26.08,74.52,47.4,87.73,49.26,8,hospital_medicine,<5_years,high,3,0
V778,control,197.69,0,4,174.48,69.74,100.0,27.47,100.0,27.19,100.0,63.78,9,hospital_medicine,<5_years,high,3,0
V331,cma,39.68,1,2,135.18,36.92,39.68,9.01,41.77,76.43,38.34,16.27,1,internal_medicine,<5_years,low,0,1
V331,colbert,37.32,1,2,171.85,36.72,41.98,4.99,31.4,84.53,37.72,19.72,2,internal_medicine,<5_years,low,0,0
V331,control,45.82,1,2,196.69,45.43,47.14,15.46,48.14,75.39,52.65,33.81,3,internal_medicine,<5_years,low,0,0
V331,gdt,35.92,1,2,130.82,33.62,32.3,10.71,24.18,75.56,41.21,17.76,4,internal_medicine,<5_years,low,0,1
V331,sdt,37.19,1,2,105.27,28.68,25.56,10.92,15.9,79.39,23.09,17.24,5,internal_medicine,<5_years,low,0,1
V331,bm25,41.79,1,2,212.16,44.13,54.05,12.79,47.62,70.64,55.81,23.85,6,internal_medicine,<5_years,low,0,0
V331,medcpt,38.1,1,2,139.71,32.49,41.79,8.81,19.68,76.24,28.29,20.11,7,internal_medicine,<5_years,low,0,0
V331,graphcare,36.74,1,2,158.9,32.81,32.58,7.04,26.24,74.11,38.81,18.06,8,internal_medicine,<5_years,low,0,0
V331,llm_rag,35.87,1,2,157.91,33.33,37.67,11.69,26.16,76.49,29.5,18.49,9,internal_medicine,<5_years,low,0,0
V341,gdt,55.77,1,3,119.68,38.45,42.2,15.27,41.29,73.94,34.9,23.08,1,emergency,>=5_years,high,2,1
V341,sdt,56.55,1,3,116.04,30.3,29.89,9.2,34.51,71.53,28.31,8.34,2,emergency,>=5_years,high,2,1
V341,control,69.2,1,3,200.04,48.4,61.28,12.51,58.41,56.6,60.54,41.07,3,emergency,>=5_years,high,2,0
V341,cma,61.97,1,3,147.92,39.0,48.64,13.15,42.79,66.99,47.11,15.32,4,emergency,>=5_years,high,2,1
V341,medcpt,59.17,1,3,140.28,40.9,43.22,9.25,40.72,75.99,45.48,30.75,5,emergency,>=5_years,high,2,0
V341,bm25,65.74,1,3,197.7,47.85,62.11,13.67,55.6,61.59,60.73,33.41,6,emergency,>=5_years,high,2,0
V341,colbert,56.75,1,3,159.13,40.18,49.36,16.11,44.57,68.06,41.2,21.77,7,emergency,>=5_years,high,2,0
V341,graphcare,55.57,1,3,149.66,38.99,51.21,11.3,40.45,65.69,43.8,21.47,8,emergency,>=5_years,high,2,0
V341,llm_rag,56.7,1,3,157.4,39.07,48.5,14.71,39.35,68.93,42.08,20.83,9,emergency,>=5_years,high,2,0
V597,gdt,97.36,1,5,132.57,45.76,55.02,16.15,49.79,65.59,57.03,30.95,1,critical_care,<5_years,high,3,1
V597,control,112.44,1,5,193.59,59.99,80.81,27.85,75.06,48.36,76.19,51.7,2,critical_care,<5_years,high,3,0
V597,sdt,88.09,1,5,113.75,40.48,51.61,8.63,42.16,62.55,50.02,27.88,3,critical_care,<5_years,high,3,1
V597,llm_rag,90.96,1,5,159.69,46.01,57.83,13.11,49.15,55.41,63.79,36.8,4,critical_care,<5_years,high,3,0
V597,cma,103.76,1,5,147.58,50.8,63.0,19.15,56.74,66.81,63.65,35.45,5,critical_care,<5_years,high,3,1
V597,graphcare,91.99,1,5,144.73,46.41,52.86,14.59,55.71,57.89,62.03,35.4,6,critical_care,<5_years,high,3,0
V597,medcpt,101.35,1,5,129.28,51.19,63.29,27.26,61.19,53.39,66.49,35.54,7,critical_care,<5_years,high,3,0
V597,bm25,107.97,1,5,192.2,58.17,84.4,16.19,76.32,47.71,75.58,48.8,8,critical_care,<5_years,high,3,0
V597,colbert,96.43,1,5,151.68,46.97,61.29,18.3,56.47,55.42,59.06,31.3,9,critical_care,<5_years,high,3,0
V822,colbert,59.47,1,3,168.74,42.06,44.19,14.23,50.77,80.68,40.19,22.29,1,internal_medicine,>=5_years,high,2,0
V822,medcpt,52.21,1,3,138.4,39.65,41.37,14.29,37.61,81.2,36.68,26.74,2,internal_medicine,>=5_years,high,2,0
V822,sdt,53.6,1,3,107.46,30.25,30.24,4.73,32.79,69.92,30.01,13.8,3,internal_medicine,>=5_years,high,2,1
V822,cma,65.44,1,3,144.92,40.48,45.33,17.12,42.24,65.31,49.63,23.26,4,internal_medicine,>=5_years,high,2,1
V822,llm_rag,56.47,1,3,168.63,37.01,43.11,12.44,33.21,67.4,42.23,23.67,5,internal_medicine,>=5_years,high,2,0
V822,control,68.32,1,3,182.92,47.12,55.63,9.07,61.29,54.33,65.56,36.85,6,internal_medicine,>=5_years,high,2,0
V822,graphcare,58.03,1,3,151.79,39.32,47.39,12.49,34.84,72.28,43.91,25.04,7,internal_medicine,>=5_years,high,2,0
V822,bm25,70.02,1,3,187.86,48.91,60.53,17.6,66.95,49.83,62.45,36.11,8,internal_medicine,>=5_years,high,2,0
V822,gdt,58.2,1,3,139.68,36.71,45.28,11.33,35.88,71.05,39.66,17.07,9,internal_medicine,>=5_years,high,2,1
V779,graphcare,17.07,1,1,127.07,28.32,23.94,3.78,17.41,81.17,24.87,18.77,1,critical_care,<5_years,low,0,0
V779,cma,16.96,1,1,125.49,32.02,34.3,10.38,23.86,76.98,27.96,18.66,2,critical_care,<5_years,low,0,1
V779,gdt,18.96,1,1,126.09,30.09,23.27,10.32,28.0,86.87,21.21,10.87,3,critical_care,<5_years,low,0,1
V779,llm_rag,19.29,1,1,182.45,27.03,25.65,0.0,23.56,75.98,27.52,9.49,4,critical_care,<5_years,low,0,0
V779,bm25,28.26,1,1,202.59,40.52,47.3,17.71,41.02,68.4,44.44,24.27,5,critical_care,<5_years,low,0,0
V779,medcpt,21.96,1,1,158.36,31.05,30.69,10.54,23.9,77.3,25.28,18.59,6,critical_care,<5_years,low,0,0
V779,colbert,120.33,0,1,131.99,48.04,57.24,24.06,55.63,64.99,53.05,33.25,7,critical_care,<5_years,low,0,0
V779,control,21.41,1,1,179.25,37.22,40.69,5.38,37.68,70.71,40.02,28.86,8,critical_care,<5_years,low,0,0
V779,sdt,18.23,1,1,109.66,23.73,18.4,5.16,17.4,82.48,12.21,6.74,9,critical_care,<5_years,low,0,1
V639,gdt,19.85,1,1,139.11,29.75,23.65,14.29,20.66,74.93,27.29,17.7,1,internal_medicine,<5_years,low,0,1
V639,sdt,17.0,1,1,108.98,22.63,26.31,1.14,17.88,72.71,17.72,0.0,2,internal_medicine,<5_years,low,0,1
V639,medcpt,19.23,1,1,136.77,29.95,21.97,12.71,22.08,84.83,29.7,8.43,3,internal_medicine,<5_years,low,0,0
V639,bm25,24.78,1,1,188.39,39.98,39.2,14.7,38.63,77.21,41.69,28.42,4,internal_medicine,<5_years,low,0,0
V639,control,26.05,1,1,198.82,37.43,43.31,9.65,37.31,68.84,38.24,27.21,5,internal_medicine,<5_years,low,0,0
V639,colbert,21.05,1,1,191.23,31.18,23.75,3.33,34.19,85.03,29.33,11.45,6,internal_medicine,<5_years,low,0,0
V639,llm_rag,20.07,1,1,165.07,29.45,28.18,5.51,24.75,77.08,30.93,10.26,7,internal_medicine,<5_years,low,0,0
V639,cma,18.1,1,1,136.01,30.81,25.15,8.26,24.43,81.21,31.52,14.28,8,internal_medicine,<5_years,low,0,1
V639,graphcare,20.89,1,1,143.8,32.87,30.5,13.61,26.81,87.34,23.26,15.69,9,internal_medicine,<5_years,low,0,0
V662,cma,19.45,1,1,156.91,33.77,30.73,11.12,28.95,82.79,34.2,14.84,1,critical_care,<5_years,low,0,1
V662,gdt,19.74,1,1,136.29,29.45,29.28,9.44,25.04,80.43,23.67,8.82,2,critical_care,<5_years,low,0,1
V662,bm25,23.69,1,1,187.61,41.49,48.11,14.74,42.31,72.52,43.99,27.24,3,critical_care,<5_years,low,0,0
V662,sdt,20.45,1,1,151.03,24.37,20.12,4.53,15.14,84.97,15.3,6.16,4,critical_care,<5_years,low,0,1
V662,graphcare,20.63,1,1,128.73,29.46,23.28,9.27,21.91,83.9,22.78,15.61,5,critical_care,<5_years,low,0,0
V662,medcpt,19.08,1,1,140.26,29.52,27.46,3.0,24.09,83.39,24.61,14.55,6,critical_care,<5_years,low,0,0
V662,llm_rag,20.84,1,1,157.95,29.77,22.75,9.35,25.4,84.0,24.17,12.95,7,critical_care,<5_years,low,0,0
V662,control,20.1,1,1,213.4,37.17,44.97,13.22,35.53,77.28,33.42,18.63,8,critical_care,<5_years,low,0,0
V662,colbert,17.78,1,1,165.59,31.23,28.1,8.82,25.88,86.12,25.78,12.72,9,critical_care,<5_years,low,0,0
V038,sdt,36.99,1,2,105.93,28.47,26.43,11.69,25.31,77.18,25.96,4.23,1,hospital_medicine,>=5_years,low,1,1
V038,cma,39.02,1,2,157.67,35.79,42.42,17.11,34.15,72.92,32.14,16.0,2,hospital_medicine,>=5_years,low,1,1
V038,medcpt,42.23,1,2,128.34,33.69,33.46,10.73,27.59,77.86,31.66,20.85,3,hospital_medicine,>=5_years,low,1,0
V038,control,44.97,1,2,189.64,43.53,50.95,1.3,57.34,72.09,50.17,29.3,4,hospital_medicine,>=5_years,low,1,0
V038,llm_rag,38.88,1,2,177.29,32.07,35.02,11.06,27.84,71.28,30.6,16.64,5,hospital_medicine,>=5_years,low,1,0
V038,colbert,40.44,1,2,153.18,36.5,37.62,10.76,36.76,73.01,42.6,18.28,6,hospital_medicine,>=5_years,low,1,0
V038,gdt,36.83,1,2,124.65,32.22,30.76,14.02,28.21,75.99,31.31,13.03,7,hospital_medicine,>=5_years,low,1,1
V038,bm25,44.06,1,2,203.4,42.49,44.02,12.41,49.07,66.35,49.8,33.29,8,hospital_medicine,>=5_years,low,1,0
V038,graphcare,36.92,1,2,139.37,34.28,28.53,9.54,32.01,75.97,39.1,20.55,9,hospital_medicine,>=5_years,low,1,0
V279,sdt,86.52,1,5,112.34,39.15,47.26,11.08,42.21,61.83,52.36,20.16,1,hospital_medicine,>=5_years,high,4,1
V279,llm_rag,102.16,1,5,171.22,43.03,59.49,10.33,46.29,58.29,55.31,28.47,2,hospital_medicine,>=5_years,high,4,0
V279,graphcare,94.11,1,5,152.16,46.88,66.36,10.69,51.88,63.28,56.31,32.75,3,hospital_medicine,>=5_years,high,4,0
V279,bm25,119.74,1,5,183.66,58.74,78.48,27.25,79.49,44.71,76.26,46.26,4,hospital_medicine,>=5_years,high,4,0
V279,control,113.37,1,5,184.53,61.03,83.59,24.67,79.47,54.08,81.72,42.67,5,hospital_medicine,>=5_years,high,4,0
V279,cma,100.18,1,5,159.85,48.66,66.8,18.53,54.46,54.17,61.61,36.39,6,hospital_medicine,>=5_years,high,4,1
V279,colbert,103.21,1,5,162.44,48.36,67.34,19.08,54.71,55.97,59.14,33.93,7,hospital_medicine,>=5_years,high,4,0
V279,medcpt,103.59,1,5,149.6,48.44,67.7,16.19,59.94,57.31,55.27,34.24,8,hospital_medicine,>=5_years,high,4,0
V279,gdt,97.16,1,5,135.93,46.1,59.73,9.74,51.67,58.8,65.54,31.15,9,hospital_medicine,>=5_years,high,4,1
V882,medcpt,102.05,1,5,145.41,50.43,66.3,20.49,61.26,58.74,55.63,40.16,1,hospital_medicine,<5_years,high,3,0
V882,cma,95.04,1,5,146.61,49.21,62.39,17.47,54.34,67.17,58.87,35.04,2,hospital_medicine,<5_years,high,3,1
V882,sdt,85.25,1,5,121.33,41.34,50.07,16.47,45.66,63.89,46.43,25.53,3,hospital_medicine,<5_years,high,3,1
V882,bm25,115.91,1,5,180.73,60.09,79.95,20.21,79.34,45.93,86.68,48.4,4,hospital_medicine,<5_years,high,3,0
V882,colbert,96.86,1,5,147.05,48.98,67.49,16.48,56.02,63.19,56.57,34.13,5,hospital_medicine,<5_years,high,3,0
V882,control,110.66,1,5,187.32,58.35,88.03,16.32,79.83,39.86,82.85,43.24,6,hospital_medicine,<5_years,high,3,0
V882,graphcare,101.79,1,5,154.19,46.75,64.39,14.84,54.92,58.19,61.73,26.44,7,hospital_medicine,<5_years,high,3,0
V882,llm_rag,95.73,1,5,171.87,44.57,60.78,15.1,46.33,59.94,52.98,32.3,8,hospital_medicine,<5_years,high,3,0
V882,gdt,104.38,1,5,132.07,48.36,63.47,22.12,61.85,55.53,58.28,28.92,9,hospital_medicine,<5_years,high,3,1
V230,medcpt,102.84,1,5,142.82,48.47,63.37,14.0,60.37,59.15,62.3,31.63,1,critical_care,<5_years,high,3,0
V230,cma,105.08,1,5,151.31,52.44,69.33,17.4,62.3,63.66,65.5,36.47,2,critical_care,<5_years,high,3,1
V230,control,116.2,1,5,187.01,61.02,85.64,25.49,76.25,50.42,78.64,49.69,3,critical_care,<5_years,high,3,0
V230,sdt,95.04,1,5,117.34,41.92,48.73,10.29,49.79,69.05,50.71,22.92,4,critical_care,<5_years,high,3,1
V230,llm_rag,199.6,0,5,176.62,63.59,86.99,20.52,86.54,39.31,91.95,56.25,5,critical_care,<5_years,high,3,0
V230,gdt,99.52,1,5,126.27,49.17,59.89,16.61,54.1,62.8,66.33,35.29,6,critical_care,<5_years,high,3,1
V230,bm25,112.48,1,5,188.83,57.27,77.37,20.51,79.27,42.16,80.16,44.14,7,critical_care,<5_years,high,3,0
V230,colbert,96.92,1,5,155.59,46.78,68.21,16.57,50.58,61.51,56.47,27.36,8,critical_care,<5_years,high,3,0
V230,graphcare,96.37,1,5,160.32,48.19,60.63,16.84,58.14,62.79,59.09,31.63,9,critical_care,<5_years,high,3,0
V107,llm_rag,19.41,1,1,180.1,27.95,26.13,7.0,21.98,81.57,19.14,11.91,1,internal_medicine,<5_years,low,0,0
V107,sdt,18.95,1,1,107.97,23.72,19.62,6.19,16.13,78.84,16.12,5.43,2,internal_medicine,<5_years,low,0,1
V107,gdt,19.42,1,1,102.23,28.4,30.69,9.0,13.14,78.6,29.05,9.94,3,internal_medicine,<5_years,low,0,1
V107,cma,19.86,1,1,145.97,28.66,28.42,3.64,23.6,77.59,26.73,12.02,4,internal_medicine,<5_years,low,0,1
V107,graphcare,19.45,1,1,155.26,30.42,23.07,10.92,27.62,82.61,26.6,11.67,5,internal_medicine,<5_years,low,0,0
V107,medcpt,17.82,1,1,137.69,29.09,26.47,0.0,28.69,74.43,25.76,19.21,6,internal_medicine,<5_years,low,0,0
V107,control,20.82,1,1,179.79,36.52,46.14,11.79,36.91,70.54,40.03,13.74,7,internal_medicine,<5_years,low,0,0
V107,bm25,20.44,1,1,200.47,36.18,44.04,8.57,35.15,69.9,38.77,20.63,8,internal_medicine,<5_years,low,0,0
V107,colbert,18.19,1,1,185.02,33.26,27.99,6.91,28.54,84.15,35.78,16.18,9,internal_medicine,<5_years,low,0,0
V397,graphcare,76.97,1,4,148.33,45.02,47.48,18.66,56.51,62.26,55.38,29.83,1,critical_care,>=5_years,high,3,0
V397,cma,81.15,1,4,146.82,44.36,48.42,19.08,53.2,55.51,59.49,30.47,2,critical_care,>=5_years,high,3,1
V397,medcpt,79.22,1,4,149.56,41.66,58.98,9.82,50.98,59.97,47.33,22.86,3,critical_care,>=5_years,high,3,0
V397,bm25,92.23,1,4,184.65,53.06,68.04,16.12,64.03,61.09,72.23,36.85,4,critical_care,>=5_years,high,3,0
V397,gdt,78.89,1,4,123.15,45.08,53.7,13.39,50.31,72.6,52.11,28.38,5,critical_care,>=5_years,high,3,1
V397,colbert,80.01,1,4,154.59,46.02,55.08,16.46,53.0,66.74,54.47,30.37,6,critical_care,>=5_years,high,3,0
V397,llm_rag,78.13,1,4,165.54,45.34,55.01,14.6,47.7,70.24,57.77,26.74,7,critical_care,>=5_years,high,3,0
V397,sdt,73.98,1,4,120.78,35.25,42.32,12.24,30.15,69.61,41.4,15.75,8,critical_care,>=5_years,high,3,1
V397,control,98.7,1,4,190.65,57.06,71.19,23.56,68.83,57.78,75.42,45.56,9,critical_care,>=5_years,high,3,0
V357,medcpt,191.21,0,4,133.47,61.44,88.02,21.13,78.9,42.45,89.82,48.35,1,critical_care,>=5_years,high,2,0
V357,graphcare,179.8,0,4,152.89,60.78,85.64,25.67,85.26,44.01,78.96,45.18,2,critical_care,>=5_years,high,2,0
V357,cma,188.13,0,4,146.38,62.25,86.01,23.06,88.98,39.9,84.85,50.7,3,critical_care,>=5_years,high,2,1
V357,bm25,201.55,0,4,181.82,69.48,100.0,29.25,100.0,28.5,95.93,63.17,4,critical_care,>=5_years,high,2,0
V357,control,196.76,0,4,172.44,69.16,100.0,22.0,100.0,29.88,100.0,63.07,5,critical_care,>=5_years,high,2,0
V357,sdt,75.41,1,4,115.06,38.06,45.21,15.58,40.37,69.35,38.69,19.18,6,critical_care,>=5_years,high,2,1
V357,colbert,171.41,0,4,145.93,61.57,88.61,25.68,80.31,45.49,84.21,45.09,7,critical_care,>=5_years,high,2,0
V357,llm_rag,182.3,0,4,175.2,59.4,91.25,24.41,67.04,43.58,80.83,49.28,8,critical_care,>=5_years,high,2,0
V357,gdt,75.75,1,4,128.68,43.6,55.41,18.49,43.2,62.36,56.59,25.54,9,critical_care,>=5_years,high,2,1
V308,medcpt,79.96,1,4,141.02,43.1,51.65,19.41,45.92,60.82,55.02,25.8,1,internal_medicine,>=5_years,high,3,0
V308,control,98.25,1,4,184.06,56.48,74.34,21.97,64.61,58.09,71.85,48.01,2,internal_medicine,>=5_years,high,3,0
V308,graphcare,74.43,1,4,158.96,43.71,54.09,14.04,49.26,63.12,52.02,29.76,3,internal_medicine,>=5_years,high,3,0
V308,llm_rag,75.39,1,4,158.16,43.51,49.28,16.7,47.39,64.44,56.86,26.39,4,internal_medicine,>=5_years,high,3,0
V308,gdt,72.92,1,4,126.93,43.57,52.05,13.53,52.42,74.06,49.91,19.47,5,internal_medicine,>=5_years,high,3,1
V308,cma,80.85,1,4,139.31,43.44,54.92,13.79,47.51,66.18,48.66,29.61,6,internal_medicine,>=5_years,high,3,1
V308,sdt,81.38,1,4,108.24,38.8,42.89,13.98,40.99,73.44,43.5,17.98,7,internal_medicine,>=5_years,high,3,1
V308,colbert,83.72,1,4,170.15,43.15,57.21,10.66,45.93,57.48,56.36,31.26,8,internal_medicine,>=5_years,high,3,0
V308,bm25,97.18,1,4,202.51,55.37,78.55,25.95,70.34,48.01,65.23,44.12,9,internal_medicine,>=5_years,high,3,0
V763,graphcare,76.09,1,4,132.44,39.35,44.98,12.56,43.96,60.58,44.12,29.88,1,critical_care,<5_years,high,2,0
V763,medcpt,79.9,1,4,141.44,41.5,56.27,11.18,50.68,58.58,49.12,23.2,2,critical_care,<5_years,high,2,0
V763,sdt,73.29,1,4,107.68,35.72,46.61,9.78,32.62,72.7,32.21,20.4,3,critical_care,<5_years,high,2,1
V763,colbert,77.12,1,4,154.35,41.49,51.89,6.46,44.7,62.79,54.92,28.19,4,critical_care,<5_years,high,2,0
V763,gdt,75.89,1,4,130.15,39.03,54.16,10.33,41.75,59.16,41.79,27.01,5,critical_care,<5_years,high,2,1
V763,control,93.02,1,4,186.02,55.61,72.43,17.67,73.06,61.15,60.91,48.45,6,critical_care,<5_years,high,2,0
V763,cma,83.44,1,4,150.56,43.43,54.92,15.84,49.66,62.01,51.42,26.75,7,critical_care,<5_years,high,2,1
V763,llm_rag,70.69,1,4,171.47,39.67,51.67,12.52,43.64,64.2,40.11,25.88,8,critical_care,<5_years,high,2,0
V763,bm25,99.64,1,4,186.09,55.12,73.72,22.32,69.81,56.54,71.44,36.88,9,critical_care,<5_years,high,2,0
V312,graphcare,130.99,0,2,149.09,52.19,68.88,16.74,68.44,52.21,68.94,37.92,1,emergency,<5_years,low,1,0
V312,sdt,132.57,0,2,105.22,45.08,67.11,17.29,45.78,60.7,49.91,29.72,2,emergency,<5_years,low,1,1
V312,gdt,145.81,0,2,131.77,52.14,66.46,23.7,66.28,57.65,68.25,30.51,3,emergency,<5_years,low,1,1
V312,colbert,234.52,0,2,157.77,66.2,100.0,21.1,91.68,37.58,96.77,50.08,4,emergency,<5_years,low,1,0
V312,control,144.56,0,2,197.99,64.01,80.44,25.34,80.38,52.79,90.06,55.06,5,emergency,<5_years,low,1,0
V312,medcpt,134.99,0,2,159.48,50.61,65.85,16.69,63.91,50.3,69.23,37.71,6,emergency,<5_years,low,1,0
V312,cma,142.65,0,2,146.04,55.67,65.87,26.45,72.43,56.08,70.8,42.37,7,emergency,<5_years,low,1,1
V312,bm25,148.05,0,2,186.7,60.66,88.46,15.64,81.59,48.04,85.04,45.16,8,emergency,<5_years,low,1,0
V312,llm_rag,236.16,0,2,172.88,66.41,100.0,25.06,94.13,37.3,92.09,49.87,9,emergency,<5_years,low,1,0
V880,medcpt,103.09,1,5,131.45,49.93,69.54,19.73,56.31,59.21,61.78,33.01,1,critical_care,>=5_years,high,3,0
V880,bm25,213.21,0,5,200.77,71.14,100.0,29.15,100.0,31.15,100.0,66.54,2,critical_care,>=5_years,high,3,0
V880,llm_rag,101.9,1,5,165.44,48.31,57.55,17.17,54.12,65.12,63.8,32.11,3,critical_care,>=5_years,high,3,0
V880,graphcare,97.77,1,5,162.69,50.27,63.13,26.12,58.54,59.67,59.08,35.09,4,critical_care,>=5_years,high,3,0
V880,cma,103.15,1,5,148.64,50.72,66.02,14.25,63.11,62.29,72.16,26.49,5,critical_care,>=5_years,high,3,1
V880,control,120.05,1,5,183.73,59.82,84.19,29.29,81.44,47.76,76.38,39.84,6,critical_care,>=5_years,high,3,0
V880,sdt,89.71,1,5,108.61,41.73,51.85,10.04,49.6,55.26,48.58,35.05,7,critical_care,>=5_years,high,3,1
V880,gdt,95.97,1,5,122.71,49.32,64.8,12.98,61.0,62.26,59.5,35.38,8,critical_care,>=5_years,high,3,1
V880,colbert,96.8,1,5,159.4,49.97,64.49,22.79,55.42,60.47,57.11,39.58,9,critical_care,>=5_years,high,3,0
V695,control,91.42,1,4,187.45,52.74,73.72,15.07,71.56,52.34,60.55,43.19,1,hospital_medicine,>=5_years,high,2,0
V695,gdt,70.35,1,4,123.74,38.76,48.94,11.02,42.68,64.8,40.63,24.48,2,hospital_medicine,>=5_years,high,2,1
V695,medcpt,71.27,1,4,149.51,41.93,50.21,9.69,49.45,64.64,51.85,25.75,3,hospital_medicine,>=5_years,high,2,0
V695,llm_rag,168.32,0,4,164.08,57.04,81.32,24.43,70.7,43.83,80.25,41.68,4,hospital_medicine,>=5_years,high,2,0
V695,cma,84.52,1,4,143.43,46.79,63.86,14.77,57.21,67.88,51.51,25.51,5,hospital_medicine,>=5_years,high,2,1
V695,bm25,93.66,1,4,180.56,54.63,77.91,15.3,73.02,60.28,62.51,38.76,6,hospital_medicine,>=5_years,high,2,0
V695,sdt,74.35,1,4,116.84,38.76,42.01,11.99,43.97,67.35,49.16,18.06,7,hospital_medicine,>=5_years,high,2,1
V695,graphcare,82.48,1,4,147.06,45.31,56.83,16.39,51.77,64.15,52.73,29.95,8,hospital_medicine,>=5_years,high,2,0
V695,colbert,80.8,1,4,157.07,41.4,49.84,18.85,47.19,64.13,48.98,19.44,9,hospital_medicine,>=5_years,high,2,0
V056,graphcare,66.22,1,3,146.36,38.85,48.52,11.91,43.89,60.6,49.08,19.09,1,critical_care,>=5_years,high,2,0
V056,bm25,67.28,1,3,183.7,48.43,62.19,13.9,62.53,55.53,62.3,34.13,2,critical_care,>=5_years,high,2,0
V056,control,70.32,1,3,170.38,49.92,70.02,15.44,63.25,54.01,58.99,37.84,3,critical_care,>=5_years,high,2,0
V056,llm_rag,62.71,1,3,169.42,39.86,44.02,15.12,40.61,67.58,43.61,28.21,4,critical_care,>=5_years,high,2,0
V056,colbert,57.37,1,3,159.13,41.43,50.4,16.56,46.33,72.54,39.73,23.03,5,critical_care,>=5_years,high,2,0
V056,sdt,58.86,1,3,118.55,36.52,36.1,12.51,35.44,74.16,40.18,20.76,6,critical_care,>=5_years,high,2,1
V056,gdt,59.22,1,3,139.47,35.85,40.31,7.45,39.21,68.4,41.17,18.57,7,critical_care,>=5_years,high,2,1
V056,medcpt,58.5,1,3,156.64,40.81,49.27,10.4,35.94,72.95,47.11,29.19,8,critical_care,>=5_years,high,2,0
V056,cma,60.02,1,3,165.99,42.06,54.85,17.48,43.63,72.79,44.6,18.99,9,critical_care,>=5_years,high,2,1
V142,colbert,18.02,1,1,138.26,29.79,23.75,15.36,22.2,77.63,26.61,13.19,1,emergency,<5_years,low,0,0
V142,gdt,19.76,1,1,135.28,28.01,29.68,6.53,20.51,79.4,20.03,11.93,2,emergency,<5_years,low,0,1
V142,medcpt,18.9,1,1,138.37,31.63,30.55,9.79,24.98,77.92,29.82,16.72,3,emergency,<5_years,low,0,0
V142,llm_rag,22.33,1,1,200.13,30.99,24.01,5.45,25.65,80.41,26.84,23.59,4,emergency,<5_years,low,0,0
V142,control,22.0,1,1,206.43,37.18,38.46,10.08,41.67,76.45,35.02,21.37,5,emergency,<5_years,low,0,0
V142,cma,21.35,1,1,121.4,34.25,30.4,9.62,34.15,85.81,27.96,17.53,6,emergency,<5_years,low,0,1
V142,sdt,22.81,1,1,115.89,27.83,21.35,8.51,26.7,85.56,16.71,8.15,7,emergency,<5_years,low,0,1
V142,bm25,21.84,1,1,229.42,37.56,44.84,9.67,41.27,68.0,37.68,23.88,8,emergency,<5_years,low,0,0
V142,graphcare,16.69,1,1,152.99,28.64,27.39,12.41,19.05,80.17,25.97,6.83,9,emergency,<5_years,low,0,0
V900,gdt,38.32,1,2,132.65,32.7,31.79,12.0,31.12,76.17,29.56,15.54,1,critical_care,<5_years,low,0,1
V900,graphcare,36.04,1,2,128.97,34.96,39.45,10.68,32.24,77.96,31.21,18.21,2,critical_care,<5_years,low,0,0
V900,medcpt,36.2,1,2,136.08,38.04,45.59,13.9,33.11,78.05,34.24,23.34,3,critical_care,<5_years,low,0,0
V900,colbert,39.27,1,2,158.41,34.74,46.25,6.3,33.56,73.58,38.85,9.86,4,critical_care,<5_years,low,0,0
V900,control,50.98,1,2,192.87,45.28,46.97,16.58,55.36,68.3,53.28,31.17,5,critical_care,<5_years,low,0,0
V900,cma,42.07,1,2,140.31,35.73,39.19,5.56,41.59,71.95,41.86,14.24,6,critical_care,<5_years,low,0,1
V900,bm25,45.38,1,2,197.65,45.74,54.78,13.35,51.25,72.26,48.78,34.03,7,critical_care,<5_years,low,0,0
V900,sdt,42.87,1,2,119.3,28.49,30.14,7.99,20.14,76.64,29.76,6.26,8,critical_care,<5_years,low,0,1
V900,llm_rag,35.86,1,2,159.01,32.6,30.95,10.99,29.92,79.95,30.22,13.55,9,critical_care,<5_years,low,0,0
V011,sdt,71.88,1,4,118.59,37.95,46.79,11.07,47.4,69.78,30.42,22.22,1,hospital_medicine,<5_years,high,2,1
V011,colbert,71.7,1,4,159.8,40.44,45.62,16.23,47.02,64.1,46.56,23.13,2,hospital_medicine,<5_years,high,2,0
V011,cma,86.32,1,4,132.04,45.09,65.77,12.11,55.1,57.43,56.85,23.29,3,hospital_medicine,<5_years,high,2,1
V011,llm_rag,76.45,1,4,157.52,43.3,49.27,13.02,45.02,69.46,56.2,26.8,4,hospital_medicine,<5_years,high,2,0
V011,gdt,76.57,1,4,122.38,38.4,43.59,8.42,45.63,62.87,45.27,24.63,5,hospital_medicine,<5_years,high,2,1
V011,control,85.3,1,4,180.36,52.53,69.2,19.18,65.88,54.7,65.91,40.29,6,hospital_medicine,<5_years,high,2,0
V011,medcpt,78.49,1,4,130.72,42.73,51.33,13.77,47.23,58.26,52.52,33.27,7,hospital_medicine,<5_years,high,2,0
V011,graphcare,78.85,1,4,162.88,42.24,50.05,11.1,49.24,66.89,51.59,24.58,8,hospital_medicine,<5_years,high,2,0
V011,bm25,94.43,1,4,189.44,55.44,67.46,21.1,66.53,53.83,73.22,50.52,9,hospital_medicine,<5_years,high,2,0
V413,cma,58.74,1,3,149.48,40.5,47.02,11.33,44.14,73.22,42.59,24.7,1,internal_medicine,>=5_years,high,2,1
V413,control,68.3,1,3,183.12,49.62,64.27,23.42,54.5,59.19,64.28,32.03,2,internal_medicine,>=5_years,high,2,0
V413,llm_rag,65.16,1,3,170.22,39.69,45.13,21.48,32.9,63.74,48.14,26.75,3,internal_medicine,>=5_years,high,2,0
V413,graphcare,54.58,1,3,150.88,34.36,41.64,6.7,34.66,72.43,34.03,16.73,4,internal_medicine,>=5_years,high,2,0
V413,bm25,66.7,1,3,195.07,48.22,58.92,12.08,59.71,67.66,55.49,35.47,5,internal_medicine,>=5_years,high,2,0
V413,gdt,56.31,1,3,116.21,36.45,37.7,14.96,42.06,78.94,31.54,13.52,6,internal_medicine,>=5_years,high,2,1
V413,colbert,160.52,0,3,153.27,57.87,79.14,17.94,72.35,44.94,86.28,46.58,7,internal_medicine,>=5_years,high,2,0
V413,sdt,56.92,1,3,121.15,34.28,36.34,8.24,27.27,77.85,35.3,20.68,8,internal_medicine,>=5_years,high,2,1
V413,medcpt,62.68,1,3,153.0,40.26,40.87,18.36,45.36,67.1,48.57,21.32,9,internal_medicine,>=5_years,high,2,0
V170,bm25,120.54,1,5,175.47,61.38,87.97,25.79,77.81,47.63,77.68,51.37,1,internal_medicine,>=5_years,high,3,0
V170,medcpt,102.7,1,5,141.51,52.28,64.2,24.89,62.75,58.91,61.92,40.98,2,internal_medicine,>=5_years,high,3,0
V170,gdt,97.16,1,5,122.91,46.84,52.35,19.73,57.33,59.85,65.73,26.07,3,internal_medicine,>=5_years,high,3,1
V170,control,110.99,1,5,195.29,58.45,80.53,23.92,74.33,47.61,83.82,40.5,4,internal_medicine,>=5_years,high,3,0
V170,graphcare,104.57,1,5,138.12,48.26,63.8,18.27,60.95,52.13,63.14,31.27,5,internal_medicine,>=5_years,high,3,0
V170,cma,102.31,1,5,152.46,47.6,66.4,8.94,58.65,55.39,58.52,37.68,6,internal_medicine,>=5_years,high,3,1
V170,sdt,97.11,1,5,114.34,40.94,54.03,15.13,41.47,64.01,52.24,18.76,7,internal_medicine,>=5_years,high,3,1
V170,llm_rag,296.2,0,5,178.15,70.67,100.0,29.52,100.0,19.33,100.0,75.16,8,internal_medicine,>=5_years,high,3,0
V170,colbert,91.96,1,5,149.58,48.8,58.65,24.28,52.18,59.02,62.96,35.68,9,internal_medicine,>=5_years,high,3,0
V753,control,90.38,1,4,184.95,53.53,68.49,15.39,69.19,55.56,70.17,42.36,1,critical_care,<5_years,high,1,0
V753,cma,84.87,1,4,151.63,47.07,62.8,17.94,53.99,64.39,55.1,28.23,2,critical_care,<5_years,high,1,1
V753,colbert,75.39,1,4,153.22,42.97,52.22,16.81,51.35,57.38,50.34,29.74,3,critical_care,<5_years,high,1,0
V753,bm25,90.46,1,4,192.66,53.78,74.01,20.65,66.84,60.12,68.78,32.28,4,critical_care,<5_years,high,1,0
V753,sdt,68.18,1,4,103.63,39.42,41.61,19.1,39.63,71.44,44.14,20.58,5,critical_care,<5_years,high,1,1
V753,medcpt,76.53,1,4,147.16,46.92,62.52,15.88,54.3,62.06,56.17,30.61,6,critical_care,<5_years,high,1,0
V753,gdt,72.7,1,4,135.52,38.7,49.55,11.43,42.21,68.27,41.35,19.41,7,critical_care,<5_years,high,1,1
V753,llm_rag,277.85,0,4,165.23,70.99,100.0,31.51,100.0,29.32,100.0,65.14,8,critical_care,<5_years,high,1,0
V753,graphcare,76.23,1,4,149.85,42.79,56.83,17.29,45.24,63.91,46.03,27.46,9,critical_care,<5_years,high,1,0
V433,cma,300.0,0,4,136.37,71.05,100.0,37.06,100.0,18.25,100.0,71.0,1,internal_medicine,>=5_years,high,0,1
V433,control,300.0,0,4,167.02,70.52,100.0,36.85,100.0,2.73,100.0,83.51,2,internal_medicine,>=5_years,high,0,0
V433,gdt,72.42,1,4,115.4,42.85,45.57,17.17,50.7,62.56,50.57,30.55,3,internal_medicine,>=5_years,high,0,1
V433,colbert,300.0,0,4,144.68,72.58,100.0,42.46,100.0,16.56,100.0,76.47,4,internal_medicine,>=5_years,high,0,0
V433,graphcare,271.79,0,4,148.43,69.68,100.0,41.89,100.0,21.72,100.0,54.45,5,internal_medicine,>=5_years,high,0,0
V433,bm25,300.0,0,4,193.97,71.16,100.0,36.2,100.0,9.43,100.0,81.34,6,internal_medicine,>=5_years,high,0,0
V433,llm_rag,300.0,0,4,169.4,71.01,100.0,37.36,100.0,20.18,100.0,68.53,7,internal_medicine,>=5_years,high,0,0
V433,sdt,165.23,0,4,108.9,53.81,81.06,11.98,71.91,51.54,72.28,34.09,8,internal_medicine,>=5_years,high,0,1
V433,medcpt,300.0,0,4,143.89,71.15,100.0,36.38,100.0,12.88,100.0,77.65,9,internal_medicine,>=5_years,high,0,0
V952,sdt,17.4,1,1,130.63,24.95,15.89,4.46,16.16,89.68,20.3,3.23,1,critical_care,<5_years,low,0,1
V952,gdt,23.2,1,1,133.99,28.66,24.5,5.7,21.3,83.31,29.13,8.01,2,critical_care,<5_years,low,0,1
V952,llm_rag,20.35,1,1,161.11,29.47,26.87,8.91,20.01,78.87,23.3,18.87,3,critical_care,<5_years,low,0,0
V952,control,21.51,1,1,163.57,41.71,50.88,14.13,44.96,70.89,45.49,23.9,4,critical_care,<5_years,low,0,0
V952,bm25,25.0,1,1,144.0,40.0,47.19,9.76,35.58,76.48,42.5,28.5,5,critical_care,<5_years,low,0,0
V952,cma,18.08,1,1,161.44,31.99,37.71,10.0,28.15,75.39,25.43,15.23,6,critical_care,<5_years,low,0,1
V952,graphcare,20.97,1,1,139.6,28.02,29.75,5.82,24.95,80.41,20.08,7.09,7,critical_care,<5_years,low,0,0
V952,medcpt,19.17,1,1,126.63,31.64,31.32,7.28,29.38,81.24,30.6,10.03,8,critical_care,<5_years,low,0,0
V952,colbert,17.82,1,1,153.0,29.02,28.79,2.73,26.13,81.66,23.47,11.34,9,critical_care,<5_years,low,0,0
V154,medcpt,69.32,1,3,139.4,43.8,57.3,12.7,47.31,66.14,48.1,31.23,1,emergency,>=5_years,high,2,0
V154,control,64.76,1,3,187.98,47.62,51.59,12.94,65.85,62.11,55.01,38.22,2,emergency,>=5_years,high,2,0
V154,bm25,69.07,1,3,186.22,47.76,61.08,6.28,56.14,59.74,63.78,39.52,3,emergency,>=5_years,high,2,0
V154,gdt,56.37,1,3,127.08,38.85,44.38,23.02,37.68,77.5,38.14,12.39,4,emergency,>=5_years,high,2,1
V154,cma,66.03,1,3,149.07,43.11,49.1,20.29,46.88,65.77,55.94,20.71,5,emergency,>=5_years,high,2,1
V154,llm_rag,55.43,1,3,157.58,37.15,38.26,12.47,38.71,72.6,38.24,22.65,6,emergency,>=5_years,high,2,0
V154,sdt,55.76,1,3,118.06,32.15,35.5,6.1,30.65,75.42,34.64,10.57,7,emergency,>=5_years,high,2,1
V154,colbert,51.87,1,3,153.82,39.79,46.83,21.41,32.64,73.86,39.42,24.59,8,emergency,>=5_years,high,2,0
V154,graphcare,65.42,1,3,161.93,42.38,46.29,12.47,46.04,75.28,46.81,27.38,9,emergency,>=5_years,high,2,0
V608,cma,22.19,1,1,158.03,29.81,28.9,14.52,26.48,69.82,27.5,11.65,1,critical_care,>=5_years,low,0,1
V608,llm_rag,21.83,1,1,148.81,27.94,31.37,7.03,16.2,73.97,24.75,14.31,2,critical_care,>=5_years,low,0,0
V608,sdt,19.66,1,1,108.22,24.98,16.55,1.23,21.72,89.22,14.98,6.18,3,critical_care,>=5_years,low,0,1
V608,control,24.45,1,1,169.54,39.48,49.67,13.99,37.48,68.83,41.4,25.52,4,critical_care,>=5_years,low,0,0
V608,graphcare,20.34,1,1,150.32,30.59,25.17,13.18,28.71,85.93,23.78,6.76,5,critical_care,>=5_years,low,0,0
V608,medcpt,23.88,1,1,129.39,30.04,34.68,5.02,26.77,74.85,21.4,17.53,6,critical_care,>=5_years,low,0,0
V608,gdt,16.01,1,1,123.18,27.86,20.11,4.58,26.51,81.26,22.24,12.44,7,critical_care,>=5_years,low,0,1
V608,colbert,20.81,1,1,152.89,29.87,32.22,2.58,24.04,84.41,22.87,13.11,8,critical_care,>=5_years,low,0,0
V608,bm25,21.9,1,1,172.16,37.95,39.37,7.18,40.28,71.07,39.97,29.87,9,critical_care,>=5_years,low,0,0
V009,bm25,112.92,1,5,193.69,57.8,82.63,19.95,70.31,44.66,82.9,46.38,1,emergency,<5_years,high,4,0
V009,cma,102.83,1,5,143.21,50.26,66.37,11.31,64.14,53.09,69.43,37.21,2,emergency,<5_years,high,4,1
V009,sdt,97.36,1,5,111.37,40.21,56.44,13.87,42.72,58.94,45.31,23.99,3,emergency,<5_years,high,4,1
V009,medcpt,98.05,1,5,142.07,51.98,66.94,25.81,60.9,65.14,54.38,38.69,4,emergency,<5_years,high,4,0
V009,control,103.53,1,5,172.13,56.61,83.1,12.11,73.14,47.63,79.08,44.57,5,emergency,<5_years,high,4,0
V009,llm_rag,96.87,1,5,161.94,47.0,57.04,21.12,53.93,55.14,57.45,37.31,6,emergency,<5_years,high,4,0
V009,gdt,100.92,1,5,126.3,45.01,60.48,11.56,59.44,59.27,57.96,21.38,7,emergency,<5_years,high,4,1
V009,graphcare,94.74,1,5,157.52,50.42,61.39,16.22,59.5,71.0,59.73,34.69,8,emergency,<5_years,high,4,0
V009,colbert,88.02,1,5,152.27,46.18,62.13,18.93,54.71,54.83,57.04,29.45,9,emergency,<5_years,high,4,0
V192,sdt,50.26,1,3,114.9,33.79,35.5,15.51,31.52,77.56,22.25,20.39,1,internal_medicine,<5_years,low,0,1
V192,gdt,53.85,1,3,120.28,33.68,40.86,10.5,30.47,66.09,32.11,22.03,2,internal_medicine,<5_years,low,0,1
V192,colbert,61.7,1,3,153.38,40.08,43.43,12.67,42.74,76.29,44.61,20.72,3,internal_medicine,<5_years,low,0,0
V192,graphcare,60.97,1,3,138.05,37.03,43.49,10.32,36.96,71.76,37.21,22.47,4,internal_medicine,<5_years,low,0,0
V192,llm_rag,60.69,1,3,174.52,36.13,45.78,5.37,35.99,65.86,44.39,19.38,5,internal_medicine,<5_years,low,0,0
V192,medcpt,60.51,1,3,141.63,40.11,44.11,11.86,42.45,72.67,48.02,21.55,6,internal_medicine,<5_years,low,0,0
V192,control,72.84,1,3,192.7,49.12,69.19,16.54,59.57,54.92,59.37,35.14,7,internal_medicine,<5_years,low,0,0
V192,cma,56.43,1,3,142.11,40.22,45.85,15.92,48.43,61.91,48.39,20.85,8,internal_medicine,<5_years,low,0,1
V192,bm25,71.3,1,3,181.44,50.85,66.44,21.52,59.75,63.69,59.34,34.35,9,internal_medicine,<5_years,low,0,0
V669,bm25,51.75,1,2,174.62,43.2,58.36,10.27,46.58,61.35,52.3,30.35,1,critical_care,<5_years,low,1,0
V669,sdt,33.73,1,2,104.03,25.29,17.64,6.92,16.59,82.54,21.48,6.55,2,critical_care,<5_years,low,1,1
V669,gdt,39.09,1,2,132.3,32.17,32.54,12.75,26.44,76.5,27.85,16.96,3,critical_care,<5_years,low,1,1
V669,graphcare,39.79,1,2,146.65,31.29,29.95,7.87,28.16,73.31,26.53,21.9,4,critical_care,<5_years,low,1,0
V669,colbert,38.36,1,2,137.51,39.21,42.56,12.84,46.36,78.31,33.02,22.19,5,critical_care,<5_years,low,1,0
V669,medcpt,36.01,1,2,119.9,34.82,40.97,10.38,31.8,79.47,28.26,18.07,6,critical_care,<5_years,low,1,0
V669,llm_rag,35.1,1,2,175.92,31.65,25.47,6.18,29.45,76.37,33.38,19.07,7,critical_care,<5_years,low,1,0
V669,cma,40.4,1,2,131.44,34.49,37.34,5.11,38.28,78.71,33.18,14.33,8,critical_care,<5_years,low,1,1
V669,control,46.34,1,2,193.15,43.52,54.01,15.32,45.43,68.73,53.37,24.27,9,critical_care,<5_years,low,1,0
V746,cma,60.6,1,3,149.12,39.29,45.24,15.34,40.07,63.0,46.67,25.4,1,emergency,>=5_years,high,2,1
V746,sdt,49.7,1,3,122.55,28.85,31.48,8.59,21.04,71.75,23.64,16.58,2,emergency,>=5_years,high,2,1
V746,graphcare,58.88,1,3,161.81,39.05,43.76,15.08,40.88,75.72,41.11,17.73,3,emergency,>=5_years,high,2,0
V746,bm25,68.24,1,3,172.06,53.3,67.43,25.52,57.45,67.76,61.89,39.77,4,emergency,>=5_years,high,2,0
V746,control,68.03,1,3,175.28,50.16,69.59,15.27,59.39,65.53,54.1,37.07,5,emergency,>=5_years,high,2,0
V746,medcpt,60.48,1,3,138.1,38.56,50.0,8.1,39.94,71.34,36.69,25.26,6,emergency,>=5_years,high,2,0
V746,colbert,55.73,1,3,160.1,36.91,35.57,13.01,35.01,75.62,37.83,24.44,7,emergency,>=5_years,high,2,0
V746,llm_rag,62.38,1,3,170.14,44.37,53.54,16.34,50.79,69.09,50.19,26.24,8,emergency,>=5_years,high,2,0
V746,gdt,53.99,1,3,130.26,35.29,44.49,13.38,37.16,63.85,32.73,20.14,9,emergency,>=5_years,high,2,1
V497,medcpt,95.65,1,5,145.14,48.48,62.32,21.13,50.82,66.63,55.2,34.8,1,emergency,>=5_years,high,3,0
V497,llm_rag,189.1,0,5,163.87,64.66,95.25,22.55,91.87,36.19,91.96,50.16,2,emergency,>=5_years,high,3,0
V497,graphcare,97.79,1,5,140.33,48.67,59.49,16.7,56.4,59.83,61.81,37.78,3,emergency,>=5_years,high,3,0
V497,cma,98.4,1,5,143.23,50.42,57.39,21.66,62.87,62.77,63.48,34.36,4,emergency,>=5_years,high,3,1
V497,control,108.09,1,5,177.35,57.69,72.22,21.06,74.59,55.15,72.06,51.03,5,emergency,>=5_years,high,3,0
V497,bm25,122.57,1,5,190.82,57.89,80.57,16.94,76.53,50.26,78.24,44.83,6,emergency,>=5_years,high,3,0
V497,gdt,98.79,1,5,128.24,45.67,62.06,13.96,55.18,64.31,52.49,26.03,7,emergency,>=5_years,high,3,1
V497,colbert,106.46,1,5,153.7,47.81,64.43,20.03,60.09,52.26,59.84,30.21,8,emergency,>=5_years,high,3,0
V497,sdt,89.93,1,5,117.17,42.87,53.35,20.03,43.57,68.6,48.6,23.09,9,emergency,>=5_years,high,3,1
V327,cma,39.54,1,2,146.38,34.63,39.58,11.7,29.34,72.17,35.42,19.61,1,critical_care,<5_years,low,0,1
V327,llm_rag,41.23,1,2,155.55,35.54,36.12,10.74,39.1,73.96,35.33,17.98,2,critical_care,<5_years,low,0,0
V327,colbert,40.71,1,2,160.34,35.76,46.02,10.77,30.44,71.08,36.91,19.37,3,critical_care,<5_years,low,0,0
V327,graphcare,34.98,1,2,175.31,34.8,40.76,12.44,24.3,81.69,29.19,20.45,4,critical_care,<5_years,low,0,0
V327,bm25,43.98,1,2,177.88,42.19,46.78,12.54,50.78,67.55,52.11,23.39,5,critical_care,<5_years,low,0,0
V327,medcpt,39.73,1,2,131.59,35.53,34.46,6.09,37.46,74.59,38.59,21.97,6,critical_care,<5_years,low,0,0
V327,control,56.24,1,2,202.36,46.12,56.56,17.29,58.65,61.78,49.35,33.09,7,critical_care,<5_years,low,0,0
V327,gdt,35.99,1,2,144.32,32.84,33.26,11.53,31.46,74.83,33.19,12.79,8,critical_care,<5_years,low,0,1
V327,sdt,37.65,1,2,109.76,27.04,23.75,12.12,20.78,77.02,20.58,7.99,9,critical_care,<5_years,low,0,1
V049,gdt,101.44,1,5,136.88,46.88,60.44,14.25,53.16,64.17,60.29,29.0,1,hospital_medicine,<5_years,high,3,1
V049,graphcare,98.29,1,5,160.48,48.7,63.8,22.27,56.23,63.82,52.9,33.17,2,hospital_medicine,<5_years,high,3,0
V049,cma,104.66,1,5,148.53,51.26,63.57,19.27,65.07,56.13,61.07,42.42,3,hospital_medicine,<5_years,high,3,1
V049,bm25,117.39,1,5,180.7,58.68,77.89,19.65,85.14,36.61,88.78,44.03,4,hospital_medicine,<5_years,high,3,0
V049,colbert,103.61,1,5,167.89,45.58,67.33,11.49,54.92,57.38,55.39,26.97,5,hospital_medicine,<5_years,high,3,0
V049,sdt,93.0,1,5,129.31,40.62,48.81,11.63,40.04,63.36,50.92,28.97,6,hospital_medicine,<5_years,high,3,1
V049,control,115.76,1,5,190.15,60.13,80.02,19.31,84.02,49.98,79.7,47.74,7,hospital_medicine,<5_years,high,3,0
V049,medcpt,96.24,1,5,144.22,49.59,69.3,14.87,62.49,61.14,63.2,26.53,8,hospital_medicine,<5_years,high,3,0
V049,llm_rag,300.0,0,5,154.41,71.24,100.0,37.33,100.0,17.7,100.0,72.41,9,hospital_medicine,<5_years,high,3,0
V568,graphcare,37.58,1,2,148.93,35.26,36.73,10.24,29.7,74.98,37.16,22.78,1,hospital_medicine,<5_years,low,1,0
V568,llm_rag,36.76,1,2,149.58,31.72,33.9,6.74,26.22,79.47,34.4,9.58,2,hospital_medicine,<5_years,low,1,0
V568,control,40.65,1,2,196.0,40.99,49.77,5.16,50.84,65.73,49.53,24.9,3,hospital_medicine,<5_years,low,1,0
V568,sdt,32.81,1,2,113.24,28.46,26.96,11.09,22.82,77.84,21.7,10.37,4,hospital_medicine,<5_years,low,1,1
V568,bm25,53.68,1,2,198.05,43.96,54.13,12.99,49.48,64.87,55.84,26.45,5,hospital_medicine,<5_years,low,1,0
V568,cma,40.34,1,2,138.19,36.99,33.77,16.72,36.68,78.38,35.57,20.84,6,hospital_medicine,<5_years,low,1,1
V568,medcpt,39.76,1,2,143.42,38.3,36.98,11.52,40.73,75.31,39.55,25.7,7,hospital_medicine,<5_years,low,1,0
V568,colbert,38.47,1,2,144.8,36.37,38.73,17.55,32.27,70.34,39.11,20.23,8,hospital_medicine,<5_years,low,1,0
V568,gdt,38.04,1,2,131.77,32.21,34.74,10.88,26.47,69.73,27.19,24.24,9,hospital_medicine,<5_years,low,1,1
V064,medcpt,64.22,1,3,140.57,41.82,47.34,15.64,40.21,75.03,46.92,25.79,1,critical_care,<5_years,high,2,0
V064,llm_rag,59.15,1,3,158.49,38.18,39.62,14.92,33.48,76.02,43.75,21.3,2,critical_care,<5_years,high,2,0
V064,bm25,71.02,1,3,192.1,51.38,65.26,22.58,58.85,61.78,61.59,38.25,3,critical_care,<5_years,high,2,0
V064,gdt,57.55,1,3,124.61,39.17,46.62,13.52,36.91,70.07,38.42,29.49,4,critical_care,<5_years,high,2,1
V064,colbert,61.26,1,3,165.18,38.25,44.57,9.97,39.67,66.07,39.19,29.99,5,critical_care,<5_years,high,2,0
V064,control,69.65,1,3,185.67,48.22,65.23,15.57,56.51,58.05,60.23,33.72,6,critical_care,<5_years,high,2,0
V064,sdt,51.7,1,3,113.85,31.85,30.32,6.19,31.47,74.47,38.51,10.16,7,critical_care,<5_years,high,2,1
V064,graphcare,61.83,1,3,156.71,35.88,40.56,8.28,35.5,63.52,45.32,22.12,8,critical_care,<5_years,high,2,0
V064,cma,57.75,1,3,136.92,41.99,52.49,13.37,47.03,68.99,46.72,23.34,9,critical_care,<5_years,high,2,1
V615,gdt,96.95,1,5,120.53,44.63,50.9,18.36,50.87,55.27,62.05,30.32,1,internal_medicine,<5_years,high,4,1
V615,graphcare,100.78,1,5,149.46,49.29,61.35,18.06,58.97,57.13,57.77,42.44,2,internal_medicine,<5_years,high,4,0
V615,medcpt,100.51,1,5,130.08,50.98,61.56,23.72,59.16,65.23,58.81,37.37,3,internal_medicine,<5_years,high,4,0
V615,bm25,118.41,1,5,190.94,59.92,87.98,18.11,79.81,50.88,76.59,46.17,4,internal_medicine,<5_years,high,4,0
V615,control,117.23,1,5,170.02,59.59,82.43,19.29,80.63,45.38,78.61,51.18,5,internal_medicine,<5_years,high,4,0
V615,llm_rag,98.2,1,5,150.0,48.25,64.04,17.89,56.8,62.39,53.62,34.78,6,internal_medicine,<5_years,high,4,0
V615,cma,98.5,1,5,146.99,49.47,65.68,17.61,61.88,53.51,63.0,35.13,7,internal_medicine,<5_years,high,4,1
V615,colbert,102.56,1,5,151.92,46.26,56.23,19.92,57.43,57.87,57.7,28.44,8,internal_medicine,<5_years,high,4,0
V615,sdt,91.23,1,5,104.04,41.99,48.24,9.21,56.97,64.1,53.35,20.09,9,internal_medicine,<5_years,high,4,1
V811,cma,82.06,1,4,151.0,45.29,61.59,9.43,57.69,62.74,55.18,25.1,1,emergency,>=5_years,high,3,1
V811,sdt,71.05,1,4,110.34,37.87,42.83,18.57,40.27,70.26,38.14,17.15,2,emergency,>=5_years,high,3,1
V811,medcpt,85.66,1,4,146.82,45.37,53.38,21.0,52.12,53.79,59.3,32.63,3,emergency,>=5_years,high,3,0
V811,control,89.7,1,4,204.53,51.73,65.83,17.02,63.1,58.85,66.98,38.6,4,emergency,>=5_years,high,3,0
V811,llm_rag,77.98,1,4,169.14,43.68,56.31,24.8,47.9,62.07,47.06,23.94,5,emergency,>=5_years,high,3,0
V811,bm25,92.03,1,4,179.58,53.61,67.99,16.31,72.49,60.82,65.76,38.27,6,emergency,>=5_years,high,3,0
V811,graphcare,73.81,1,4,162.47,38.17,51.19,12.29,45.87,60.65,40.77,18.24,7,emergency,>=5_years,high,3,0
V811,colbert,78.09,1,4,146.91,42.6,53.4,11.12,54.66,57.05,48.97,30.41,8,emergency,>=5_years,high,3,0
V811,gdt,75.94,1,4,128.56,42.58,54.42,18.8,51.52,64.53,36.88,29.34,9,emergency,>=5_years,high,3,1
V875,bm25,24.48,1,1,218.03,39.63,40.65,13.83,41.75,73.05,43.46,25.04,1,emergency,>=5_years,low,0,0
V875,llm_rag,16.0,1,1,150.8,26.67,25.78,2.2,22.24,72.1,24.87,12.84,2,emergency,>=5_years,low,0,0
V875,sdt,15.44,1,1,105.29,22.85,20.01,11.35,13.9,79.13,10.26,2.43,3,emergency,>=5_years,low,0,1
V875,colbert,17.87,1,1,161.56,27.02,28.82,7.44,16.01,76.1,27.47,6.3,4,emergency,>=5_years,low,0,0
V875,medcpt,19.12,1,1,127.31,31.84,28.83,0.0,25.08,83.32,31.04,22.76,5,emergency,>=5_years,low,0,0
V875,control,21.66,1,1,184.79,40.84,49.04,10.74,43.64,76.88,43.52,21.24,6,emergency,>=5_years,low,0,0
V875,cma,20.77,1,1,169.19,31.36,30.69,11.09,20.37,84.31,23.71,18.02,7,emergency,>=5_years,low,0,1
V875,graphcare,23.1,1,1,180.32,29.48,33.51,7.63,17.1,76.38,31.78,10.45,8,emergency,>=5_years,low,0,0
V875,gdt,19.59,1,1,103.51,30.28,26.4,12.77,20.87,83.11,28.34,10.19,9,emergency,>=5_years,low,0,1
V362,medcpt,97.65,1,5,133.53,49.41,64.74,15.44,63.65,57.68,60.92,34.04,1,critical_care,<5_years,high,2,0
V362,graphcare,94.15,1,5,156.62,43.64,59.88,10.57,51.67,51.07,58.31,30.31,2,critical_care,<5_years,high,2,0
V362,cma,94.98,1,5,143.08,50.02,66.94,18.38,58.34,60.54,61.94,34.0,3,critical_care,<5_years,high,2,1
V362,colbert,97.7,1,5,149.78,47.27,57.67,19.77,52.2,59.62,58.01,36.38,4,critical_care,<5_years,high,2,0
V362,llm_rag,105.77,1,5,176.55,49.02,66.32,22.31,58.02,50.22,63.37,33.89,5,critical_care,<5_years,high,2,0
V362,control,111.05,1,5,201.04,58.47,74.93,22.65,80.0,48.15,78.73,46.38,6,critical_care,<5_years,high,2,0
V362,gdt,96.82,1,5,121.58,46.82,60.29,19.64,52.26,61.89,56.7,30.15,7,critical_care,<5_years,high,2,1
V362,bm25,107.52,1,5,179.18,57.23,76.76,17.58,80.03,48.38,70.05,50.61,8,critical_care,<5_years,high,2,0
V362,sdt,87.1,1,5,111.15,41.83,53.5,16.51,53.89,58.36,47.42,21.28,9,critical_care,<5_years,high,2,1
V750,medcpt,56.79,1,3,136.6,40.06,51.02,6.46,44.33,72.35,40.8,25.4,1,emergency,<5_years,high,2,0
V750,bm25,67.94,1,3,207.94,50.13,59.49,17.23,58.05,63.17,66.07,36.79,2,emergency,<5_years,high,2,0
V750,cma,55.87,1,3,146.3,39.86,47.25,14.23,42.3,71.28,49.81,14.31,3,emergency,<5_years,high,2,1
V750,colbert,60.18,1,3,162.98,38.62,38.11,12.97,42.75,68.15,46.48,23.29,4,emergency,<5_years,high,2,0
V750,sdt,55.36,1,3,101.82,34.46,36.67,6.49,35.14,79.38,31.88,17.21,5,emergency,<5_years,high,2,1
V750,graphcare,56.71,1,3,144.97,39.92,43.94,14.32,44.01,70.11,46.2,20.91,6,emergency,<5_years,high,2,0
V750,llm_rag,59.05,1,3,168.03,39.64,45.31,18.18,35.49,77.3,45.2,16.34,7,emergency,<5_years,high,2,0
V750,gdt,58.76,1,3,127.17,37.52,36.34,13.59,37.47,74.88,43.21,19.61,8,emergency,<5_years,high,2,1
V750,control,75.53,1,3,191.94,50.46,62.03,21.44,61.62,64.53,60.95,32.18,9,emergency,<5_years,high,2,0
V722,control,23.92,1,1,175.1,38.64,43.12,14.54,43.7,66.0,38.1,26.36,1,hospital_medicine,<5_years,low,0,0
V722,graphcare,16.94,1,1,163.85,30.49,27.63,13.35,22.16,82.37,25.99,11.44,2,hospital_medicine,<5_years,low,0,0
V722,colbert,20.53,1,1,154.29,32.33,34.67,7.68,26.27,81.39,28.0,16.0,3,hospital_medicine,<5_years,low,0,0
V722,medcpt,19.25,1,1,127.57,30.02,22.23,10.9,20.04,81.72,29.26,15.97,4,hospital_medicine,<5_years,low,0,0
V722,llm_rag,18.12,1,1,177.97,30.01,29.34,9.01,25.46,84.12,17.82,14.33,5,hospital_medicine,<5_years,low,0,0
V722,bm25,26.18,1,1,172.29,41.29,48.59,11.3,46.08,72.1,42.26,27.39,6,hospital_medicine,<5_years,low,0,0
V722,sdt,20.48,1,1,100.04,25.26,16.98,6.41,19.16,87.37,14.72,6.95,7,hospital_medicine,<5_years,low,0,1
V722,cma,20.79,1,1,140.22,31.26,29.5,9.69,26.05,84.13,22.22,15.97,8,hospital_medicine,<5_years,low,0,1
V722,gdt,21.4,1,1,100.73,31.15,24.04,4.18,25.13,84.96,30.33,18.25,9,hospital_medicine,<5_years,low,0,1
V911,bm25,115.32,1,5,197.47,59.28,79.41,18.78,74.95,54.46,78.19,49.91,1,emergency,>=5_years,high,3,0
V911,sdt,87.25,1,5,113.26,43.33,51.47,12.78,41.55,73.36,52.66,28.18,2,emergency,>=5_years,high,3,1
V911,colbert,98.08,1,5,149.11,48.0,57.69,17.1,61.38,59.68,59.26,32.86,3,emergency,>=5_years,high,3,0
V911,gdt,100.03,1,5,141.09,44.3,57.32,13.35,50.9,58.89,54.89,30.45,4,emergency,>=5_years,high,3,1
V911,graphcare,96.51,1,5,157.78,50.26,63.38,22.65,58.53,62.61,61.19,33.18,5,emergency,>=5_years,high,3,0
V911,control,120.59,1,5,197.95,60.38,77.77,23.38,79.87,60.44,78.14,42.7,6,emergency,>=5_years,high,3,0
V911,llm_rag,100.36,1,5,166.43,48.9,65.67,22.03,56.91,54.96,61.08,32.73,7,emergency,>=5_years,high,3,0
V911,medcpt,101.58,1,5,136.96,52.31,69.07,10.53,68.55,61.58,67.62,36.48,8,emergency,>=5_years,high,3,0
V911,cma,101.54,1,5,152.99,50.99,60.35,23.04,61.11,57.19,65.27,39.01,9,emergency,>=5_years,high,3,1
V988,medcpt,64.29,1,3,131.36,39.21,48.68,17.28,35.32,69.8,41.69,22.51,1,hospital_medicine,>=5_years,high,2,0
V988,colbert,67.11,1,3,147.39,41.89,45.81,21.31,46.24,66.06,44.5,27.44,2,hospital_medicine,>=5_years,high,2,0
V988,cma,64.25,1,3,155.44,41.34,47.94,15.04,49.62,64.66,50.92,19.86,3,hospital_medicine,>=5_years,high,2,1
V988,llm_rag,57.72,1,3,172.17,37.38,44.94,14.43,41.95,62.47,40.62,19.86,4,hospital_medicine,>=5_years,high,2,0
V988,control,72.03,1,3,187.52,48.96,63.96,18.2,60.05,57.58,60.46,33.52,5,hospital_medicine,>=5_years,high,2,0
V988,gdt,62.52,1,3,115.4,41.1,46.39,14.07,42.15,71.89,46.89,25.22,6,hospital_medicine,>=5_years,high,2,1
V988,bm25,70.77,1,3,179.75,51.51,70.11,18.41,61.89,65.78,62.95,29.9,7,hospital_medicine,>=5_years,high,2,0
V988,graphcare,54.5,1,3,139.71,39.98,49.62,11.1,43.68,68.64,41.45,25.4,8,hospital_medicine,>=5_years,high,2,0
V988,sdt,53.26,1,3,104.37,33.76,42.44,15.36,25.33,76.6,32.6,10.21,9,hospital_medicine,>=5_years,high,2,1
V586,sdt,49.85,1,3,107.26,32.5,37.53,9.26,31.21,73.66,31.81,11.5,1,emergency,<5_years,low,1,1
V586,bm25,68.32,1,3,200.28,46.72,58.73,13.66,57.08,54.91,57.24,38.68,2,emergency,<5_years,low,1,0
V586,llm_rag,59.87,1,3,172.98,39.67,43.93,13.92,42.96,71.19,46.65,19.36,3,emergency,<5_years,low,1,0
V586,graphcare,60.05,1,3,140.75,39.35,49.07,12.78,33.76,65.21,45.72,29.56,4,emergency,<5_years,low,1,0
V586,colbert,59.57,1,3,161.03,41.2,48.46,18.8,38.88,63.66,49.29,28.08,5,emergency,<5_years,low,1,0
V586,cma,58.34,1,3,150.96,41.46,47.13,13.53,41.04,66.1,49.51,31.44,6,emergency,<5_years,low,1,1
V586,gdt,55.07,1,3,128.62,38.13,40.28,16.84,38.34,70.96,38.22,24.15,7,emergency,<5_years,low,1,1
V586,control,65.54,1,3,181.68,46.43,61.46,13.19,59.83,52.27,60.13,31.71,8,emergency,<5_years,low,1,0
V586,medcpt,57.06,1,3,157.55,40.8,49.01,13.54,41.67,69.92,43.66,26.99,9,emergency,<5_years,low,1,0
V076,medcpt,19.04,1,1,142.59,30.02,25.1,6.93,20.96,81.12,28.56,17.42,1,critical_care,<5_years,low,0,0
V076,graphcare,18.38,1,1,159.19,26.53,26.05,10.25,23.88,74.28,20.74,3.96,2,critical_care,<5_years,low,0,0
V076,colbert,19.13,1,1,172.24,28.93,27.78,7.25,21.0,77.49,26.57,13.5,3,critical_care,<5_years,low,0,0
V076,cma,19.74,1,1,134.4,31.83,30.83,13.35,19.88,82.25,31.64,13.0,4,critical_care,<5_years,low,0,1
V076,llm_rag,19.19,1,1,152.86,31.28,35.99,10.95,23.42,77.13,25.53,14.64,5,critical_care,<5_years,low,0,0
V076,sdt,16.15,1,1,98.23,26.47,14.37,16.78,14.76,83.94,24.2,4.79,6,critical_care,<5_years,low,0,1
V076,bm25,22.26,1,1,226.55,39.52,39.15,15.35,44.31,76.3,35.05,26.98,7,critical_care,<5_years,low,0,0
V076,control,25.65,1,1,158.64,40.56,47.85,11.87,40.35,69.12,49.4,24.76,8,critical_care,<5_years,low,0,0
V076,gdt,17.82,1,1,135.43,31.68,24.34,9.32,22.98,86.0,27.57,19.85,9,critical_care,<5_years,low,0,1
V204,bm25,41.74,1,2,190.7,45.31,54.78,16.74,50.99,71.46,48.72,29.18,1,critical_care,>=5_years,low,1,0
V204,colbert,39.46,1,2,165.7,33.75,32.94,9.96,25.12,82.07,37.16,15.24,2,critical_care,>=5_years,low,1,0
V204,sdt,36.05,1,2,98.24,29.26,24.31,11.08,17.93,79.5,26.94,15.79,3,critical_care,>=5_years,low,1,1
V204,cma,40.98,1,2,148.57,38.78,44.23,12.27,42.48,75.12,34.73,23.86,4,critical_care,>=5_years,low,1,1
V204,medcpt,39.49,1,2,146.68,35.58,35.44,11.29,28.86,77.93,31.47,28.5,5,critical_care,>=5_years,low,1,0
V204,gdt,40.96,1,2,143.01,33.11,37.38,11.87,30.86,73.86,28.36,16.34,6,critical_care,>=5_years,low,1,1
V204,graphcare,37.51,1,2,150.15,35.47,37.9,10.3,34.71,77.62,35.84,16.44,7,critical_care,>=5_years,low,1,0
V204,llm_rag,41.72,1,2,173.06,34.1,32.69,13.31,30.11,76.14,34.27,18.07,8,critical_care,>=5_years,low,1,0
V204,control,44.48,1,2,201.92,44.33,55.97,13.95,47.51,63.44,55.95,29.16,9,critical_care,>=5_years,low,1,0
V328,gdt,96.86,1,5,129.74,43.63,55.07,10.14,49.53,51.53,62.1,33.43,1,emergency,<5_years,high,2,1
V328,control,218.77,0,5,185.52,70.27,100.0,23.04,100.0,27.45,100.0,71.12,2,emergency,<5_years,high,2,0
V328,bm25,226.6,0,5,183.04,70.99,100.0,36.9,100.0,21.48,100.0,67.57,3,emergency,<5_years,high,2,0
V328,cma,197.76,0,5,151.23,67.7,97.75,23.95,93.78,39.86,93.34,57.49,4,emergency,<5_years,high,2,1
V328,medcpt,193.05,0,5,138.03,64.49,87.55,21.7,89.41,36.82,94.82,56.65,5,emergency,<5_years,high,2,0
V328,graphcare,189.54,0,5,145.1,63.08,81.78,26.32,88.77,40.96,84.34,56.35,6,emergency,<5_years,high,2,0
V328,llm_rag,298.56,0,5,152.71,71.29,100.0,31.18,100.0,21.57,100.0,75.0,7,emergency,<5_years,high,2,0
V328,sdt,89.77,1,5,116.34,42.27,58.35,10.57,41.12,73.7,48.69,21.19,8,emergency,<5_years,high,2,1
V328,colbert,202.98,0,5,142.68,67.29,100.0,23.82,92.13,34.0,92.29,61.5,9,emergency,<5_years,high,2,0
V461,control,99.47,1,4,190.88,57.8,77.48,21.53,75.36,57.92,67.88,46.63,1,hospital_medicine,<5_years,high,3,0
V461,cma,73.96,1,4,150.22,43.62,46.43,12.29,54.44,66.52,55.27,26.75,2,hospital_medicine,<5_years,high,3,1
V461,sdt,72.64,1,4,117.05,38.56,42.91,10.29,38.29,71.53,50.85,17.51,3,hospital_medicine,<5_years,high,3,1
V461,colbert,77.58,1,4,162.21,42.11,51.04,9.58,51.35,66.35,49.89,24.46,4,hospital_medicine,<5_years,high,3,0
V461,gdt,80.51,1,4,122.85,45.01,53.47,16.88,44.34,67.28,60.3,27.76,5,hospital_medicine,<5_years,high,3,1
V461,medcpt,175.02,0,4,144.2,62.71,86.39,22.64,78.44,36.3,100.0,52.49,6,hospital_medicine,<5_years,high,3,0
V461,graphcare,72.37,1,4,153.7,43.77,51.0,6.52,47.35,69.19,51.61,36.94,7,hospital_medicine,<5_years,high,3,0
V461,bm25,95.2,1,4,175.47,56.88,74.11,22.12,71.96,56.41,71.56,45.09,8,hospital_medicine,<5_years,high,3,0
V461,llm_rag,166.72,0,4,172.96,60.29,85.58,26.21,75.14,47.01,83.01,44.76,9,hospital_medicine,<5_years,high,3,0
V496,bm25,25.39,1,1,173.08,39.78,45.93,16.68,47.77,70.58,41.49,16.23,1,hospital_medicine,<5_years,low,0,0
V496,sdt,18.54,1,1,107.83,21.71,15.56,2.89,6.74,83.45,17.6,4.02,2,hospital_medicine,<5_years,low,0,1
V496,control,22.94,1,1,189.27,37.74,39.8,10.31,33.36,79.48,41.06,22.41,3,hospital_medicine,<5_years,low,0,0
V496,medcpt,20.51,1,1,133.13,28.51,23.86,0.0,26.05,83.19,25.66,12.28,4,hospital_medicine,<5_years,low,0,0
V496,cma,20.24,1,1,150.46,31.26,23.06,10.89,29.62,79.04,31.87,13.08,5,hospital_medicine,<5_years,low,0,1
V496,gdt,18.38,1,1,113.38,26.81,29.82,5.58,15.99,79.63,20.89,8.96,6,hospital_medicine,<5_years,low,0,1
V496,colbert,19.58,1,1,127.6,33.81,31.16,13.21,28.3,81.61,34.64,13.95,7,hospital_medicine,<5_years,low,0,0
V496,graphcare,16.58,1,1,178.76,25.75,19.22,1.25,17.63,76.31,32.64,7.45,8,hospital_medicine,<5_years,low,0,0
V496,llm_rag,19.19,1,1,121.77,29.23,30.79,5.73,23.24,77.23,30.44,7.98,9,hospital_medicine,<5_years,low,0,0
V530,graphcare,20.22,1,1,134.59,31.56,29.14,10.88,23.79,83.39,21.24,20.91,1,critical_care,>=5_years,low,0,0
V530,gdt,17.73,1,1,126.14,27.92,20.74,11.93,23.9,85.4,20.91,4.66,2,critical_care,>=5_years,low,0,1
V530,control,20.84,1,1,172.13,41.63,51.37,13.14,39.03,78.63,39.93,27.69,3,critical_care,>=5_years,low,0,0
V530,llm_rag,19.3,1,1,173.82,29.83,23.72,5.96,25.54,85.63,24.89,13.27,4,critical_care,>=5_years,low,0,0
V530,medcpt,19.07,1,1,166.51,27.9,31.38,2.95,26.06,77.02,20.6,9.38,5,critical_care,>=5_years,low,0,0
V530,bm25,21.69,1,1,168.3,38.8,46.19,9.29,40.79,70.26,44.66,21.61,6,critical_care,>=5_years,low,0,0
V530,sdt,17.84,1,1,131.4,22.53,16.81,9.43,14.09,77.97,10.71,6.17,7,critical_care,>=5_years,low,0,1
V530,cma,21.08,1,1,146.02,30.5,31.97,7.99,28.79,77.14,22.44,14.68,8,critical_care,>=5_years,low,0,1
V530,colbert,18.98,1,1,174.18,31.04,29.67,9.62,27.9,84.18,24.06,10.82,9,critical_care,>=5_years,low,0,0
V386,medcpt,74.66,1,4,137.87,43.65,53.76,12.35,51.6,65.84,51.68,26.7,1,critical_care,<5_years,high,1,0
V386,llm_rag,78.24,1,4,160.59,44.03,47.03,17.98,48.98,73.19,51.52,25.5,2,critical_care,<5_years,high,1,0
V386,colbert,84.8,1,4,157.78,43.79,52.22,16.04,50.04,58.45,58.96,27.01,3,critical_care,<5_years,high,1,0
V386,sdt,69.84,1,4,114.36,36.98,47.93,16.5,34.95,65.23,35.49,21.78,4,critical_care,<5_years,high,1,1
V386,bm25,92.24,1,4,185.19,52.8,69.44,21.93,69.99,48.81,65.33,41.32,5,critical_care,<5_years,high,1,0
V386,graphcare,79.64,1,4,164.26,44.19,57.78,13.68,55.7,61.29,52.72,23.96,6,critical_care,<5_years,high,1,0
V386,control,89.87,1,4,188.43,55.96,73.62,20.33,67.31,57.1,79.49,37.91,7,critical_care,<5_years,high,1,0
V386,gdt,72.31,1,4,122.31,43.61,56.6,11.3,43.28,71.88,53.21,25.39,8,critical_care,<5_years,high,1,1
V386,cma,77.48,1,4,148.08,42.82,48.04,21.21,49.5,66.07,41.93,30.17,9,critical_care,<5_years,high,1,1
V745,bm25,19.65,1,1,208.83,40.84,45.93,12.6,36.8,75.94,41.77,32.0,1,internal_medicine,<5_years,low,0,0
V745,colbert,19.98,1,1,168.65,30.94,35.88,4.12,30.4,82.31,23.88,9.05,2,internal_medicine,<5_years,low,0,0
V745,sdt,21.18,1,1,114.9,24.13,16.75,1.77,12.49,81.49,25.42,6.88,3,internal_medicine,<5_years,low,0,1
V745,gdt,18.79,1,1,114.83,30.6,29.3,9.23,29.58,79.02,28.83,7.65,4,internal_medicine,<5_years,low,0,1
V745,llm_rag,22.46,1,1,173.88,28.24,24.49,11.7,25.38,72.91,20.39,14.59,5,internal_medicine,<5_years,low,0,0
V745,graphcare,23.39,1,1,151.26,32.43,30.24,15.76,22.82,84.6,22.2,18.95,6,internal_medicine,<5_years,low,0,0
V745,medcpt,17.23,1,1,128.26,28.11,22.26,6.74,23.11,81.81,30.78,3.95,7,internal_medicine,<5_years,low,0,0
V745,cma,20.52,1,1,136.29,28.63,27.15,2.97,20.85,80.35,29.26,11.22,8,internal_medicine,<5_years,low,0,1
V745,control,21.16,1,1,195.0,39.51,42.74,11.24,39.31,73.44,42.34,28.02,9,internal_medicine,<5_years,low,0,0
V820,control,160.49,0,2,178.28,65.68,95.25,23.17,82.06,49.31,90.41,53.89,1,emergency,<5_years,low,1,0
V820,bm25,153.81,0,2,186.44,59.68,80.18,27.52,80.21,42.23,75.89,52.04,2,emergency,<5_years,low,1,0
V820,llm_rag,132.71,0,2,168.66,49.87,64.11,16.36,60.48,58.75,60.27,39.25,3,emergency,<5_years,low,1,0
V820,medcpt,132.47,0,2,150.06,49.88,63.71,16.7,62.45,54.01,63.21,39.19,4,emergency,<5_years,low,1,0
V820,graphcare,139.86,0,2,152.18,51.95,70.74,21.84,63.48,51.37,69.2,35.11,5,emergency,<5_years,low,1,0
V820,colbert,137.23,0,2,152.7,52.51,70.97,16.38,68.49,56.29,66.51,36.41,6,emergency,<5_years,low,1,0
V820,sdt,36.47,1,2,120.63,28.77,30.3,0.34,21.45,74.16,29.17,17.22,7,emergency,<5_years,low,1,1
V820,gdt,37.25,1,2,139.32,32.36,29.81,9.94,35.23,81.59,32.56,5.0,8,emergency,<5_years,low,1,1
V820,cma,138.17,0,2,172.53,52.6,68.98,20.65,71.1,51.04,65.58,38.25,9,emergency,<5_years,low,1,1
V334,colbert,182.99,0,5,159.47,61.29,87.0,25.2,83.63,40.53,83.89,47.48,1,internal_medicine,>=5_years,high,4,0
V334,gdt,90.58,1,5,129.4,46.16,55.64,18.05,56.32,64.13,57.99,24.85,2,internal_medicine,>=5_years,high,4,1
V334,medcpt,99.13,1,5,139.47,48.61,61.5,25.53,56.81,55.78,60.81,31.21,3,internal_medicine,>=5_years,high,4,0
V334,control,117.77,1,5,194.36,57.06,83.13,17.85,68.2,47.13,77.75,48.31,4,internal_medicine,>=5_years,high,4,0
V334,graphcare,97.78,1,5,155.3,47.94,67.48,17.55,57.92,65.58,56.99,22.13,5,internal_medicine,>=5_years,high,4,0
V334,bm25,228.78,0,5,177.68,69.66,100.0,25.09,100.0,26.61,100.0,66.24,6,internal_medicine,>=5_years,high,4,0
V334,sdt,92.76,1,5,105.28,43.44,54.09,12.05,51.11,65.12,46.57,31.68,7,internal_medicine,>=5_years,high,4,1
V334,llm_rag,95.54,1,5,159.49,44.22,55.85,12.97,50.39,56.59,58.33,31.22,8,internal_medicine,>=5_years,high,4,0
V334,cma,97.08,1,5,145.23,46.64,54.97,20.77,57.84,53.37,60.85,32.06,9,internal_medicine,>=5_years,high,4,1
V978,control,25.8,1,1,164.85,38.93,47.0,12.93,42.29,74.45,41.29,15.63,1,emergency,<5_years,low,0,0
V978,llm_rag,18.51,1,1,159.86,27.55,21.23,5.98,22.9,77.62,24.09,13.5,2,emergency,<5_years,low,0,0
V978,colbert,113.42,0,1,150.68,44.06,59.88,10.33,52.78,56.84,55.65,28.86,3,emergency,<5_years,low,0,0
V978,medcpt,20.69,1,1,128.44,30.78,27.52,8.14,22.82,75.42,32.96,17.81,4,emergency,<5_years,low,0,0
V978,bm25,22.43,1,1,199.53,38.51,44.21,13.91,31.13,72.39,46.4,23.02,5,emergency,<5_years,low,0,0
V978,cma,18.96,1,1,145.3,28.74,20.36,6.37,24.56,80.26,28.14,12.74,6,emergency,<5_years,low,0,1
V978,gdt,20.49,1,1,124.76,29.09,27.91,9.07,21.39,76.86,28.95,10.41,7,emergency,<5_years,low,0,1
V978,sdt,17.84,1,1,106.05,28.51,22.86,10.36,11.42,87.61,28.79,10.0,8,emergency,<5_years,low,0,1
V978,graphcare,18.01,1,1,155.15,28.56,28.09,11.07,21.71,76.01,21.38,13.09,9,emergency,<5_years,low,0,0
V620,medcpt,102.84,1,5,149.28,47.48,57.56,17.21,61.26,52.59,62.14,34.14,1,emergency,<5_years,high,3,0
V620,colbert,95.19,1,5,167.79,46.16,56.9,13.69,53.9,55.28,63.94,33.26,2,emergency,<5_years,high,3,0
V620,bm25,215.72,0,5,184.66,71.04,100.0,27.45,100.0,33.72,100.0,65.06,3,emergency,<5_years,high,3,0
V620,cma,204.59,0,5,152.91,67.38,100.0,29.19,87.13,32.95,99.01,55.98,4,emergency,<5_years,high,3,1
V620,control,242.8,0,5,181.24,68.6,100.0,25.05,100.0,12.8,100.0,73.75,5,emergency,<5_years,high,3,0
V620,sdt,93.0,1,5,107.81,41.82,54.13,16.61,38.01,65.37,46.3,30.52,6,emergency,<5_years,high,3,1
V620,llm_rag,198.8,0,5,167.32,64.45,94.9,23.92,86.73,38.13,87.04,55.97,7,emergency,<5_years,high,3,0
V620,graphcare,199.86,0,5,144.99,66.89,96.83,27.21,87.66,36.94,99.81,52.88,8,emergency,<5_years,high,3,0
V620,gdt,195.8,0,5,137.28,68.0,91.89,30.51,87.19,42.58,99.07,56.72,9,emergency,<5_years,high,3,1
V968,bm25,277.43,0,3,188.77,70.68,100.0,32.35,100.0,10.63,100.0,81.08,1,internal_medicine,>=5_years,low,1,0
V968,cma,161.94,0,3,139.07,61.14,83.18,32.6,74.72,47.65,83.74,44.94,2,internal_medicine,>=5_years,low,1,1
V968,sdt,151.85,0,3,123.04,50.54,68.97,17.58,59.27,56.1,71.01,30.29,3,internal_medicine,>=5_years,low,1,1
V968,colbert,249.55,0,3,154.98,67.9,100.0,25.87,96.47,28.08,100.0,56.97,4,internal_medicine,>=5_years,low,1,0
V968,control,163.92,0,3,196.9,67.57,92.57,29.87,92.33,39.83,93.65,57.19,5,internal_medicine,>=5_years,low,1,0
V968,graphcare,152.74,0,3,155.45,52.67,69.98,22.49,73.42,46.2,67.74,36.19,6,internal_medicine,>=5_years,low,1,0
V968,gdt,155.28,0,3,130.7,53.61,73.51,24.33,69.43,46.88,72.02,35.47,7,internal_medicine,>=5_years,low,1,1
V968,medcpt,148.16,0,3,142.33,53.61,75.13,23.46,68.71,47.04,70.11,37.2,8,internal_medicine,>=5_years,low,1,0
V968,llm_rag,251.09,0,3,158.16,70.69,100.0,33.35,96.82,35.88,100.0,58.07,9,internal_medicine,>=5_years,low,1,0
V914,cma,63.38,1,3,137.02,43.07,49.47,16.35,48.48,72.5,44.33,27.26,1,emergency,<5_years,high,2,1
V914,colbert,55.01,1,3,170.24,39.1,47.98,15.48,41.67,69.54,36.02,23.89,2,emergency,<5_years,high,2,0
V914,bm25,68.46,1,3,200.09,50.31,65.09,14.66,62.02,58.23,60.62,41.26,3,emergency,<5_years,high,2,0
V914,llm_rag,58.88,1,3,153.92,40.17,46.19,12.76,39.16,74.69,45.92,22.3,4,emergency,<5_years,high,2,0
V914,medcpt,63.92,1,3,139.48,40.18,47.39,10.12,48.0,67.77,50.46,17.35,5,emergency,<5_years,high,2,0
V914,graphcare,58.55,1,3,161.18,36.02,46.99,8.68,36.97,67.33,39.81,16.35,6,emergency,<5_years,high,2,0
V914,control,67.52,1,3,186.26,50.39,61.76,15.66,62.99,61.53,66.7,33.7,7,emergency,<5_years,high,2,0
V914,gdt,53.11,1,3,131.24,34.74,42.54,4.04,28.53,67.51,42.34,23.49,8,emergency,<5_years,high,2,1
V914,sdt,51.61,1,3,116.12,33.98,36.76,8.14,31.49,76.74,30.47,20.29,9,emergency,<5_years,high,2,1
V359,bm25,39.03,1,2,179.18,41.55,52.11,6.64,41.65,73.48,46.61,28.82,1,internal_medicine,<5_years,low,1,0
V359,control,45.84,1,2,166.69,43.92,59.43,8.04,49.76,66.38,47.37,32.54,2,internal_medicine,<5_years,low,1,0
V359,gdt,40.09,1,2,123.19,32.08,38.39,5.51,27.42,74.93,33.6,12.64,3,internal_medicine,<5_years,low,1,1
V359,sdt,34.31,1,2,109.91,28.24,25.92,8.9,20.98,77.58,23.52,12.57,4,internal_medicine,<5_years,low,1,1
V359,cma,37.16,1,2,149.09,37.15,33.79,4.02,37.58,80.43,42.5,24.57,5,internal_medicine,<5_years,low,1,1
V359,colbert,37.22,1,2,142.72,32.88,40.22,11.84,33.91,68.68,28.6,14.06,6,internal_medicine,<5_years,low,1,0
V359,medcpt,39.56,1,2,128.42,36.5,41.48,15.93,35.87,76.46,33.56,15.71,7,internal_medicine,<5_years,low,1,0
V359,llm_rag,40.19,1,2,138.66,32.91,29.64,13.77,36.63,69.54,33.37,14.54,8,internal_medicine,<5_years,low,1,0
V359,graphcare,38.67,1,2,159.2,34.64,37.97,7.62,29.51,74.6,45.47,12.65,9,internal_medicine,<5_years,low,1,0
V499,medcpt,76.27,1,4,148.77,46.92,53.79,20.47,47.6,72.26,51.32,36.07,1,hospital_medicine,<5_years,high,3,0
V499,colbert,80.84,1,4,151.78,41.85,49.78,16.1,46.03,61.1,45.96,32.14,2,hospital_medicine,<5_years,high,3,0
V499,graphcare,75.94,1,4,158.89,42.75,52.92,17.2,41.39,62.25,51.03,31.71,3,hospital_medicine,<5_years,high,3,0
V499,control,83.36,1,4,187.25,56.67,72.86,35.55,64.22,61.0,62.13,44.27,4,hospital_medicine,<5_years,high,3,0
V499,sdt,72.7,1,4,115.57,36.24,40.7,13.88,33.62,72.61,34.48,22.14,5,hospital_medicine,<5_years,high,3,1
V499,llm_rag,70.96,1,4,162.68,43.9,56.58,13.02,50.5,61.32,49.66,32.31,6,hospital_medicine,<5_years,high,3,0
V499,cma,80.66,1,4,141.84,45.68,52.18,16.22,53.38,59.28,59.61,33.38,7,hospital_medicine,<5_years,high,3,1
V499,gdt,72.58,1,4,124.06,43.27,59.79,16.23,44.62,68.89,43.85,26.25,8,hospital_medicine,<5_years,high,3,1
V499,bm25,90.89,1,4,188.91,54.76,70.22,17.78,70.48,51.76,73.33,44.99,9,hospital_medicine,<5_years,high,3,0
V409,graphcare,132.98,0,2,135.66,52.68,69.7,11.54,69.62,59.71,68.89,36.61,1,internal_medicine,<5_years,low,1,0
V409,gdt,39.77,1,2,129.97,32.41,33.8,7.7,27.53,75.56,35.2,14.64,2,internal_medicine,<5_years,low,1,1
V409,control,153.37,0,2,178.1,63.42,88.47,25.87,89.32,40.51,87.2,49.16,3,internal_medicine,<5_years,low,1,0
V409,cma,137.96,0,2,150.5,50.47,66.93,23.37,61.0,45.48,67.44,38.57,4,internal_medicine,<5_years,low,1,1
V409,medcpt,41.89,1,2,139.51,35.49,36.27,8.84,39.19,75.51,39.17,13.96,5,internal_medicine,<5_years,low,1,0
V409,bm25,157.46,0,2,196.9,63.96,91.77,18.44,85.09,46.03,87.63,54.8,6,internal_medicine,<5_years,low,1,0
V409,sdt,33.55,1,2,103.12,29.53,22.86,11.51,22.35,84.1,26.7,9.67,7,internal_medicine,<5_years,low,1,1
V409,llm_rag,43.03,1,2,177.19,32.56,39.39,8.61,32.39,71.52,33.9,9.58,8,internal_medicine,<5_years,low,1,0
V409,colbert,33.05,1,2,134.37,32.62,30.96,3.08,28.27,80.85,37.8,14.75,9,internal_medicine,<5_years,low,1,0
V345,gdt,74.32,1,4,133.83,40.21,52.88,15.89,42.68,59.35,50.54,19.93,1,hospital_medicine,<5_years,high,2,1
V345,graphcare,70.47,1,4,151.68,39.69,44.71,12.52,43.82,68.3,49.6,19.17,2,hospital_medicine,<5_years,high,2,0
V345,llm_rag,75.45,1,4,175.02,43.04,52.58,13.21,50.15,67.55,51.49,23.25,3,hospital_medicine,<5_years,high,2,0
V345,control,88.0,1,4,188.23,53.98,68.01,21.57,68.32,57.57,72.69,35.74,4,hospital_medicine,<5_years,high,2,0
V345,medcpt,81.94,1,4,139.33,44.9,57.56,20.89,49.27,61.62,52.97,27.11,5,hospital_medicine,<5_years,high,2,0
V345,bm25,82.95,1,4,199.96,50.49,66.22,16.6,64.52,50.88,70.07,34.66,6,hospital_medicine,<5_years,high,2,0
V345,cma,81.38,1,4,145.12,43.14,47.64,12.84,51.42,62.67,61.12,23.17,7,hospital_medicine,<5_years,high,2,1
V345,sdt,66.56,1,4,115.56,34.16,34.61,14.91,30.12,68.14,37.84,19.34,8,hospital_medicine,<5_years,high,2,1
V345,colbert,75.68,1,4,168.21,45.06,55.53,19.07,54.46,58.76,49.59,32.95,9,hospital_medicine,<5_years,high,2,0
V876,cma,109.38,1,5,137.52,54.97,70.8,22.07,63.53,59.07,69.74,44.65,1,hospital_medicine,<5_years,high,4,1
V876,graphcare,99.16,1,5,152.46,47.84,60.07,14.81,66.28,57.67,51.2,37.01,2,hospital_medicine,<5_years,high,4,0
V876,medcpt,94.21,1,5,142.18,49.11,61.7,21.07,60.27,56.6,61.08,33.93,3,hospital_medicine,<5_years,high,4,0
V876,control,103.23,1,5,185.06,57.28,76.3,15.63,77.71,53.39,78.8,41.85,4,hospital_medicine,<5_years,high,4,0
V876,sdt,92.05,1,5,109.13,44.84,47.1,14.94,49.31,75.53,50.81,31.34,5,hospital_medicine,<5_years,high,4,1
V876,colbert,95.88,1,5,156.17,45.99,63.49,11.89,55.92,54.0,57.26,33.39,6,hospital_medicine,<5_years,high,4,0
V876,bm25,119.63,1,5,187.43,57.55,83.7,25.92,68.94,43.21,74.89,48.62,7,hospital_medicine,<5_years,high,4,0
V876,llm_rag,99.57,1,5,160.43,45.87,58.37,19.61,52.51,53.17,55.08,36.46,8,hospital_medicine,<5_years,high,4,0
V876,gdt,92.21,1,5,125.98,47.59,58.28,18.93,55.78,63.13,52.48,36.98,9,hospital_medicine,<5_years,high,4,1
V340,sdt,21.11,1,1,112.17,22.61,14.82,0.0,19.75,80.31,20.4,0.4,1,hospital_medicine,>=5_years,low,0,1
V340,graphcare,20.02,1,1,147.96,30.94,30.02,8.13,19.68,80.51,22.67,24.62,2,hospital_medicine,>=5_years,low,0,0
V340,llm_rag,23.49,1,1,174.36,31.69,22.45,11.66,26.37,80.78,27.98,20.91,3,hospital_medicine,>=5_years,low,0,0
V340,cma,21.63,1,1,140.85,32.57,33.87,14.95,30.52,73.62,29.46,13.0,4,hospital_medicine,>=5_years,low,0,1
V340,gdt,18.67,1,1,118.78,26.65,29.45,1.44,23.32,76.63,24.05,4.98,5,hospital_medicine,>=5_years,low,0,1
V340,colbert,17.02,1,1,162.88,30.17,31.29,12.88,20.53,80.94,26.36,9.03,6,hospital_medicine,>=5_years,low,0,0
V340,control,21.97,1,1,179.23,39.26,47.81,10.06,40.17,72.81,42.93,21.79,7,hospital_medicine,>=5_years,low,0,0
V340,medcpt,20.06,1,1,140.73,27.14,29.46,3.49,17.1,74.96,25.61,12.22,8,hospital_medicine,>=5_years,low,0,0
V340,bm25,20.42,1,1,156.6,39.42,40.02,8.02,43.61,79.53,41.74,23.58,9,hospital_medicine,>=5_years,low,0,0
V696,medcpt,61.09,1,3,136.83,40.74,40.84,16.95,38.27,69.45,52.69,26.22,1,critical_care,<5_years,high,2,0
V696,gdt,55.09,1,3,121.91,35.74,36.29,6.96,41.91,71.7,40.47,17.1,2,critical_care,<5_years,high,2,1
V696,control,66.33,1,3,175.38,48.73,58.9,13.84,61.16,59.19,63.67,35.59,3,critical_care,<5_years,high,2,0
V696,cma,59.33,1,3,157.24,39.13,46.49,12.36,42.0,64.7,37.22,31.99,4,critical_care,<5_years,high,2,1
V696,graphcare,56.59,1,3,145.05,37.96,41.72,14.93,41.18,67.73,39.79,22.41,5,critical_care,<5_years,high,2,0
V696,sdt,55.11,1,3,100.41,31.33,31.15,13.08,31.33,70.12,28.31,14.01,6,critical_care,<5_years,high,2,1
V696,colbert,55.96,1,3,184.19,37.98,42.65,12.77,32.75,70.59,45.01,24.14,7,critical_care,<5_years,high,2,0
V696,llm_rag,56.37,1,3,165.62,39.49,37.57,15.14,41.19,69.47,50.85,22.7,8,critical_care,<5_years,high,2,0
V696,bm25,72.63,1,3,206.39,48.7,68.08,20.36,63.01,56.17,50.63,33.96,9,critical_care,<5_years,high,2,0
V747,medcpt,96.78,1,5,131.35,52.58,67.74,19.68,65.07,62.59,57.73,42.68,1,hospital_medicine,>=5_years,high,4,0
V747,colbert,101.31,1,5,158.53,46.57,62.35,18.22,59.46,53.19,55.53,30.69,2,hospital_medicine,>=5_years,high,4,0
V747,sdt,91.53,1,5,114.77,39.18,50.55,6.7,43.42,61.32,49.2,23.86,3,hospital_medicine,>=5_years,high,4,1
V747,gdt,102.89,1,5,118.97,47.62,60.91,16.87,56.35,63.99,56.85,30.76,4,hospital_medicine,>=5_years,high,4,1
V747,llm_rag,93.93,1,5,164.25,43.73,59.44,11.41,47.11,61.55,53.09,29.8,5,hospital_medicine,>=5_years,high,4,0
V747,control,116.71,1,5,192.94,60.59,85.05,25.08,79.02,46.48,82.86,45.08,6,hospital_medicine,>=5_years,high,4,0
V747,cma,105.91,1,5,141.12,51.35,66.29,24.7,62.18,62.36,60.33,32.24,7,hospital_medicine,>=5_years,high,4,1
V747,bm25,222.93,0,5,185.19,70.41,100.0,28.87,100.0,20.86,100.0,72.71,8,hospital_medicine,>=5_years,high,4,0
V747,graphcare,100.92,1,5,155.23,49.37,61.23,12.37,63.15,67.4,55.48,36.58,9,hospital_medicine,>=5_years,high,4,0
V557,control,24.77,1,1,216.79,40.91,47.85,12.37,37.36,72.76,47.51,27.62,1,critical_care,>=5_years,low,0,0
V557,graphcare,18.98,1,1,146.12,30.79,25.63,9.47,20.32,86.64,27.68,14.98,2,critical_care,>=5_years,low,0,0
V557,colbert,19.35,1,1,202.57,29.95,31.46,9.24,23.14,82.7,26.28,6.87,3,critical_care,>=5_years,low,0,0
V557,sdt,18.99,1,1,109.75,25.97,20.63,7.48,15.94,77.38,24.05,10.37,4,critical_care,>=5_years,low,0,1
V557,bm25,23.73,1,1,161.12,39.69,38.95,13.13,41.58,75.3,40.52,28.66,5,critical_care,>=5_years,low,0,0
V557,gdt,18.29,1,1,113.47,28.35,27.89,0.33,24.01,80.26,26.3,11.29,6,critical_care,>=5_years,low,0,1
V557,cma,20.72,1,1,181.45,29.76,27.33,4.98,31.45,76.72,24.53,13.56,7,critical_care,>=5_years,low,0,1
V557,llm_rag,17.53,1,1,155.01,30.42,27.48,4.72,22.07,85.38,32.3,10.55,8,critical_care,>=5_years,low,0,0
V557,medcpt,20.27,1,1,142.43,32.79,29.87,10.53,26.42,79.75,35.03,15.14,9,critical_care,>=5_years,low,0,0
V428,medcpt,100.19,1,5,137.55,49.62,72.36,19.26,53.94,58.51,68.41,25.25,1,critical_care,<5_years,high,4,0
V428,bm25,115.03,1,5,197.95,59.91,79.25,26.88,81.66,47.43,80.79,43.45,2,critical_care,<5_years,high,4,0
V428,control,106.65,1,5,184.94,58.0,77.11,22.87,73.91,46.55,82.49,45.11,3,critical_care,<5_years,high,4,0
V428,gdt,89.07,1,5,125.24,46.5,60.0,19.56,49.7,59.43,58.01,32.3,4,critical_care,<5_years,high,4,1
V428,graphcare,95.06,1,5,152.09,45.78,55.98,25.4,50.5,61.47,51.98,29.33,5,critical_care,<5_years,high,4,0
V428,sdt,95.02,1,5,108.06,41.34,56.52,10.19,49.79,57.37,55.74,18.42,6,critical_care,<5_years,high,4,1
V428,cma,103.75,1,5,144.89,46.92,67.59,14.91,52.83,55.5,56.53,34.18,7,critical_care,<5_years,high,4,1
V428,colbert,97.34,1,5,148.1,48.53,58.59,18.37,55.41,61.01,58.16,39.64,8,critical_care,<5_years,high,4,0
V428,llm_rag,96.57,1,5,161.48,46.08,64.21,13.61,54.51,57.69,56.95,29.48,9,critical_care,<5_years,high,4,0
V666,bm25,46.84,1,2,183.49,44.63,60.88,8.56,53.75,62.3,48.15,34.13,1,hospital_medicine,<5_years,low,1,0
V666,colbert,40.89,1,2,164.32,32.03,30.74,10.26,29.66,74.22,37.15,10.14,2,hospital_medicine,<5_years,low,1,0
V666,medcpt,35.35,1,2,134.08,36.15,44.31,14.48,32.46,74.89,33.68,17.07,3,hospital_medicine,<5_years,low,1,0
V666,control,52.44,1,2,205.31,47.27,55.21,15.24,57.8,61.66,55.89,37.82,4,hospital_medicine,<5_years,low,1,0
V666,graphcare,36.74,1,2,153.04,33.54,37.71,6.68,33.58,75.65,31.71,15.89,5,hospital_medicine,<5_years,low,1,0
V666,llm_rag,36.82,1,2,154.34,33.03,36.47,7.99,25.89,74.97,37.03,15.81,6,hospital_medicine,<5_years,low,1,0
V666,sdt,35.23,1,2,125.72,28.14,25.84,10.31,23.18,82.29,20.86,6.36,7,hospital_medicine,<5_years,low,1,1
V666,gdt,40.63,1,2,131.75,33.03,27.45,11.51,31.07,74.0,32.46,21.71,8,hospital_medicine,<5_years,low,1,1
V666,cma,37.24,1,2,151.05,39.01,46.48,17.74,34.76,68.7,35.23,31.12,9,hospital_medicine,<5_years,low,1,1
V116,bm25,210.95,0,4,174.26,70.44,100.0,29.32,100.0,33.0,100.0,60.31,1,critical_care,<5_years,high,2,0
V116,llm_rag,183.51,0,4,165.23,60.03,86.9,26.32,77.72,43.29,84.58,41.39,2,critical_care,<5_years,high,2,0
V116,cma,73.31,1,4,135.21,41.55,56.7,17.29,47.48,56.73,50.32,20.79,3,critical_care,<5_years,high,2,1
V116,control,96.69,1,4,200.38,54.87,77.48,21.04,67.35,50.35,76.11,36.89,4,critical_care,<5_years,high,2,0
V116,medcpt,78.37,1,4,141.57,42.15,50.22,10.21,44.48,67.89,52.33,27.79,5,critical_care,<5_years,high,2,0
V116,colbert,269.03,0,4,151.43,70.35,100.0,39.89,100.0,28.56,100.0,53.63,6,critical_care,<5_years,high,2,0
V116,sdt,159.08,0,4,103.52,51.27,79.67,15.06,67.11,41.49,69.63,34.68,7,critical_care,<5_years,high,2,1
V116,graphcare,78.16,1,4,158.62,42.21,58.21,18.5,38.64,66.1,47.57,24.26,8,critical_care,<5_years,high,2,0
V116,gdt,78.82,1,4,124.91,40.45,42.32,15.06,46.16,61.95,54.66,22.55,9,critical_care,<5_years,high,2,1
V737,medcpt,150.26,0,2,152.35,53.62,78.1,18.29,67.41,48.13,67.82,42.0,1,hospital_medicine,<5_years,low,1,0
V737,bm25,47.33,1,2,187.73,46.14,62.08,10.52,54.52,64.43,54.37,30.95,2,hospital_medicine,<5_years,low,1,0
V737,gdt,39.45,1,2,132.05,31.57,42.47,10.97,27.17,72.22,27.22,9.35,3,hospital_medicine,<5_years,low,1,1
V737,colbert,149.94,0,2,154.46,54.0,77.93,21.96,64.04,49.12,68.58,42.36,4,hospital_medicine,<5_years,low,1,0
V737,llm_rag,38.79,1,2,143.56,33.68,41.41,8.03,33.14,68.92,40.8,9.8,5,hospital_medicine,<5_years,low,1,0
V737,control,173.67,0,2,208.94,61.94,90.25,23.06,84.5,37.47,81.48,54.9,6,hospital_medicine,<5_years,low,1,0
V737,cma,144.47,0,2,146.3,55.1,81.95,23.2,68.06,56.53,59.98,40.85,7,hospital_medicine,<5_years,low,1,1
V737,sdt,36.27,1,2,111.85,26.9,23.95,7.56,26.94,75.46,21.75,5.77,8,hospital_medicine,<5_years,low,1,1
V737,graphcare,135.92,0,2,142.82,49.44,67.18,23.48,55.56,54.05,58.67,37.71,9,hospital_medicine,<5_years,low,1,0
V709,control,300.0,0,4,201.33,69.69,100.0,34.61,100.0,11.41,100.0,72.1,1,critical_care,>=5_years,high,2,0
V709,graphcare,278.03,0,4,149.62,72.15,100.0,42.73,100.0,24.9,100.0,65.28,2,critical_care,>=5_years,high,2,0
V709,llm_rag,300.0,0,4,158.43,69.29,100.0,33.84,100.0,14.55,100.0,67.33,3,critical_care,>=5_years,high,2,0
V709,gdt,260.18,0,4,121.2,68.94,100.0,27.42,100.0,23.98,100.0,62.25,4,critical_care,>=5_years,high,2,1
V709,medcpt,300.0,0,4,139.56,72.29,100.0,37.77,100.0,20.77,100.0,75.21,5,critical_care,>=5_years,high,2,0
V709,cma,273.06,0,4,150.79,67.61,100.0,29.83,100.0,13.14,100.0,62.69,6,critical_care,>=5_years,high,2,1
V709,bm25,300.0,0,4,195.77,72.93,100.0,36.3,100.0,15.28,100.0,85.98,7,critical_care,>=5_years,high,2,0
V709,sdt,261.96,0,4,111.19,68.93,100.0,32.06,91.55,28.99,100.0,61.0,8,critical_care,>=5_years,high,2,1
V709,colbert,300.0,0,4,153.05,71.44,100.0,35.68,100.0,20.74,100.0,72.2,9,critical_care,>=5_years,high,2,0
V725,medcpt,37.3,1,2,126.93,36.93,36.93,17.62,31.66,80.69,31.13,23.57,1,internal_medicine,>=5_years,low,1,0
V725,sdt,38.07,1,2,110.19,32.89,28.69,12.9,25.59,86.57,27.97,15.64,2,internal_medicine,>=5_years,low,1,1
V725,gdt,45.58,1,2,149.29,34.82,34.08,6.87,34.22,77.77,40.67,15.34,3,internal_medicine,>=5_years,low,1,1
V725,graphcare,42.05,1,2,148.78,37.37,36.27,14.18,37.17,75.13,39.57,21.9,4,internal_medicine,>=5_years,low,1,0
V725,control,43.5,1,2,201.41,43.05,50.59,18.55,45.95,63.83,46.63,32.73,5,internal_medicine,>=5_years,low,1,0
V725,cma,41.79,1,2,180.04,36.08,36.34,17.99,35.55,68.4,42.51,15.71,6,internal_medicine,>=5_years,low,1,1
V725,llm_rag,38.68,1,2,155.86,34.02,33.88,13.13,26.65,72.91,35.73,21.8,7,internal_medicine,>=5_years,low,1,0
V725,bm25,49.8,1,2,193.23,45.68,50.37,10.31,57.04,72.34,51.92,32.12,8,internal_medicine,>=5_years,low,1,0
V725,colbert,37.11,1,2,149.23,31.81,38.5,10.78,23.87,69.33,30.85,17.55,9,internal_medicine,>=5_years,low,1,0
V888,medcpt,77.82,1,4,153.43,40.79,52.8,15.01,39.29,55.16,52.8,29.67,1,internal_medicine,>=5_years,high,3,0
V888,gdt,84.43,1,4,134.93,45.4,62.71,17.67,47.25,61.77,58.66,24.33,2,internal_medicine,>=5_years,high,3,1
V888,sdt,75.38,1,4,116.37,37.64,42.87,10.63,41.37,71.67,41.45,17.83,3,internal_medicine,>=5_years,high,3,1
V888,colbert,82.67,1,4,175.55,43.39,57.18,15.46,52.26,57.14,45.45,32.83,4,internal_medicine,>=5_years,high,3,0
V888,cma,89.65,1,4,153.67,45.34,59.67,17.6,53.73,59.75,53.72,27.56,5,internal_medicine,>=5_years,high,3,1
V888,llm_rag,76.63,1,4,170.74,42.79,56.36,13.24,49.55,63.5,46.18,27.89,6,internal_medicine,>=5_years,high,3,0
V888,control,86.0,1,4,182.64,56.47,80.22,26.26,67.21,53.12,74.48,37.5,7,internal_medicine,>=5_years,high,3,0
V888,bm25,95.22,1,4,199.18,55.68,80.68,8.16,71.97,54.87,79.71,38.69,8,internal_medicine,>=5_years,high,3,0
V888,graphcare,79.7,1,4,149.0,42.53,56.82,10.57,50.15,63.03,50.79,23.8,9,internal_medicine,>=5_years,high,3,0
V402,colbert,95.14,1,5,156.23,45.2,58.37,19.35,54.09,57.86,51.3,30.24,1,critical_care,<5_years,high,3,0
V402,llm_rag,190.97,0,5,164.54,63.21,92.03,22.82,89.76,39.94,88.78,45.92,2,critical_care,<5_years,high,3,0
V402,control,109.46,1,5,205.43,58.12,80.41,20.93,75.69,52.17,72.46,47.04,3,critical_care,<5_years,high,3,0
V402,medcpt,98.53,1,5,147.67,46.51,64.01,14.42,57.69,60.45,50.74,31.78,4,critical_care,<5_years,high,3,0
V402,bm25,118.97,1,5,186.12,58.39,79.06,24.1,69.29,54.23,77.78,45.86,5,critical_care,<5_years,high,3,0
V402,sdt,86.28,1,5,122.35,41.99,53.1,16.8,34.4,67.79,46.9,32.96,6,critical_care,<5_years,high,3,1
V402,gdt,94.02,1,5,130.45,46.58,54.58,14.67,52.17,63.53,58.23,36.29,7,critical_care,<5_years,high,3,1
V402,graphcare,94.09,1,5,157.45,44.2,57.26,9.27,50.71,62.09,52.9,32.98,8,critical_care,<5_years,high,3,0
V402,cma,104.96,1,5,155.87,49.42,68.33,14.3,59.57,51.21,67.48,35.66,9,critical_care,<5_years,high,3,1
V844,gdt,41.03,1,2,134.37,33.86,37.61,13.84,22.96,78.07,31.6,19.11,1,internal_medicine,>=5_years,low,1,1
V844,colbert,34.4,1,2,138.43,34.57,33.65,8.04,33.03,82.27,30.79,19.63,2,internal_medicine,>=5_years,low,1,0
V844,sdt,34.18,1,2,114.7,32.05,26.68,13.93,28.36,82.46,29.29,11.59,3,internal_medicine,>=5_years,low,1,1
V844,medcpt,37.5,1,2,138.61,31.32,37.07,6.92,21.86,74.3,30.16,17.58,4,internal_medicine,>=5_years,low,1,0
V844,control,145.69,0,2,188.05,61.19,83.74,21.67,79.34,41.49,86.63,54.24,5,internal_medicine,>=5_years,low,1,0
V844,graphcare,127.96,0,2,138.7,48.36,61.62,18.22,63.02,53.68,54.53,39.08,6,internal_medicine,>=5_years,low,1,0
V844,llm_rag,235.98,0,2,166.75,67.23,99.1,21.79,100.0,31.74,97.9,52.84,7,internal_medicine,>=5_years,low,1,0
V844,bm25,147.93,0,2,165.2,61.14,84.2,27.14,80.13,40.54,83.33,51.51,8,internal_medicine,>=5_years,low,1,0
V844,cma,135.74,0,2,135.67,54.24,73.8,24.19,60.57,55.44,71.61,39.84,9,internal_medicine,>=5_years,low,1,1
V198,colbert,35.61,1,2,169.24,36.08,39.92,11.0,26.27,77.26,36.71,25.31,1,internal_medicine,<5_years,low,1,0
V198,gdt,37.5,1,2,130.58,32.22,33.27,9.24,29.2,78.93,29.52,13.14,2,internal_medicine,<5_years,low,1,1
V198,control,41.21,1,2,196.67,45.77,56.55,19.45,47.1,77.7,46.5,27.3,3,internal_medicine,<5_years,low,1,0
V198,graphcare,40.78,1,2,152.35,34.47,27.53,18.96,32.33,76.51,33.29,18.18,4,internal_medicine,<5_years,low,1,0
V198,llm_rag,38.88,1,2,170.73,32.51,35.78,0.37,32.2,71.06,41.67,13.97,5,internal_medicine,<5_years,low,1,0
V198,cma,38.17,1,2,148.87,35.21,36.46,6.79,40.51,80.36,34.21,12.96,6,internal_medicine,<5_years,low,1,1
V198,medcpt,40.2,1,2,132.68,36.82,32.94,15.66,37.34,77.3,33.56,24.14,7,internal_medicine,<5_years,low,1,0
V198,sdt,37.12,1,2,102.64,31.67,31.37,11.03,21.35,81.85,33.03,11.38,8,internal_medicine,<5_years,low,1,1
V198,bm25,47.91,1,2,202.43,42.05,47.21,15.24,44.59,68.03,45.93,31.3,9,internal_medicine,<5_years,low,1,0
V692,bm25,90.88,1,4,184.56,56.16,75.79,23.01,65.3,51.57,72.51,48.75,1,emergency,>=5_years,high,3,0
V692,sdt,74.96,1,4,103.98,37.56,43.25,14.22,36.95,69.78,41.15,20.03,2,emergency,>=5_years,high,3,1
V692,graphcare,79.43,1,4,148.87,44.63,44.19,20.82,50.88,70.02,49.0,32.89,3,emergency,>=5_years,high,3,0
V692,cma,86.82,1,4,148.39,45.67,52.95,20.33,54.88,62.66,52.74,30.46,4,emergency,>=5_years,high,3,1
V692,medcpt,75.17,1,4,145.73,44.32,49.6,12.1,49.43,65.06,53.19,36.52,5,emergency,>=5_years,high,3,0
V692,control,88.35,1,4,200.6,54.28,67.15,20.35,67.0,57.29,71.45,42.44,6,emergency,>=5_years,high,3,0
V692,llm_rag,174.68,0,4,163.3,59.53,83.78,21.8,74.69,49.78,81.92,45.23,7,emergency,>=5_years,high,3,0
V692,gdt,80.98,1,4,134.45,43.22,58.01,14.79,49.5,64.78,51.04,21.22,8,emergency,>=5_years,high,3,1
V692,colbert,76.74,1,4,154.29,46.85,59.46,13.5,51.52,70.79,59.92,25.89,9,emergency,>=5_years,high,3,0
V828,sdt,53.44,1,3,113.56,34.26,35.83,7.97,36.69,80.83,29.14,15.09,1,emergency,<5_years,high,2,1
V828,cma,62.04,1,3,157.37,42.01,47.33,14.89,41.35,71.83,49.53,27.14,2,emergency,<5_years,high,2,1
V828,graphcare,56.65,1,3,154.17,40.77,41.99,13.44,43.83,76.34,45.79,23.27,3,emergency,<5_years,high,2,0
V828,medcpt,56.6,1,3,154.91,40.96,47.46,13.62,43.76,72.53,40.52,27.85,4,emergency,<5_years,high,2,0
V828,control,65.0,1,3,189.29,48.9,66.29,18.66,53.2,61.27,58.06,35.89,5,emergency,<5_years,high,2,0
V828,colbert,61.39,1,3,145.82,37.64,42.45,17.54,42.0,68.17,40.95,14.73,6,emergency,<5_years,high,2,0
V828,gdt,55.66,1,3,131.61,36.33,45.84,15.42,27.62,74.52,36.51,18.08,7,emergency,<5_years,high,2,1
V828,llm_rag,55.32,1,3,167.66,37.31,41.65,16.14,40.7,70.66,35.79,18.92,8,emergency,<5_years,high,2,0
V828,bm25,81.22,1,3,178.73,51.57,64.98,12.33,64.08,58.53,67.06,42.41,9,emergency,<5_years,high,2,0
V917,cma,42.51,1,2,149.36,37.02,37.21,11.9,38.96,77.17,39.76,17.14,1,emergency,>=5_years,low,0,1
V917,sdt,35.34,1,2,113.79,30.07,23.66,14.6,25.65,84.16,26.29,6.05,2,emergency,>=5_years,low,0,1
V917,colbert,35.85,1,2,140.94,35.47,35.1,7.14,37.6,75.59,42.28,15.12,3,emergency,>=5_years,low,0,0
V917,medcpt,38.96,1,2,138.86,32.57,39.91,8.98,33.23,64.61,31.67,17.03,4,emergency,>=5_years,low,0,0
V917,control,45.05,1,2,190.83,44.57,49.8,13.79,50.29,67.38,54.89,31.26,5,emergency,>=5_years,low,0,0
V917,bm25,46.23,1,2,173.79,43.66,54.3,7.86,50.66,57.87,55.58,35.67,6,emergency,>=5_years,low,0,0
V917,graphcare,41.52,1,2,148.79,32.46,34.79,11.81,29.53,70.19,29.29,19.14,7,emergency,>=5_years,low,0,0
V917,gdt,38.61,1,2,123.67,31.11,32.45,9.75,25.08,72.03,26.16,21.17,8,emergency,>=5_years,low,0,1
V917,llm_rag,39.8,1,2,188.3,32.57,35.42,4.99,32.67,75.91,30.64,15.78,9,emergency,>=5_years,low,0,0
V249,colbert,21.15,1,1,151.18,31.22,29.23,10.75,25.87,76.18,29.36,15.89,1,emergency,<5_years,low,0,0
V249,medcpt,20.11,1,1,156.5,29.76,38.98,8.48,19.93,78.26,24.33,8.57,2,emergency,<5_years,low,0,0
V249,llm_rag,115.1,0,1,191.64,44.06,58.2,10.2,48.3,63.62,54.5,29.53,3,emergency,<5_years,low,0,0
V249,bm25,23.33,1,1,188.64,36.7,41.02,4.84,47.22,68.43,36.62,22.1,4,emergency,<5_years,low,0,0
V249,control,25.13,1,1,205.7,41.91,40.1,19.27,51.37,71.91,43.09,25.72,5,emergency,<5_years,low,0,0
V249,gdt,16.37,1,1,128.85,32.35,34.88,10.11,29.05,85.28,26.52,8.25,6,emergency,<5_years,low,0,1
V249,graphcare,17.36,1,1,123.98,27.13,22.82,6.49,17.22,81.83,25.73,8.71,7,emergency,<5_years,low,0,0
V249,cma,20.02,1,1,131.73,32.43,32.26,12.92,26.59,80.51,26.92,15.37,8,emergency,<5_years,low,0,1
V249,sdt,15.88,1,1,139.84,19.9,11.98,3.26,14.49,80.39,9.27,0.0,9,emergency,<5_years,low,0,1
V527,graphcare,83.46,1,4,155.76,41.41,52.25,19.04,41.1,59.95,45.77,30.35,1,hospital_medicine,>=5_years,high,3,0
V527,bm25,90.46,1,4,181.07,54.58,71.14,21.29,72.45,51.71,65.28,45.6,2,hospital_medicine,>=5_years,high,3,0
V527,sdt,70.42,1,4,114.13,39.71,43.92,15.98,43.2,66.9,50.12,18.14,3,hospital_medicine,>=5_years,high,3,1
V527,cma,89.22,1,4,131.73,47.38,59.53,16.13,55.28,62.01,55.46,35.89,4,hospital_medicine,>=5_years,high,3,1
V527,control,92.03,1,4,184.64,55.9,72.25,22.01,65.54,55.53,71.13,48.98,5,hospital_medicine,>=5_years,high,3,0
V527,gdt,74.86,1,4,132.22,37.51,46.06,11.63,49.28,59.23,39.28,19.58,6,hospital_medicine,>=5_years,high,3,1
V527,llm_rag,73.72,1,4,176.86,44.73,50.83,15.03,51.18,69.5,51.44,30.43,7,hospital_medicine,>=5_years,high,3,0
V527,colbert,74.41,1,4,159.47,42.65,52.5,13.68,46.58,62.58,53.34,27.21,8,hospital_medicine,>=5_years,high,3,0
V527,medcpt,83.33,1,4,148.27,49.76,60.37,18.95,58.75,68.05,61.41,31.02,9,hospital_medicine,>=5_years,high,3,0
V969,colbert,19.7,1,1,154.12,31.64,24.92,14.63,23.68,82.19,31.07,13.37,1,critical_care,<5_years,low,0,0
V969,gdt,18.65,1,1,106.52,27.67,22.52,11.43,23.73,77.74,28.08,2.53,2,critical_care,<5_years,low,0,1
V969,llm_rag,18.11,1,1,171.54,29.33,28.38,6.71,23.71,82.99,24.56,9.61,3,critical_care,<5_years,low,0,0
V969,sdt,16.14,1,1,115.95,23.44,14.75,5.03,14.19,90.77,15.93,0.0,4,critical_care,<5_years,low,0,1
V969,graphcare,21.15,1,1,154.2,31.68,26.55,11.52,21.72,84.35,31.36,14.56,5,critical_care,<5_years,low,0,0
V969,medcpt,19.68,1,1,154.77,33.05,39.1,7.32,28.83,81.66,25.36,16.01,6,critical_care,<5_years,low,0,0
V969,control,23.61,1,1,168.29,41.15,44.6,11.64,46.95,71.93,44.34,27.43,7,critical_care,<5_years,low,0,0
V969,bm25,20.2,1,1,187.5,38.5,39.89,11.64,33.98,70.16,43.79,31.55,8,critical_care,<5_years,low,0,0
V969,cma,18.12,1,1,142.58,30.08,34.49,10.14,18.63,81.59,28.12,7.55,9,critical_care,<5_years,low,0,1
V598,bm25,113.41,1,5,197.27,60.9,78.84,26.5,77.21,54.58,77.89,50.4,1,internal_medicine,>=5_years,high,4,0
V598,control,113.28,1,5,188.17,61.82,83.79,28.3,81.84,46.78,76.67,53.58,2,internal_medicine,>=5_years,high,4,0
V598,gdt,96.08,1,5,136.87,47.26,57.79,18.33,51.14,65.85,54.12,36.34,3,internal_medicine,>=5_years,high,4,1
V598,sdt,90.5,1,5,110.8,42.25,50.22,17.38,49.92,68.15,49.69,18.11,4,internal_medicine,>=5_years,high,4,1
V598,graphcare,97.65,1,5,149.23,46.8,69.12,18.28,51.71,56.76,54.91,30.01,5,internal_medicine,>=5_years,high,4,0
V598,llm_rag,102.82,1,5,159.97,46.42,61.71,16.13,54.6,59.81,58.89,27.4,6,internal_medicine,>=5_years,high,4,0
V598,colbert,98.29,1,5,152.52,49.55,61.27,18.96,58.21,57.96,65.29,35.62,7,internal_medicine,>=5_years,high,4,0
V598,cma,101.36,1,5,144.09,51.8,62.2,17.55,60.1,67.35,68.11,35.49,8,internal_medicine,>=5_years,high,4,1
V598,medcpt,96.33,1,5,146.73,49.19,65.99,18.46,51.26,55.67,67.47,36.27,9,internal_medicine,>=5_years,high,4,0
V785,control,147.42,0,2,175.36,62.73,95.17,16.82,77.57,46.97,86.92,52.89,1,internal_medicine,>=5_years,low,1,0
V785,sdt,32.46,1,2,101.02,27.28,22.15,4.6,20.82,79.77,22.31,14.04,2,internal_medicine,>=5_years,low,1,1
V785,colbert,33.7,1,2,153.29,33.91,31.43,10.56,31.59,73.68,39.14,17.03,3,internal_medicine,>=5_years,low,1,0
V785,graphcare,145.36,0,2,131.5,52.32,70.33,14.79,67.2,52.33,71.07,38.21,4,internal_medicine,>=5_years,low,1,0
V785,gdt,35.93,1,2,135.09,30.02,27.72,6.21,28.46,76.36,30.56,10.81,5,internal_medicine,>=5_years,low,1,1
V785,bm25,153.68,0,2,198.99,61.59,91.56,14.64,82.9,48.31,82.91,49.22,6,internal_medicine,>=5_years,low,1,0
V785,medcpt,40.54,1,2,144.82,36.92,42.39,10.66,33.9,74.1,42.52,17.94,7,internal_medicine,>=5_years,low,1,0
V785,cma,149.32,0,2,159.76,56.08,76.55,13.38,75.93,53.84,77.78,39.01,8,internal_medicine,>=5_years,low,1,1
V785,llm_rag,138.55,0,2,150.26,51.52,65.86,20.51,58.82,52.69,72.46,38.77,9,internal_medicine,>=5_years,low,1,0
V304,gdt,17.83,1,1,142.44,27.99,29.38,8.22,22.4,81.5,16.31,10.13,1,hospital_medicine,<5_years,low,0,1
V304,colbert,19.56,1,1,157.36,29.35,33.59,10.77,22.81,81.12,24.86,2.97,2,hospital_medicine,<5_years,low,0,0
V304,bm25,23.55,1,1,160.9,40.84,41.68,10.98,47.69,71.79,46.56,26.35,3,hospital_medicine,<5_years,low,0,0
V304,cma,21.56,1,1,142.87,32.92,29.57,15.75,26.18,80.26,25.75,20.01,4,hospital_medicine,<5_years,low,0,1
V304,llm_rag,20.18,1,1,166.3,30.8,28.03,8.68,24.95,89.06,21.81,12.26,5,hospital_medicine,<5_years,low,0,0
V304,graphcare,18.52,1,1,158.63,30.86,29.96,10.43,29.04,77.99,20.21,17.53,6,hospital_medicine,<5_years,low,0,0
V304,control,20.34,1,1,178.59,36.53,35.34,12.08,35.69,72.12,39.11,24.85,7,hospital_medicine,<5_years,low,0,0
V304,medcpt,20.87,1,1,157.95,32.02,30.46,15.77,24.45,79.05,25.56,16.84,8,hospital_medicine,<5_years,low,0,0
V304,sdt,18.29,1,1,103.54,24.44,16.45,5.82,20.48,82.08,17.61,4.19,9,hospital_medicine,<5_years,low,0,1
V053,colbert,140.23,0,2,141.89,52.69,67.6,29.29,66.02,53.25,66.19,33.8,1,hospital_medicine,<5_years,low,0,0
V053,llm_rag,241.02,0,2,151.38,69.06,100.0,27.41,95.7,32.1,98.02,61.15,2,hospital_medicine,<5_years,low,0,0
V053,control,271.86,0,2,187.63,71.5,100.0,35.49,100.0,20.11,100.0,73.37,3,hospital_medicine,<5_years,low,0,0
V053,gdt,221.72,0,2,131.92,65.95,96.42,21.22,92.62,41.8,93.94,49.67,4,hospital_medicine,<5_years,low,0,1
V053,graphcare,134.17,0,2,135.16,50.92,63.56,20.05,64.94,52.3,61.45,43.22,5,hospital_medicine,<5_years,low,0,0
V053,sdt,230.25,0,2,105.98,63.86,86.56,27.87,83.75,40.86,90.69,53.46,6,hospital_medicine,<5_years,low,0,1
V053,bm25,258.96,0,2,197.03,70.03,100.0,29.52,100.0,20.88,100.0,69.81,7,hospital_medicine,<5_years,low,0,0
V053,cma,250.47,0,2,144.62,70.77,100.0,32.73,100.0,33.61,100.0,58.3,8,hospital_medicine,<5_years,low,0,1
V053,medcpt,132.79,0,2,153.41,50.65,67.66,21.97,58.3,53.49,58.06,44.44,9,hospital_medicine,<5_years,low,0,0
V114,bm25,81.96,1,4,172.3,54.66,68.97,20.75,67.88,62.36,67.03,40.98,1,hospital_medicine,<5_years,high,3,0
V114,medcpt,77.65,1,4,135.98,41.93,50.27,13.7,52.84,58.54,49.32,26.91,2,hospital_medicine,<5_years,high,3,0
V114,graphcare,81.66,1,4,154.14,44.48,54.21,16.03,49.73,71.43,50.47,25.03,3,hospital_medicine,<5_years,high,3,0
V114,control,90.5,1,4,191.33,52.47,64.64,18.74,69.18,52.42,69.94,39.91,4,hospital_medicine,<5_years,high,3,0
V114,colbert,76.43,1,4,167.19,43.92,57.6,18.53,44.64,65.4,48.19,29.14,5,hospital_medicine,<5_years,high,3,0
V114,cma,72.8,1,4,141.5,42.76,54.93,15.22,42.15,66.08,52.02,26.18,6,hospital_medicine,<5_years,high,3,1
V114,gdt,77.9,1,4,122.33,42.02,54.54,14.31,43.96,65.96,44.2,29.16,7,hospital_medicine,<5_years,high,3,1
V114,llm_rag,78.37,1,4,174.56,41.55,52.42,12.08,40.62,64.63,53.74,25.79,8,hospital_medicine,<5_years,high,3,0
V114,sdt,71.79,1,4,112.59,36.8,44.97,12.11,38.73,67.46,41.53,16.0,9,hospital_medicine,<5_years,high,3,1
V705,medcpt,60.75,1,3,147.79,40.47,42.27,12.21,44.85,74.44,45.01,24.01,1,critical_care,<5_years,high,2,0
V705,colbert,59.21,1,3,162.42,37.43,39.97,9.8,45.67,65.46,37.76,25.93,2,critical_care,<5_years,high,2,0
V705,graphcare,54.62,1,3,148.05,33.99,40.08,9.46,29.23,68.0,40.44,16.7,3,critical_care,<5_years,high,2,0
V705,bm25,70.39,1,3,180.59,49.59,65.45,20.15,57.08,59.18,64.69,31.0,4,critical_care,<5_years,high,2,0
V705,control,70.25,1,3,176.19,49.28,59.36,19.66,56.37,56.2,65.73,38.34,5,critical_care,<5_years,high,2,0
V705,gdt,56.97,1,3,117.21,39.42,42.83,13.51,39.04,72.68,42.85,25.6,6,critical_care,<5_years,high,2,1
V705,cma,59.71,1,3,162.0,41.89,49.11,18.93,41.33,66.23,47.97,27.77,7,critical_care,<5_years,high,2,1
V705,sdt,56.75,1,3,108.63,32.07,37.61,4.99,29.08,69.65,31.25,19.82,8,critical_care,<5_years,high,2,1
V705,llm_rag,161.89,0,3,171.22,57.6,84.72,27.0,71.41,42.84,75.94,43.69,9,critical_care,<5_years,high,2,0
V532,graphcare,77.47,1,4,155.7,42.83,49.47,10.0,51.06,65.89,49.06,31.51,1,hospital_medicine,<5_years,high,2,0
V532,colbert,75.42,1,4,163.64,41.63,55.9,9.82,42.71,60.2,54.23,26.95,2,hospital_medicine,<5_years,high,2,0
V532,medcpt,75.56,1,4,138.99,46.28,58.88,17.59,51.02,67.66,47.37,35.16,3,hospital_medicine,<5_years,high,2,0
V532,sdt,73.61,1,4,122.75,38.14,37.58,20.42,39.26,70.7,40.66,20.25,4,hospital_medicine,<5_years,high,2,1
V532,llm_rag,75.87,1,4,168.74,42.17,51.04,14.97,43.29,65.67,51.31,26.75,5,hospital_medicine,<5_years,high,2,0
V532,gdt,81.15,1,4,124.91,43.35,51.46,20.26,45.73,64.02,54.0,24.65,6,hospital_medicine,<5_years,high,2,1
V532,bm25,300.0,0,4,187.05,71.59,100.0,37.44,100.0,10.51,100.0,81.6,7,hospital_medicine,<5_years,high,2,0
V532,control,95.68,1,4,190.65,55.17,73.1,23.78,64.06,52.57,76.74,40.76,8,hospital_medicine,<5_years,high,2,0
V532,cma,80.6,1,4,138.76,45.46,52.95,12.1,51.7,69.56,54.37,32.1,9,hospital_medicine,<5_years,high,2,1
V905,sdt,75.24,1,4,115.29,36.92,44.34,12.65,35.46,66.61,42.12,20.36,1,internal_medicine,>=5_years,high,3,1
V905,control,87.04,1,4,177.17,51.21,70.85,12.86,64.03,52.75,71.1,35.67,2,internal_medicine,>=5_years,high,3,0
V905,medcpt,79.41,1,4,147.69,44.59,59.19,16.76,54.91,58.51,48.7,29.45,3,internal_medicine,>=5_years,high,3,0
V905,graphcare,78.21,1,4,142.36,41.43,57.1,12.95,37.65,68.59,50.02,22.25,4,internal_medicine,>=5_years,high,3,0
V905,bm25,85.49,1,4,192.0,54.22,70.6,18.29,65.41,60.67,70.93,39.42,5,internal_medicine,>=5_years,high,3,0
V905,colbert,162.26,0,4,160.77,56.3,76.0,20.44,66.13,45.89,83.71,45.62,6,internal_medicine,>=5_years,high,3,0
V905,gdt,80.75,1,4,122.06,41.75,53.47,10.59,41.85,64.97,48.1,31.51,7,internal_medicine,>=5_years,high,3,1
V905,cma,83.57,1,4,145.86,42.55,56.45,19.98,49.47,58.67,46.99,23.72,8,internal_medicine,>=5_years,high,3,1
V905,llm_rag,177.31,0,4,162.24,60.99,89.81,24.1,78.04,43.41,84.02,46.54,9,internal_medicine,>=5_years,high,3,0
V729,cma,43.37,1,2,154.88,38.61,43.93,15.23,43.55,74.2,33.95,20.82,1,critical_care,<5_years,low,1,1
V729,graphcare,35.82,1,2,136.33,35.5,35.94,13.29,29.64,78.9,31.68,23.58,2,critical_care,<5_years,low,1,0
V729,colbert,37.17,1,2,165.98,37.56,45.82,12.53,33.8,80.61,35.62,16.97,3,critical_care,<5_years,low,1,0
V729,bm25,43.33,1,2,182.57,44.01,48.34,13.08,52.84,70.06,47.14,32.61,4,critical_care,<5_years,low,1,0
V729,sdt,37.35,1,2,115.08,30.03,21.55,20.84,24.0,77.96,28.98,6.84,5,critical_care,<5_years,low,1,1
V729,gdt,39.3,1,2,123.56,32.99,35.48,9.42,30.9,69.03,31.7,21.39,6,critical_care,<5_years,low,1,1
V729,llm_rag,36.58,1,2,141.47,29.38,26.2,12.74,24.01,73.21,28.52,11.62,7,critical_care,<5_years,low,1,0
V729,control,44.56,1,2,199.11,41.84,55.56,7.08,47.97,60.69,48.99,30.77,8,critical_care,<5_years,low,1,0
V729,medcpt,41.4,1,2,145.09,35.85,34.94,10.31,43.05,71.93,36.02,18.83,9,critical_care,<5_years,low,1,0
V607,graphcare,16.53,1,1,179.79,24.44,23.58,6.07,10.77,76.34,22.1,7.78,1,emergency,>=5_years,low,0,0
V607,medcpt,22.41,1,1,150.79,34.79,27.3,10.94,36.62,81.63,28.91,23.34,2,emergency,>=5_years,low,0,0
V607,control,25.12,1,1,184.9,39.01,40.34,6.32,41.54,72.98,46.55,26.34,3,emergency,>=5_years,low,0,0
V607,sdt,17.8,1,1,140.5,25.49,21.79,5.63,9.93,88.89,16.55,10.18,4,emergency,>=5_years,low,0,1
V607,llm_rag,18.56,1,1,172.77,30.41,30.27,10.77,19.53,79.57,29.62,12.67,5,emergency,>=5_years,low,0,0
V607,cma,23.97,1,1,128.74,31.43,26.23,10.68,35.25,68.57,27.05,20.79,6,emergency,>=5_years,low,0,1
V607,bm25,21.46,1,1,205.61,37.92,38.91,7.17,44.49,66.78,43.02,27.18,7,emergency,>=5_years,low,0,0
V607,colbert,18.2,1,1,143.13,34.0,32.96,12.49,33.36,79.32,28.03,17.83,8,emergency,>=5_years,low,0,0
V607,gdt,23.31,1,1,106.08,29.96,24.85,10.23,27.68,74.6,21.43,20.98,9,emergency,>=5_years,low,0,1
V339,bm25,28.08,1,1,197.49,38.98,44.35,16.37,42.39,66.88,38.37,25.5,1,hospital_medicine,>=5_years,low,0,0
V339,gdt,19.88,1,1,156.97,30.45,28.35,8.85,25.21,82.98,24.65,12.65,2,hospital_medicine,>=5_years,low,0,1
V339,control,21.84,1,1,193.85,36.45,41.89,5.18,44.32,71.43,37.7,18.18,3,hospital_medicine,>=5_years,low,0,0
V339,sdt,16.9,1,1,130.02,26.5,23.77,6.97,20.21,84.21,17.0,6.86,4,hospital_medicine,>=5_years,low,0,1
V339,colbert,17.21,1,1,153.84,29.45,29.87,11.15,19.98,74.09,30.59,11.01,5,hospital_medicine,>=5_years,low,0,0
V339,llm_rag,20.59,1,1,150.81,32.25,27.95,10.71,22.2,91.99,27.78,12.86,6,hospital_medicine,>=5_years,low,0,0
V339,cma,19.68,1,1,133.27,31.88,30.49,11.81,26.88,81.17,31.08,9.87,7,hospital_medicine,>=5_years,low,0,1
V339,graphcare,21.02,1,1,185.21,30.12,25.99,8.06,17.73,83.9,28.34,16.69,8,hospital_medicine,>=5_years,low,0,0
V339,medcpt,16.42,1,1,132.89,31.73,31.94,8.05,24.72,81.98,27.65,16.04,9,hospital_medicine,>=5_years,low,0,0
V069,medcpt,296.65,0,5,141.6,70.97,100.0,35.51,100.0,19.41,100.0,70.88,1,critical_care,>=5_years,high,4,0
V069,colbert,300.0,0,5,143.49,70.52,100.0,36.25,100.0,17.34,100.0,69.54,2,critical_care,>=5_years,high,4,0
V069,graphcare,300.0,0,5,148.02,69.74,100.0,30.81,100.0,12.02,100.0,75.61,3,critical_care,>=5_years,high,4,0
V069,sdt,182.6,0,5,109.17,56.59,84.6,24.6,73.02,43.02,73.36,40.93,4,critical_care,>=5_years,high,4,1
V069,bm25,300.0,0,5,185.67,72.5,100.0,36.91,100.0,9.3,100.0,88.78,5,critical_care,>=5_years,high,4,0
V069,llm_rag,293.07,0,5,158.11,71.97,100.0,41.28,100.0,18.39,100.0,72.18,6,critical_care,>=5_years,high,4,0
V069,gdt,203.25,0,5,123.51,65.95,95.34,32.47,89.14,35.46,90.8,52.48,7,critical_care,>=5_years,high,4,1
V069,control,300.0,0,5,199.3,70.28,100.0,34.54,100.0,14.01,100.0,73.14,8,critical_care,>=5_years,high,4,0
V069,cma,300.0,0,5,139.41,71.59,100.0,38.87,100.0,17.08,100.0,73.59,9,critical_care,>=5_years,high,4,1
V219,llm_rag,38.99,1,2,160.76,33.26,39.62,6.07,27.27,77.11,29.78,19.67,1,hospital_medicine,>=5_years,low,1,0
V219,colbert,36.19,1,2,168.19,30.63,33.78,12.41,29.47,72.48,20.03,15.63,2,hospital_medicine,>=5_years,low,1,0
V219,bm25,45.22,1,2,220.22,46.72,51.8,19.41,50.88,73.43,48.01,36.77,3,hospital_medicine,>=5_years,low,1,0
V219,gdt,37.23,1,2,111.22,31.16,31.21,4.41,20.04,78.58,32.35,20.39,4,hospital_medicine,>=5_years,low,1,1
V219,control,46.2,1,2,187.66,45.22,56.36,11.02,53.97,67.6,50.83,31.57,5,hospital_medicine,>=5_years,low,1,0
V219,sdt,35.93,1,2,104.15,32.18,28.47,11.76,24.32,87.64,26.9,14.02,6,hospital_medicine,>=5_years,low,1,1
V219,medcpt,36.89,1,2,153.79,35.51,37.38,2.14,39.13,77.09,38.42,18.92,7,hospital_medicine,>=5_years,low,1,0
V219,graphcare,38.99,1,2,135.3,35.05,33.62,16.32,33.76,75.78,32.32,18.54,8,hospital_medicine,>=5_years,low,1,0
V219,cma,39.24,1,2,148.92,34.4,34.48,16.54,31.33,70.79,35.35,17.87,9,hospital_medicine,>=5_years,low,1,1
V889,llm_rag,79.79,1,4,171.91,42.29,54.9,17.64,45.96,66.18,43.39,25.66,1,emergency,<5_years,high,3,0
V889,gdt,74.73,1,4,144.33,42.61,52.45,17.1,50.01,60.77,46.16,29.16,2,emergency,<5_years,high,3,1
V889,sdt,73.29,1,4,119.33,35.93,42.58,8.84,37.65,67.27,39.41,19.85,3,emergency,<5_years,high,3,1
V889,control,93.26,1,4,185.92,55.7,80.39,20.74,63.65,51.67,73.5,44.23,4,emergency,<5_years,high,3,0
V889,colbert,78.95,1,4,141.63,42.54,50.97,7.92,44.1,61.43,59.67,31.14,5,emergency,<5_years,high,3,0
V889,bm25,95.58,1,4,185.27,56.58,76.57,16.63,78.57,50.17,68.12,49.42,6,emergency,<5_years,high,3,0
V889,medcpt,78.22,1,4,143.99,44.06,56.53,20.99,43.91,65.48,48.21,29.24,7,emergency,<5_years,high,3,0
V889,cma,78.95,1,4,144.89,42.98,45.78,14.85,51.5,61.18,59.88,24.71,8,emergency,<5_years,high,3,1
V889,graphcare,81.91,1,4,148.64,43.47,47.78,16.14,48.39,68.79,52.88,26.87,9,emergency,<5_years,high,3,0
V799,gdt,99.32,1,5,128.51,47.53,63.24,12.27,53.15,66.79,60.43,29.32,1,internal_medicine,>=5_years,high,3,1
V799,llm_rag,103.22,1,5,172.17,49.59,65.27,20.04,60.78,57.5,59.02,34.95,2,internal_medicine,>=5_years,high,3,0
V799,sdt,87.51,1,5,108.88,41.72,50.1,20.83,42.54,57.21,53.31,26.32,3,internal_medicine,>=5_years,high,3,1
V799,bm25,123.48,1,5,196.66,60.78,83.83,18.81,75.11,50.97,88.27,47.7,4,internal_medicine,>=5_years,high,3,0
V799,medcpt,95.21,1,5,141.39,48.3,67.91,13.78,52.89,62.53,59.0,33.67,5,internal_medicine,>=5_years,high,3,0
V799,cma,100.39,1,5,147.93,54.33,70.08,29.23,64.22,58.26,68.58,35.63,6,internal_medicine,>=5_years,high,3,1
V799,graphcare,103.85,1,5,136.85,52.7,70.4,26.01,56.73,57.58,61.38,44.09,7,internal_medicine,>=5_years,high,3,0
V799,colbert,99.94,1,5,152.92,48.29,63.17,19.0,62.23,60.6,58.65,26.08,8,internal_medicine,>=5_years,high,3,0
V799,control,118.21,1,5,193.45,57.25,76.42,23.14,73.92,42.23,77.3,50.48,9,internal_medicine,>=5_years,high,3,0
V719,control,72.98,1,3,208.8,48.45,60.68,13.46,59.87,57.89,56.21,42.58,1,internal_medicine,>=5_years,low,0,0
V719,llm_rag,57.88,1,3,170.2,39.61,39.52,22.6,36.49,71.23,43.68,24.13,2,internal_medicine,>=5_years,low,0,0
V719,graphcare,62.13,1,3,162.97,39.1,47.96,8.95,46.81,62.55,40.91,27.43,3,internal_medicine,>=5_years,low,0,0
V719,cma,64.47,1,3,130.98,42.02,53.75,12.92,43.39,68.68,46.46,26.89,4,internal_medicine,>=5_years,low,0,1
V719,colbert,65.87,1,3,145.68,39.45,50.09,11.6,41.9,62.47,45.32,25.34,5,internal_medicine,>=5_years,low,0,0
V719,gdt,62.87,1,3,140.8,39.11,48.81,17.33,37.57,73.17,38.14,19.61,6,internal_medicine,>=5_years,low,0,1
V719,sdt,49.87,1,3,118.03,31.18,35.17,11.91,31.27,74.59,25.6,8.56,7,internal_medicine,>=5_years,low,0,1
V719,medcpt,57.71,1,3,144.87,41.35,42.69,15.48,39.25,74.69,45.06,30.95,8,internal_medicine,>=5_years,low,0,0
V719,bm25,68.78,1,3,181.35,48.71,60.76,15.22,57.65,62.18,57.52,38.94,9,internal_medicine,>=5_years,low,0,0
V141,graphcare,56.79,1,3,158.75,37.41,44.25,13.23,41.24,65.48,37.83,22.46,1,critical_care,<5_years,high,2,0
V141,llm_rag,57.78,1,3,165.6,37.74,45.05,12.28,41.08,67.04,43.32,17.71,2,critical_care,<5_years,high,2,0
V141,cma,60.42,1,3,143.9,42.15,42.5,14.99,44.11,72.22,45.79,33.31,3,critical_care,<5_years,high,2,1
V141,medcpt,57.67,1,3,139.18,38.5,41.05,8.6,44.23,69.91,46.13,21.07,4,critical_care,<5_years,high,2,0
V141,control,66.44,1,3,187.73,51.06,67.2,26.36,59.68,63.23,57.98,31.94,5,critical_care,<5_years,high,2,0
V141,sdt,56.98,1,3,114.61,33.72,32.67,11.43,29.01,79.08,32.14,18.01,6,critical_care,<5_years,high,2,1
V141,gdt,52.19,1,3,127.07,40.33,47.79,12.02,37.44,81.51,43.28,19.97,7,critical_care,<5_years,high,2,1
V141,bm25,68.63,1,3,196.73,50.42,52.62,22.29,63.53,60.93,63.53,39.62,8,critical_care,<5_years,high,2,0
V141,colbert,63.07,1,3,157.58,42.74,49.79,12.1,41.43,78.57,46.32,28.24,9,critical_care,<5_years,high,2,0
V027,cma,104.15,1,5,138.34,50.77,67.83,13.36,56.84,65.21,68.43,32.93,1,internal_medicine,<5_years,high,2,1
V027,control,110.62,1,5,194.64,57.77,76.01,24.88,75.13,51.52,73.08,46.03,2,internal_medicine,<5_years,high,2,0
V027,colbert,101.41,1,5,146.23,50.73,71.3,18.63,61.61,53.35,60.96,38.51,3,internal_medicine,<5_years,high,2,0
V027,medcpt,95.43,1,5,132.35,47.58,61.16,16.68,55.28,59.34,60.46,32.54,4,internal_medicine,<5_years,high,2,0
V027,bm25,125.75,1,5,188.48,60.86,82.4,27.34,79.69,46.57,81.13,48.05,5,internal_medicine,<5_years,high,2,0
V027,gdt,96.38,1,5,126.7,46.07,52.26,21.98,66.2,57.76,45.8,32.41,6,internal_medicine,<5_years,high,2,1
V027,sdt,86.16,1,5,110.19,40.39,48.46,13.94,45.09,73.52,43.07,18.29,7,internal_medicine,<5_years,high,2,1
V027,graphcare,99.58,1,5,139.96,47.87,55.88,19.0,61.39,57.76,62.14,31.03,8,internal_medicine,<5_years,high,2,0
V027,llm_rag,93.93,1,5,168.76,49.49,67.61,15.58,51.11,59.92,63.72,38.99,9,internal_medicine,<5_years,high,2,0
V313,control,300.0,0,5,198.84,70.49,100.0,28.93,100.0,13.94,100.0,80.06,1,critical_care,<5_years,high,3,0
V313,llm_rag,300.0,0,5,168.69,69.08,100.0,33.25,100.0,8.62,100.0,72.63,2,critical_care,<5_years,high,3,0
V313,graphcare,300.0,0,5,144.22,69.7,100.0,29.73,100.0,18.11,100.0,70.36,3,critical_care,<5_years,high,3,0
V313,cma,292.71,0,5,144.48,68.88,100.0,32.76,100.0,14.68,100.0,65.86,4,critical_care,<5_years,high,3,1
V313,bm25,300.0,0,5,199.88,69.26,100.0,31.67,100.0,6.37,100.0,77.55,5,critical_care,<5_years,high,3,0
V313,gdt,292.14,0,5,134.52,70.82,100.0,31.92,100.0,24.19,100.0,68.81,6,critical_care,<5_years,high,3,1
V313,colbert,294.75,0,5,170.73,71.36,100.0,43.8,100.0,14.31,100.0,70.07,7,critical_care,<5_years,high,3,0
V313,sdt,280.04,0,5,109.66,70.81,100.0,38.7,99.73,22.43,100.0,63.99,8,critical_care,<5_years,high,3,1
V313,medcpt,300.0,0,5,133.02,72.17,100.0,36.98,100.0,15.62,100.0,80.44,9,critical_care,<5_years,high,3,0
V727,colbert,39.29,1,2,179.79,35.62,41.4,15.01,30.01,78.41,31.27,17.61,1,internal_medicine,<5_years,low,1,0
V727,bm25,48.61,1,2,186.79,44.6,54.63,10.47,51.36,67.14,55.72,28.25,2,internal_medicine,<5_years,low,1,0
V727,llm_rag,38.92,1,2,154.06,34.25,30.65,8.78,34.86,82.83,32.88,15.48,3,internal_medicine,<5_years,low,1,0
V727,gdt,38.33,1,2,130.68,30.84,33.56,9.34,22.12,74.98,32.59,12.43,4,internal_medicine,<5_years,low,1,1
V727,control,42.09,1,2,205.75,45.15,54.68,16.44,47.91,70.84,48.91,32.13,5,internal_medicine,<5_years,low,1,0
V727,graphcare,35.89,1,2,170.47,28.98,25.48,13.2,24.58,73.01,28.58,9.06,6,internal_medicine,<5_years,low,1,0
V727,medcpt,37.48,1,2,141.18,35.23,33.69,16.44,35.39,75.74,31.85,18.27,7,internal_medicine,<5_years,low,1,0
V727,sdt,33.91,1,2,116.77,27.45,21.02,10.63,28.26,78.78,25.11,0.89,8,internal_medicine,<5_years,low,1,1
V727,cma,38.38,1,2,157.01,35.16,37.42,13.19,35.84,70.24,29.91,24.35,9,internal_medicine,<5_years,low,1,1
V967,bm25,30.12,1,1,215.51,37.36,37.8,12.27,39.7,72.71,43.19,18.47,1,critical_care,>=5_years,low,0,0
V967,sdt,16.25,1,1,113.09,23.87,16.24,6.02,13.68,78.82,23.75,4.75,2,critical_care,>=5_years,low,0,1
V967,control,20.23,1,1,211.09,38.08,36.19,7.49,42.66,70.89,44.34,26.94,3,critical_care,>=5_years,low,0,0
V967,medcpt,18.72,1,1,142.29,30.56,26.26,9.89,27.96,79.25,23.85,16.17,4,critical_care,>=5_years,low,0,0
V967,colbert,22.37,1,1,160.69,26.77,26.84,5.47,18.54,74.31,25.23,10.25,5,critical_care,>=5_years,low,0,0
V967,llm_rag,20.68,1,1,158.52,30.67,29.82,10.43,21.96,79.81,30.64,11.38,6,critical_care,>=5_years,low,0,0
V967,cma,25.29,1,1,128.74,33.54,32.8,5.07,26.6,81.94,33.15,21.72,7,critical_care,>=5_years,low,0,1
V967,gdt,19.2,1,1,118.25,29.67,25.41,3.43,26.14,84.78,28.74,9.53,8,critical_care,>=5_years,low,0,1
V967,graphcare,17.51,1,1,143.19,30.24,29.17,8.79,32.23,71.62,27.35,12.29,9,critical_care,>=5_years,low,0,0
V274,control,92.12,1,4,179.53,55.46,73.27,19.88,62.62,63.03,76.75,37.2,1,emergency,<5_years,high,3,0
V274,medcpt,77.27,1,4,139.26,43.08,46.87,12.95,54.55,66.27,46.31,31.5,2,emergency,<5_years,high,3,0
V274,graphcare,76.54,1,4,158.81,42.16,54.67,13.15,48.02,58.68,50.89,27.54,3,emergency,<5_years,high,3,0
V274,llm_rag,81.01,1,4,164.4,44.25,56.84,9.69,47.09,66.2,53.4,32.27,4,emergency,<5_years,high,3,0
V274,gdt,75.62,1,4,133.34,44.84,58.57,16.45,47.53,70.37,52.14,23.96,5,emergency,<5_years,high,3,1
V274,sdt,80.81,1,4,114.52,39.94,44.09,12.95,43.41,74.23,45.67,19.28,6,emergency,<5_years,high,3,1
V274,colbert,78.6,1,4,144.71,44.26,55.98,16.56,50.42,61.21,55.12,26.25,7,emergency,<5_years,high,3,0
V274,cma,79.98,1,4,135.56,45.93,57.96,19.45,48.69,60.62,54.67,34.17,8,emergency,<5_years,high,3,1
V274,bm25,91.97,1,4,184.12,57.33,75.74,28.53,68.51,53.77,74.02,43.4,9,emergency,<5_years,high,3,0
V501,sdt,84.45,1,5,115.02,40.02,48.22,14.65,47.35,64.54,45.02,20.35,1,hospital_medicine,<5_years,high,4,1
V501,cma,202.22,0,5,138.55,68.08,94.06,28.59,95.02,34.52,99.3,56.96,2,hospital_medicine,<5_years,high,4,1
V501,llm_rag,300.0,0,5,165.97,70.8,100.0,34.64,100.0,14.86,100.0,75.3,3,hospital_medicine,<5_years,high,4,0
V501,medcpt,100.29,1,5,133.47,48.96,65.75,17.5,63.57,52.1,60.1,34.73,4,hospital_medicine,<5_years,high,4,0
V501,graphcare,198.0,0,5,158.58,66.4,97.1,26.82,85.02,40.7,93.98,54.79,5,hospital_medicine,<5_years,high,4,0
V501,control,209.6,0,5,192.25,70.19,100.0,26.68,100.0,31.54,100.0,62.89,6,hospital_medicine,<5_years,high,4,0
V501,gdt,96.2,1,5,126.51,47.83,56.82,17.4,54.56,62.22,56.03,39.95,7,hospital_medicine,<5_years,high,4,1
V501,colbert,300.0,0,5,145.62,69.68,100.0,36.28,100.0,12.65,100.0,69.13,8,hospital_medicine,<5_years,high,4,0
V501,bm25,240.17,0,5,189.43,69.36,100.0,30.95,100.0,19.59,100.0,65.64,9,hospital_medicine,<5_years,high,4,0
V536,control,180.68,0,3,175.75,69.12,93.57,33.98,97.18,38.46,96.24,55.3,1,internal_medicine,<5_years,low,1,0
V536,graphcare,60.16,1,3,161.82,41.67,44.02,24.71,41.74,74.81,44.31,20.46,2,internal_medicine,<5_years,low,1,0
V536,bm25,70.93,1,3,194.17,49.7,64.53,21.55,53.49,60.81,57.95,39.87,3,internal_medicine,<5_years,low,1,0
V536,gdt,157.71,0,3,119.93,54.11,72.51,18.41,69.9,48.11,73.28,42.42,4,internal_medicine,<5_years,low,1,1
V536,llm_rag,148.67,0,3,189.25,55.76,74.79,25.49,69.71,51.15,71.86,41.55,5,internal_medicine,<5_years,low,1,0
V536,cma,165.54,0,3,135.62,61.14,84.02,22.92,81.36,47.28,78.96,52.3,6,internal_medicine,<5_years,low,1,1
V536,medcpt,62.19,1,3,145.98,37.81,47.89,10.91,43.59,62.38,38.0,24.07,7,internal_medicine,<5_years,low,1,0
V536,colbert,68.09,1,3,166.83,42.33,46.81,13.36,46.09,65.45,49.1,33.16,8,internal_medicine,<5_years,low,1,0
V536,sdt,55.78,1,3,99.6,35.79,39.96,18.74,29.52,72.86,38.05,15.58,9,internal_medicine,<5_years,low,1,1
V610,colbert,96.88,1,5,175.87,47.5,57.83,13.68,63.81,61.38,59.56,28.75,1,internal_medicine,>=5_years,high,1,0
V610,control,115.88,1,5,196.55,59.43,80.84,17.15,82.82,45.83,82.84,47.11,2,internal_medicine,>=5_years,high,1,0
V610,bm25,118.99,1,5,189.82,59.22,82.11,19.32,80.59,48.49,83.2,41.64,3,internal_medicine,>=5_years,high,1,0
V610,sdt,93.81,1,5,108.12,41.71,48.97,5.89,48.27,63.04,53.03,31.07,4,internal_medicine,>=5_years,high,1,1
V610,llm_rag,98.35,1,5,164.82,45.54,62.55,13.44,57.55,56.56,54.96,28.18,5,internal_medicine,>=5_years,high,1,0
V610,graphcare,96.56,1,5,142.19,47.7,60.45,24.83,56.27,67.71,49.22,27.72,6,internal_medicine,>=5_years,high,1,0
V610,cma,104.23,1,5,148.51,51.92,68.14,20.3,57.89,54.85,69.04,41.3,7,internal_medicine,>=5_years,high,1,1
V610,medcpt,98.92,1,5,145.0,47.78,70.25,15.63,55.46,52.23,60.19,32.92,8,internal_medicine,>=5_years,high,1,0
V610,gdt,95.94,1,5,123.66,46.58,53.38,10.89,53.37,65.29,63.34,33.24,9,internal_medicine,>=5_years,high,1,1
V938,llm_rag,21.48,1,1,165.63,30.04,31.4,6.86,23.57,76.72,21.53,20.17,1,critical_care,<5_years,low,0,0
V938,control,25.94,1,1,212.11,41.28,39.86,14.18,42.66,75.84,48.38,26.76,2,critical_care,<5_years,low,0,0
V938,gdt,18.99,1,1,145.35,31.37,25.74,11.8,26.91,81.71,29.02,13.06,3,critical_care,<5_years,low,0,1
V938,bm25,25.8,1,1,185.57,39.16,37.67,18.37,36.88,72.67,44.51,24.88,4,critical_care,<5_years,low,0,0
V938,graphcare,17.9,1,1,150.46,31.18,20.95,13.44,22.97,82.3,22.77,24.64,5,critical_care,<5_years,low,0,0
V938,medcpt,20.39,1,1,138.65,34.56,29.28,22.37,31.66,80.52,30.28,13.26,6,critical_care,<5_years,low,0,0
V938,cma,21.4,1,1,136.33,30.85,32.93,11.24,23.81,75.94,31.43,9.71,7,critical_care,<5_years,low,0,1
V938,colbert,21.86,1,1,173.42,30.03,21.55,10.52,26.21,81.06,22.37,18.48,8,critical_care,<5_years,low,0,0
V938,sdt,18.59,1,1,100.68,23.71,21.43,1.78,13.66,80.47,16.58,8.34,9,critical_care,<5_years,low,0,1
V132,llm_rag,274.22,0,4,174.36,70.33,100.0,35.83,100.0,23.97,100.0,62.16,1,hospital_medicine,>=5_years,high,3,0
V132,graphcare,178.64,0,4,133.32,61.5,87.21,18.28,80.49,45.11,85.54,52.35,2,hospital_medicine,>=5_years,high,3,0
V132,bm25,193.98,0,4,188.73,70.89,100.0,29.86,100.0,33.27,100.0,62.19,3,hospital_medicine,>=5_years,high,3,0
V132,control,190.47,0,4,176.62,67.33,99.1,19.37,100.0,32.39,100.0,53.13,4,hospital_medicine,>=5_years,high,3,0
V132,sdt,71.58,1,4,113.46,39.39,43.88,13.03,40.48,72.01,43.79,23.12,5,hospital_medicine,>=5_years,high,3,1
V132,cma,175.66,0,4,144.87,64.85,86.88,31.01,80.04,43.01,91.26,56.88,6,hospital_medicine,>=5_years,high,3,1
V132,medcpt,173.03,0,4,144.46,60.61,77.74,28.07,85.68,45.3,79.59,47.3,7,hospital_medicine,>=5_years,high,3,0
V132,colbert,180.92,0,4,148.61,59.14,85.21,25.16,82.3,37.25,75.65,49.24,8,hospital_medicine,>=5_years,high,3,0
V132,gdt,173.36,0,4,127.92,59.94,87.29,25.67,81.31,42.06,80.29,43.02,9,hospital_medicine,>=5_years,high,3,1
V906,bm25,43.29,1,2,180.03,45.76,50.27,24.54,52.6,69.55,51.43,26.14,1,hospital_medicine,<5_years,low,1,0
V906,cma,46.64,1,2,143.51,37.44,45.95,11.07,37.97,73.62,41.96,14.08,2,hospital_medicine,<5_years,low,1,1
V906,medcpt,42.06,1,2,132.8,38.72,41.62,11.84,40.12,84.26,31.76,22.71,3,hospital_medicine,<5_years,low,1,0
V906,control,46.8,1,2,200.4,44.82,55.43,21.11,50.31,66.44,49.22,26.41,4,hospital_medicine,<5_years,low,1,0
V906,colbert,42.73,1,2,172.56,38.55,41.5,12.04,46.04,78.25,32.51,20.94,5,hospital_medicine,<5_years,low,1,0
V906,llm_rag,38.99,1,2,156.58,34.0,38.6,12.4,29.01,81.13,24.89,17.95,6,hospital_medicine,<5_years,low,1,0
V906,graphcare,39.19,1,2,159.41,35.68,42.89,12.38,33.14,78.27,32.18,15.24,7,hospital_medicine,<5_years,low,1,0
V906,gdt,39.29,1,2,120.4,33.19,31.88,9.52,29.57,81.82,25.7,20.66,8,hospital_medicine,<5_years,low,1,1
V906,sdt,36.69,1,2,118.21,29.46,25.05,9.38,18.71,73.98,35.41,14.23,9,hospital_medicine,<5_years,low,1,1
V044,control,27.85,1,1,186.37,38.09,46.57,5.18,41.89,75.62,31.03,28.27,1,emergency,<5_years,low,0,0
V044,graphcare,20.18,1,1,136.61,29.53,28.45,14.08,28.91,79.71,21.77,4.25,2,emergency,<5_years,low,0,0
V044,bm25,25.38,1,1,224.9,41.82,39.6,13.66,43.9,71.13,51.2,31.43,3,emergency,<5_years,low,0,0
V044,gdt,18.57,1,1,108.71,27.96,22.55,9.27,23.91,78.0,24.48,9.57,4,emergency,<5_years,low,0,1
V044,cma,19.17,1,1,138.3,31.53,27.16,6.97,26.3,87.45,28.56,12.74,5,emergency,<5_years,low,0,1
V044,medcpt,17.09,1,1,151.99,30.14,29.74,13.07,18.31,78.1,29.78,11.84,6,emergency,<5_years,low,0,0
V044,sdt,20.55,1,1,130.55,25.78,19.25,8.56,11.36,86.13,19.96,9.41,7,emergency,<5_years,low,0,1
V044,llm_rag,20.13,1,1,157.94,28.98,23.04,8.85,23.46,84.13,25.16,9.22,8,emergency,<5_years,low,0,0
V044,colbert,20.19,1,1,148.31,25.84,20.13,0.54,18.41,78.13,25.11,12.72,9,emergency,<5_years,low,0,0
V684,cma,17.84,1,1,136.9,29.61,28.8,6.75,25.32,80.78,22.01,13.98,1,hospital_medicine,<5_years,low,0,1
V684,control,24.42,1,1,173.34,36.87,44.49,18.17,33.87,68.26,39.49,16.94,2,hospital_medicine,<5_years,low,0,0
V684,gdt,18.8,1,1,125.16,28.1,31.67,0.25,13.98,85.01,26.89,10.8,3,hospital_medicine,<5_years,low,0,1
V684,graphcare,19.65,1,1,137.69,30.6,29.64,1.47,25.65,81.91,36.07,8.84,4,hospital_medicine,<5_years,low,0,0
V684,colbert,21.2,1,1,148.66,31.21,29.38,10.08,24.44,80.29,31.53,11.53,5,hospital_medicine,<5_years,low,0,0
V684,llm_rag,17.99,1,1,189.69,28.46,24.16,5.74,22.57,77.61,24.43,16.21,6,hospital_medicine,<5_years,low,0,0
V684,bm25,19.86,1,1,184.66,38.25,42.52,17.24,37.24,66.22,41.55,24.72,7,hospital_medicine,<5_years,low,0,0
V684,medcpt,18.63,1,1,150.01,31.38,29.41,10.01,26.76,79.87,31.96,10.26,8,hospital_medicine,<5_years,low,0,0
V684,sdt,17.28,1,1,123.78,25.4,23.22,2.37,15.53,84.85,18.28,8.11,9,hospital_medicine,<5_years,low,0,1
V793,llm_rag,38.43,1,2,181.73,33.38,34.27,8.83,28.12,83.02,31.12,14.94,1,hospital_medicine,>=5_years,low,1,0
V793,gdt,38.44,1,2,128.37,33.47,31.67,14.17,20.77,77.94,38.33,17.92,2,hospital_medicine,>=5_years,low,1,1
V793,colbert,37.88,1,2,169.6,37.27,38.36,13.6,34.32,85.05,30.67,21.63,3,hospital_medicine,>=5_years,low,1,0
V793,graphcare,38.49,1,2,142.31,33.71,35.64,14.33,29.37,72.33,31.67,18.9,4,hospital_medicine,>=5_years,low,1,0
V793,bm25,54.03,1,2,199.55,42.39,51.27,14.19,50.46,61.04,48.89,28.47,5,hospital_medicine,>=5_years,low,1,0
V793,cma,41.71,1,2,156.91,36.99,39.22,10.77,42.16,74.23,39.34,16.23,6,hospital_medicine,>=5_years,low,1,1
V793,medcpt,39.09,1,2,143.99,36.91,35.07,6.5,37.36,77.64,39.18,25.71,7,hospital_medicine,>=5_years,low,1,0
V793,sdt,35.96,1,2,107.92,29.33,23.86,7.76,33.34,72.98,23.92,14.1,8,hospital_medicine,>=5_years,low,1,1
V793,control,50.46,1,2,176.62,43.07,57.24,12.65,47.34,62.89,50.0,28.31,9,hospital_medicine,>=5_years,low,1,0
V758,sdt,37.93,1,2,117.21,28.14,31.36,6.19,21.94,81.3,21.07,6.99,1,hospital_medicine,<5_years,low,1,1
V758,bm25,154.44,0,2,193.94,63.06,94.2,25.23,80.33,43.59,83.07,51.91,2,hospital_medicine,<5_years,low,1,0
V758,control,151.14,0,2,168.25,63.24,90.08,22.25,86.85,44.27,88.28,47.72,3,hospital_medicine,<5_years,low,1,0
V758,medcpt,135.66,0,2,136.51,50.76,69.78,19.87,67.3,50.7,60.95,35.96,4,hospital_medicine,<5_years,low,1,0
V758,colbert,135.89,0,2,162.44,52.44,71.9,16.95,63.04,58.45,69.43,34.84,5,hospital_medicine,<5_years,low,1,0
V758,cma,136.79,0,2,150.95,50.49,67.22,16.69,65.7,48.73,64.62,40.0,6,hospital_medicine,<5_years,low,1,1
V758,graphcare,146.28,0,2,148.8,53.63,73.9,22.92,68.25,54.37,68.41,33.91,7,hospital_medicine,<5_years,low,1,0
V758,gdt,132.83,0,2,115.27,49.92,63.26,23.27,59.48,58.86,63.01,31.66,8,hospital_medicine,<5_years,low,1,1
V758,llm_rag,41.68,1,2,180.49,34.24,38.02,12.46,28.76,74.24,36.31,15.65,9,hospital_medicine,<5_years,low,1,0
V172,gdt,81.82,1,4,124.85,38.99,51.02,10.46,45.38,59.71,45.63,21.77,1,critical_care,<5_years,high,3,1
V172,graphcare,160.0,0,4,145.85,57.98,69.43,28.25,80.96,51.19,74.51,43.5,2,critical_care,<5_years,high,3,0
V172,cma,181.42,0,4,142.88,63.39,81.55,28.48,90.57,48.24,81.03,50.46,3,critical_care,<5_years,high,3,1
V172,control,197.12,0,4,200.09,67.63,100.0,23.88,100.0,24.15,100.0,57.77,4,critical_care,<5_years,high,3,0
V172,medcpt,75.88,1,4,130.05,42.17,51.68,8.72,54.11,68.9,45.09,24.51,5,critical_care,<5_years,high,3,0
V172,colbert,75.74,1,4,145.14,43.93,53.64,9.91,49.24,63.35,62.56,24.88,6,critical_care,<5_years,high,3,0
V172,llm_rag,75.74,1,4,166.32,41.26,59.56,14.59,46.89,64.41,41.16,20.96,7,critical_care,<5_years,high,3,0
V172,bm25,199.62,0,4,201.45,70.2,100.0,25.93,100.0,31.85,100.0,63.44,8,critical_care,<5_years,high,3,0
V172,sdt,73.33,1,4,110.31,38.91,49.3,13.36,41.59,72.2,35.17,21.85,9,critical_care,<5_years,high,3,1
V020,gdt,51.89,1,3,118.89,34.78,38.29,7.78,40.02,68.08,36.72,17.77,1,internal_medicine,<5_years,low,1,1
V020,cma,63.04,1,3,150.4,38.32,43.3,10.82,44.03,66.31,40.03,25.41,2,internal_medicine,<5_years,low,1,1
V020,graphcare,60.97,1,3,150.72,38.38,49.09,11.2,35.55,74.89,33.04,26.51,3,internal_medicine,<5_years,low,1,0
V020,sdt,52.33,1,3,113.16,35.07,37.52,15.4,28.97,76.23,36.49,15.83,4,internal_medicine,<5_years,low,1,1
V020,colbert,147.29,0,3,144.43,51.96,70.41,21.03,65.35,43.89,74.68,36.41,5,internal_medicine,<5_years,low,1,0
V020,medcpt,154.64,0,3,148.13,57.52,80.42,21.35,69.7,54.04,72.88,46.74,6,internal_medicine,<5_years,low,1,0
V020,bm25,62.13,1,3,183.4,48.13,62.03,17.76,53.33,60.02,53.98,41.63,7,internal_medicine,<5_years,low,1,0
V020,control,75.62,1,3,190.68,52.01,66.56,19.19,61.81,59.72,58.12,46.68,8,internal_medicine,<5_years,low,1,0
V020,llm_rag,54.96,1,3,186.9,35.89,38.2,17.8,33.15,69.06,37.78,19.33,9,internal_medicine,<5_years,low,1,0
V577,colbert,76.67,1,4,157.7,46.74,61.74,12.66,50.61,66.6,57.47,31.34,1,hospital_medicine,<5_years,high,1,0
V577,medcpt,79.06,1,4,145.1,46.99,58.44,19.19,58.25,60.08,55.36,30.61,2,hospital_medicine,<5_years,high,1,0
V577,cma,78.15,1,4,147.16,46.34,57.81,18.18,53.1,68.32,49.9,30.73,3,hospital_medicine,<5_years,high,1,1
V577,graphcare,74.69,1,4,138.82,39.5,50.64,12.22,44.76,60.86,37.3,31.23,4,hospital_medicine,<5_years,high,1,0
V577,bm25,91.85,1,4,180.15,55.84,76.75,15.01,72.24,56.04,74.17,40.8,5,hospital_medicine,<5_years,high,1,0
V577,control,98.2,1,4,184.6,55.58,76.9,13.62,73.33,57.46,73.53,38.64,6,hospital_medicine,<5_years,high,1,0
V577,gdt,76.77,1,4,132.48,41.2,51.2,11.05,48.83,63.26,50.2,22.65,7,hospital_medicine,<5_years,high,1,1
V577,sdt,71.56,1,4,107.9,38.09,41.83,13.26,34.84,75.05,42.12,21.45,8,hospital_medicine,<5_years,high,1,1
V577,llm_rag,73.81,1,4,175.59,42.7,46.31,15.31,48.91,64.54,47.53,33.62,9,hospital_medicine,<5_years,high,1,0
V299,sdt,173.02,0,4,111.59,58.7,80.48,25.18,70.91,51.18,80.78,43.66,1,hospital_medicine,<5_years,high,2,1
V299,graphcare,173.2,0,4,158.2,61.33,84.32,17.76,87.39,50.08,79.43,49.01,2,hospital_medicine,<5_years,high,2,0
V299,control,194.18,0,4,174.08,70.83,100.0,26.44,97.68,38.35,100.0,62.55,3,hospital_medicine,<5_years,high,2,0
V299,gdt,185.28,0,4,133.03,60.97,93.06,25.02,74.48,43.59,86.12,43.58,4,hospital_medicine,<5_years,high,2,1
V299,colbert,182.42,0,4,157.81,62.24,92.08,21.28,79.94,45.91,88.13,46.13,5,hospital_medicine,<5_years,high,2,0
V299,medcpt,186.14,0,4,134.32,63.76,89.93,22.3,86.95,48.81,83.32,51.26,6,hospital_medicine,<5_years,high,2,0
V299,llm_rag,174.39,0,4,162.9,59.22,84.29,24.06,77.25,42.36,79.28,48.09,7,hospital_medicine,<5_years,high,2,0
V299,cma,175.07,0,4,146.69,59.21,83.57,26.69,70.62,39.19,87.32,47.86,8,hospital_medicine,<5_years,high,2,1
V299,bm25,191.19,0,4,199.7,69.75,97.81,27.86,97.08,29.69,100.0,66.04,9,hospital_medicine,<5_years,high,2,0
V616,cma,101.48,1,5,150.89,49.05,65.03,21.22,56.84,52.6,57.19,41.41,1,emergency,<5_years,high,3,1
V616,sdt,84.62,1,5,107.48,42.29,52.33,22.18,43.34,64.95,42.31,28.62,2,emergency,<5_years,high,3,1
V616,graphcare,97.7,1,5,159.87,49.24,58.19,18.81,60.44,61.12,62.8,34.09,3,emergency,<5_years,high,3,0
V616,llm_rag,295.68,0,5,158.54,69.74,100.0,43.07,100.0,5.15,100.0,70.24,4,emergency,<5_years,high,3,0
V616,control,120.06,1,5,193.59,60.61,80.7,23.01,83.19,51.01,80.53,45.25,5,emergency,<5_years,high,3,0
V616,colbert,98.37,1,5,152.49,47.54,61.23,13.05,58.96,57.9,57.53,36.58,6,emergency,<5_years,high,3,0
V616,bm25,116.82,1,5,194.54,57.92,79.34,19.61,69.31,44.53,86.48,48.23,7,emergency,<5_years,high,3,0
V616,gdt,102.46,1,5,125.9,48.53,65.92,18.14,55.74,56.91,56.23,38.22,8,emergency,<5_years,high,3,1
V616,medcpt,105.48,1,5,143.91,49.92,62.1,23.37,62.28,58.26,62.81,30.67,9,emergency,<5_years,high,3,0
V609,gdt,35.08,1,2,139.34,33.23,36.5,9.24,22.53,80.28,34.25,16.58,1,emergency,>=5_years,low,0,1
V609,medcpt,38.02,1,2,164.29,33.86,33.87,8.66,33.55,77.31,32.06,17.69,2,emergency,>=5_years,low,0,0
V609,cma,38.2,1,2,145.77,38.4,43.9,14.59,36.04,76.88,36.32,22.68,3,emergency,>=5_years,low,0,1
V609,graphcare,34.91,1,2,135.26,35.19,39.8,13.92,28.41,79.44,37.08,12.52,4,emergency,>=5_years,low,0,0
V609,llm_rag,127.92,0,2,188.59,47.09,64.72,15.38,58.01,54.9,60.98,28.53,5,emergency,>=5_years,low,0,0
V609,sdt,37.42,1,2,92.36,30.35,30.84,11.0,19.92,79.62,24.74,15.97,6,emergency,>=5_years,low,0,1
V609,control,41.93,1,2,176.35,45.51,57.16,11.87,51.85,72.5,49.99,29.67,7,emergency,>=5_years,low,0,0
V609,bm25,167.77,0,2,175.16,63.38,93.76,22.41,83.77,38.7,90.37,51.27,8,emergency,>=5_years,low,0,0
V609,colbert,36.48,1,2,176.38,33.05,32.0,15.54,32.71,67.67,31.3,19.07,9,emergency,>=5_years,low,0,0
V588,cma,80.4,1,4,147.01,46.77,56.74,21.05,51.44,64.27,57.81,29.31,1,critical_care,<5_years,high,1,1
V588,sdt,69.51,1,4,112.8,38.33,40.95,15.79,40.54,69.71,44.49,18.52,2,critical_care,<5_years,high,1,1
V588,graphcare,81.75,1,4,150.87,43.41,54.59,14.11,47.22,66.99,50.73,26.82,3,critical_care,<5_years,high,1,0
V588,llm_rag,71.19,1,4,152.18,42.33,50.15,18.56,51.36,69.02,39.58,25.29,4,critical_care,<5_years,high,1,0
V588,medcpt,81.73,1,4,137.43,48.45,60.03,20.97,52.61,60.99,61.96,34.12,5,critical_care,<5_years,high,1,0
V588,gdt,75.46,1,4,134.19,42.44,52.17,10.01,39.55,78.23,49.94,24.71,6,critical_care,<5_years,high,1,1
V588,bm25,94.86,1,4,176.35,55.7,75.74,20.56,67.98,54.42,68.05,47.47,7,critical_care,<5_years,high,1,0
V588,colbert,79.9,1,4,156.57,43.39,56.68,11.28,48.08,65.05,49.82,29.41,8,critical_care,<5_years,high,1,0
V588,control,91.36,1,4,181.39,53.35,65.56,16.16,69.55,50.9,70.13,47.77,9,critical_care,<5_years,high,1,0
V886,colbert,42.96,1,2,151.26,32.22,34.52,12.83,32.5,68.86,24.96,19.63,1,emergency,<5_years,low,0,0
V886,graphcare,43.21,1,2,171.44,32.77,32.63,11.65,28.7,74.43,35.02,14.15,2,emergency,<5_years,low,0,0
V886,sdt,34.43,1,2,127.64,26.36,24.98,4.84,15.15,79.26,27.97,5.99,3,emergency,<5_years,low,0,1
V886,bm25,46.37,1,2,203.12,45.66,55.14,13.61,51.3,66.48,52.26,35.17,4,emergency,<5_years,low,0,0
V886,cma,41.41,1,2,154.13,33.94,32.96,12.46,31.65,70.26,37.59,18.74,5,emergency,<5_years,low,0,1
V886,control,42.26,1,2,167.89,41.58,46.9,12.98,42.21,70.88,52.08,24.43,6,emergency,<5_years,low,0,0
V886,gdt,41.62,1,2,126.87,33.77,35.56,15.95,28.86,73.45,38.28,10.53,7,emergency,<5_years,low,0,1
V886,medcpt,37.45,1,2,151.52,38.58,40.59,14.22,41.37,73.44,36.8,25.05,8,emergency,<5_years,low,0,0
V886,llm_rag,43.95,1,2,155.48,34.67,30.38,12.08,36.3,76.35,40.08,12.85,9,emergency,<5_years,low,0,0
V324,sdt,39.09,1,2,114.15,30.84,25.08,19.92,23.67,71.39,29.01,15.99,1,emergency,>=5_years,low,0,1
V324,colbert,37.94,1,2,159.29,32.83,34.82,10.33,29.72,73.5,31.3,17.29,2,emergency,>=5_years,low,0,0
V324,gdt,39.58,1,2,120.03,33.17,32.57,13.84,36.28,75.64,21.63,19.03,3,emergency,>=5_years,low,0,1
V324,cma,41.31,1,2,138.78,38.2,43.98,16.03,36.04,71.71,36.96,24.49,4,emergency,>=5_years,low,0,1
V324,llm_rag,37.05,1,2,174.18,32.78,38.0,7.58,26.61,73.77,32.3,18.42,5,emergency,>=5_years,low,0,0
V324,medcpt,35.43,1,2,142.3,34.66,35.55,14.5,27.2,75.12,37.96,17.61,6,emergency,>=5_years,low,0,0
V324,control,45.59,1,2,169.92,44.07,56.45,12.96,49.46,64.43,49.97,31.15,7,emergency,>=5_years,low,0,0
V324,bm25,45.5,1,2,190.78,45.7,49.8,16.18,54.53,72.52,55.99,25.19,8,emergency,>=5_years,low,0,0
V324,graphcare,38.11,1,2,149.71,34.56,33.79,12.33,31.39,74.28,36.83,18.72,9,emergency,>=5_years,low,0,0
V845,graphcare,19.74,1,1,163.82,31.57,28.31,5.94,23.11,82.99,32.21,16.85,1,internal_medicine,<5_years,low,0,0
V845,control,22.57,1,1,191.66,41.96,48.72,21.53,40.47,69.97,45.79,25.27,2,internal_medicine,<5_years,low,0,0
V845,gdt,20.13,1,1,128.6,28.61,23.83,5.28,17.53,88.34,23.13,13.53,3,internal_medicine,<5_years,low,0,1
V845,colbert,18.99,1,1,166.48,30.23,30.76,1.87,19.45,87.34,24.5,17.46,4,internal_medicine,<5_years,low,0,0
V845,llm_rag,19.65,1,1,192.38,28.02,25.98,11.36,22.07,76.53,19.12,13.03,5,internal_medicine,<5_years,low,0,0
V845,sdt,18.38,1,1,105.15,25.39,19.78,8.5,18.7,80.45,22.54,2.35,6,internal_medicine,<5_years,low,0,1
V845,bm25,22.54,1,1,177.36,37.06,39.83,6.57,41.55,65.92,44.53,23.93,7,internal_medicine,<5_years,low,0,0
V845,cma,17.19,1,1,133.85,32.52,30.22,10.96,25.84,83.66,31.13,13.31,8,internal_medicine,<5_years,low,0,1
V845,medcpt,20.16,1,1,155.93,30.74,23.76,5.02,22.19,80.05,36.77,16.65,9,internal_medicine,<5_years,low,0,0
V376,sdt,19.57,1,1,128.1,24.01,18.76,4.15,18.89,80.51,17.64,4.13,1,internal_medicine,>=5_years,low,0,1
V376,graphcare,18.91,1,1,143.5,31.96,30.67,15.34,23.98,82.87,27.32,11.56,2,internal_medicine,>=5_years,low,0,0
V376,colbert,20.59,1,1,165.09,32.42,32.43,9.28,32.74,82.02,24.35,13.73,3,internal_medicine,>=5_years,low,0,0
V376,control,20.21,1,1,180.32,36.34,37.37,6.9,40.68,68.23,37.95,26.9,4,internal_medicine,>=5_years,low,0,0
V376,medcpt,18.71,1,1,131.64,31.89,30.13,16.37,24.32,81.51,22.01,17.01,5,internal_medicine,>=5_years,low,0,0
V376,llm_rag,20.68,1,1,157.73,29.82,22.48,12.92,29.18,81.73,26.63,6.01,6,internal_medicine,>=5_years,low,0,0
V376,bm25,23.18,1,1,184.75,38.3,45.64,11.07,40.23,71.38,42.68,18.81,7,internal_medicine,>=5_years,low,0,0
V376,cma,21.11,1,1,150.58,33.48,33.03,5.52,28.5,82.97,32.94,17.9,8,internal_medicine,>=5_years,low,0,1
V376,gdt,21.94,1,1,118.64,27.65,22.09,10.13,17.14,76.23,25.49,14.79,9,internal_medicine,>=5_years,low,0,1
V258,bm25,202.47,0,4,181.55,70.8,100.0,28.9,100.0,34.24,100.0,61.65,1,critical_care,<5_years,high,2,0
V258,gdt,74.41,1,4,130.4,43.56,51.43,18.15,39.51,64.8,55.78,31.72,2,critical_care,<5_years,high,2,1
V258,control,212.99,0,4,205.92,70.19,100.0,30.71,100.0,25.42,100.0,65.02,3,critical_care,<5_years,high,2,0
V258,medcpt,179.39,0,4,145.3,58.4,80.43,19.83,79.98,38.46,81.77,49.95,4,critical_care,<5_years,high,2,0
V258,sdt,74.19,1,4,110.53,36.35,44.53,17.56,34.95,66.58,36.12,18.35,5,critical_care,<5_years,high,2,1
V258,llm_rag,175.99,0,4,161.44,58.59,82.48,27.05,74.12,43.36,82.61,41.9,6,critical_care,<5_years,high,2,0
V258,colbert,189.05,0,4,155.34,63.25,88.67,29.1,80.42,44.1,88.88,48.32,7,critical_care,<5_years,high,2,0
V258,cma,173.0,0,4,133.94,62.58,86.97,27.35,78.75,45.66,86.62,50.14,8,critical_care,<5_years,high,2,1
V258,graphcare,175.27,0,4,149.51,59.15,87.77,25.46,78.89,39.28,77.68,45.79,9,critical_care,<5_years,high,2,0
V352,sdt,23.49,1,1,106.06,25.12,21.13,6.43,18.28,78.6,12.96,13.35,1,emergency,>=5_years,low,0,1
V352,bm25,19.17,1,1,201.96,38.65,40.78,13.01,41.53,71.33,40.56,24.71,2,emergency,>=5_years,low,0,0
V352,gdt,18.86,1,1,128.27,29.08,31.06,10.27,25.32,72.87,27.0,7.98,3,emergency,>=5_years,low,0,1
V352,colbert,24.73,1,1,177.76,26.75,26.0,6.33,17.13,81.37,20.19,9.48,4,emergency,>=5_years,low,0,0
V352,graphcare,16.94,1,1,142.92,26.67,22.05,0.0,23.06,80.27,22.91,11.71,5,emergency,>=5_years,low,0,0
V352,control,21.46,1,1,155.51,39.24,37.34,14.4,37.6,72.77,44.84,28.49,6,emergency,>=5_years,low,0,0
V352,medcpt,22.17,1,1,142.42,31.93,36.82,7.93,23.28,79.98,32.01,11.58,7,emergency,>=5_years,low,0,0
V352,llm_rag,22.22,1,1,152.6,30.21,27.16,6.62,27.26,85.62,24.0,10.57,8,emergency,>=5_years,low,0,0
V352,cma,17.57,1,1,177.5,29.62,29.06,11.27,23.29,69.84,22.97,21.28,9,emergency,>=5_years,low,0,1
V544,colbert,281.5,0,4,153.09,71.12,100.0,36.77,100.0,22.55,100.0,67.4,1,internal_medicine,>=5_years,high,2,0
V544,bm25,205.91,0,4,175.08,70.62,100.0,31.93,99.89,29.43,100.0,62.49,2,internal_medicine,>=5_years,high,2,0
V544,sdt,166.35,0,4,116.36,53.9,71.28,27.25,68.92,50.36,71.11,34.5,3,internal_medicine,>=5_years,high,2,1
V544,medcpt,178.56,0,4,135.59,60.78,86.57,19.11,87.11,35.12,96.82,39.97,4,internal_medicine,>=5_years,high,2,0
V544,llm_rag,300.0,0,4,164.09,69.77,100.0,32.41,100.0,16.67,100.0,69.55,5,internal_medicine,>=5_years,high,2,0
V544,gdt,172.41,0,4,116.67,56.14,84.47,20.29,77.07,44.53,73.06,37.4,6,internal_medicine,>=5_years,high,2,1
V544,control,196.29,0,4,181.27,68.27,100.0,24.51,99.79,28.15,100.0,57.16,7,internal_medicine,>=5_years,high,2,0
V544,graphcare,82.65,1,4,149.41,43.48,46.87,18.0,52.08,63.34,50.37,30.22,8,internal_medicine,>=5_years,high,2,0
V544,cma,181.07,0,4,141.06,64.25,92.22,16.25,92.15,41.39,83.85,59.63,9,internal_medicine,>=5_years,high,2,1
V654,medcpt,18.92,1,1,140.95,29.02,26.71,5.96,25.08,81.96,22.11,12.29,1,emergency,<5_years,low,0,0
V654,graphcare,18.86,1,1,157.64,29.58,24.19,6.7,27.81,78.57,25.79,14.4,2,emergency,<5_years,low,0,0
V654,gdt,17.58,1,1,130.4,29.46,26.25,4.39,16.9,87.82,28.15,13.27,3,emergency,<5_years,low,0,1
V654,sdt,16.71,1,1,114.32,25.55,19.32,4.35,12.24,87.02,21.24,9.11,4,emergency,<5_years,low,0,1
V654,colbert,19.77,1,1,162.06,31.69,30.78,8.74,33.13,78.25,27.4,11.86,5,emergency,<5_years,low,0,0
V654,bm25,25.42,1,1,198.61,39.58,41.74,11.19,41.03,71.3,43.81,28.4,6,emergency,<5_years,low,0,0
V654,control,18.85,1,1,192.38,36.45,45.16,4.34,40.62,76.88,34.67,17.05,7,emergency,<5_years,low,0,0
V654,llm_rag,18.67,1,1,171.63,32.01,30.87,9.79,27.57,80.09,23.38,20.37,8,emergency,<5_years,low,0,0
V654,cma,20.47,1,1,124.68,29.81,34.29,0.88,19.53,78.8,31.64,13.69,9,emergency,<5_years,low,0,1
V894,cma,96.68,1,5,146.71,48.84,61.42,10.68,58.11,59.27,60.1,43.47,1,internal_medicine,>=5_years,high,4,1
V894,sdt,98.15,1,5,111.65,44.79,59.61,18.96,49.86,57.9,51.21,31.2,2,internal_medicine,>=5_years,high,4,1
V894,bm25,117.52,1,5,194.94,60.74,83.59,21.77,84.21,48.01,80.91,45.94,3,internal_medicine,>=5_years,high,4,0
V894,llm_rag,93.06,1,5,162.03,43.26,55.25,13.09,50.74,56.11,53.25,31.13,4,internal_medicine,>=5_years,high,4,0
V894,graphcare,98.53,1,5,156.72,44.43,62.48,22.33,50.27,48.02,51.19,32.3,5,internal_medicine,>=5_years,high,4,0
V894,medcpt,97.37,1,5,142.35,48.06,63.84,8.6,61.12,54.2,64.34,36.26,6,internal_medicine,>=5_years,high,4,0
V894,gdt,96.93,1,5,121.45,46.52,61.42,13.31,50.81,60.61,60.93,32.06,7,internal_medicine,>=5_years,high,4,1
V894,control,119.1,1,5,191.56,60.63,80.6,20.56,74.18,53.09,82.16,53.21,8,internal_medicine,>=5_years,high,4,0
V894,colbert,96.45,1,5,159.02,49.39,62.37,26.13,53.71,55.07,67.49,31.55,9,internal_medicine,>=5_years,high,4,0
V396,gdt,36.69,1,2,134.19,32.02,33.85,5.26,26.93,75.05,33.28,17.74,1,internal_medicine,>=5_years,low,1,1
V396,bm25,45.53,1,2,191.91,44.8,46.28,11.75,58.5,67.37,52.77,32.14,2,internal_medicine,>=5_years,low,1,0
V396,medcpt,38.8,1,2,138.55,34.1,33.24,11.19,28.08,76.61,40.96,14.54,3,internal_medicine,>=5_years,low,1,0
V396,cma,40.75,1,2,172.21,33.74,36.73,8.71,38.27,67.56,34.93,16.25,4,internal_medicine,>=5_years,low,1,1
V396,llm_rag,35.44,1,2,173.09,34.02,34.65,14.42,24.22,73.49,34.62,22.76,5,internal_medicine,>=5_years,low,1,0
V396,sdt,31.69,1,2,111.02,29.37,25.86,10.97,17.74,93.67,20.56,7.44,6,internal_medicine,>=5_years,low,1,1
V396,graphcare,38.49,1,2,149.53,36.12,35.08,14.68,35.04,75.75,39.94,16.25,7,internal_medicine,>=5_years,low,1,0
V396,colbert,37.08,1,2,169.13,34.24,34.47,11.1,28.94,78.66,35.1,17.15,8,internal_medicine,>=5_years,low,1,0
V396,control,42.8,1,2,201.91,42.68,53.31,15.61,50.92,64.78,50.09,21.35,9,internal_medicine,>=5_years,low,1,0
V524,bm25,89.57,1,4,193.13,55.23,73.26,28.92,64.97,53.58,69.32,41.36,1,internal_medicine,<5_years,high,3,0
V524,graphcare,80.21,1,4,159.67,46.54,55.19,16.91,53.06,69.46,56.95,27.64,2,internal_medicine,<5_years,high,3,0
V524,medcpt,75.52,1,4,151.67,45.3,50.57,20.7,50.92,63.99,50.8,34.8,3,internal_medicine,<5_years,high,3,0
V524,cma,82.47,1,4,144.71,46.44,58.34,18.67,55.08,54.51,54.24,37.82,4,internal_medicine,<5_years,high,3,1
V524,gdt,77.86,1,4,116.93,40.25,47.26,12.47,41.85,66.11,50.82,22.99,5,internal_medicine,<5_years,high,3,1
V524,sdt,69.42,1,4,115.37,38.26,49.77,11.66,45.92,65.38,42.39,14.46,6,internal_medicine,<5_years,high,3,1
V524,llm_rag,80.34,1,4,156.23,42.75,56.42,10.67,43.65,56.53,57.21,31.99,7,internal_medicine,<5_years,high,3,0
V524,colbert,73.87,1,4,147.98,43.31,55.14,8.68,52.56,60.74,52.02,30.71,8,internal_medicine,<5_years,high,3,0
V524,control,95.11,1,4,180.7,52.95,73.11,15.69,67.76,51.94,69.15,40.06,9,internal_medicine,<5_years,high,3,0
V017,medcpt,76.69,1,4,136.88,45.82,56.19,16.82,45.91,64.92,56.06,35.0,1,internal_medicine,<5_years,high,3,0
V017,llm_rag,84.11,1,4,166.05,44.77,54.63,20.17,48.42,63.57,58.31,23.48,2,internal_medicine,<5_years,high,3,0
V017,colbert,79.3,1,4,159.39,45.23,60.23,16.73,46.9,65.91,53.74,27.88,3,internal_medicine,<5_years,high,3,0
V017,cma,81.04,1,4,142.39,47.38,59.71,13.98,50.13,66.79,58.99,34.64,4,internal_medicine,<5_years,high,3,1
V017,sdt,70.14,1,4,113.7,36.87,41.82,10.0,39.73,72.83,37.47,19.38,5,internal_medicine,<5_years,high,3,1
V017,graphcare,78.6,1,4,142.63,43.11,50.94,12.19,54.3,65.11,50.36,25.75,6,internal_medicine,<5_years,high,3,0
V017,bm25,96.35,1,4,182.35,55.72,70.87,12.95,72.23,59.54,76.99,41.72,7,internal_medicine,<5_years,high,3,0
V017,control,90.6,1,4,192.24,54.36,71.87,25.66,74.28,54.28,66.0,34.06,8,internal_medicine,<5_years,high,3,0
V017,gdt,77.61,1,4,126.15,42.97,58.75,13.08,51.44,65.47,48.08,20.99,9,internal_medicine,<5_years,high,3,1
V972,colbert,100.67,1,5,159.33,46.11,65.61,14.68,56.36,49.98,60.29,29.73,1,emergency,<5_years,high,3,0
V972,control,110.5,1,5,177.28,60.34,81.85,29.32,76.37,46.72,80.82,46.96,2,emergency,<5_years,high,3,0
V972,llm_rag,106.49,1,5,167.72,47.01,69.21,18.87,58.25,51.6,55.07,29.03,3,emergency,<5_years,high,3,0
V972,graphcare,89.32,1,5,138.06,47.84,61.49,14.01,54.99,67.57,58.36,30.62,4,emergency,<5_years,high,3,0
V972,gdt,98.43,1,5,130.43,47.78,62.74,24.32,54.76,55.97,54.62,34.27,5,emergency,<5_years,high,3,1
V972,medcpt,99.77,1,5,140.18,47.99,59.52,18.11,66.76,54.52,57.62,31.41,6,emergency,<5_years,high,3,0
V972,bm25,115.2,1,5,193.33,60.75,79.97,25.49,87.98,53.72,72.31,45.02,7,emergency,<5_years,high,3,0
V972,cma,110.39,1,5,143.97,50.41,71.81,13.13,57.36,57.73,69.48,32.93,8,emergency,<5_years,high,3,1
V972,sdt,87.71,1,5,111.86,40.22,50.15,9.32,41.39,61.5,54.13,24.81,9,emergency,<5_years,high,3,1
V270,gdt,20.47,1,1,135.56,27.91,21.9,0.0,22.0,77.55,33.32,12.7,1,emergency,>=5_years,low,0,1
V270,llm_rag,19.06,1,1,196.79,33.13,31.46,14.62,25.41,91.17,26.11,10.02,2,emergency,>=5_years,low,0,0
V270,bm25,19.87,1,1,163.38,37.87,44.44,10.98,37.54,73.62,35.63,25.05,3,emergency,>=5_years,low,0,0
V270,control,25.9,1,1,181.51,38.59,45.36,7.25,45.63,69.3,41.61,22.38,4,emergency,>=5_years,low,0,0
V270,medcpt,20.66,1,1,113.98,32.25,33.31,7.51,26.35,81.14,29.15,16.01,5,emergency,>=5_years,low,0,0
V270,sdt,17.04,1,1,102.52,23.08,17.49,3.04,11.15,76.87,15.27,14.65,6,emergency,>=5_years,low,0,1
V270,colbert,20.68,1,1,143.45,34.28,37.82,12.25,25.84,79.74,30.49,19.52,7,emergency,>=5_years,low,0,0
V270,cma,18.52,1,1,141.99,29.47,29.37,6.44,27.36,77.79,26.19,9.66,8,emergency,>=5_years,low,0,1
V270,graphcare,20.21,1,1,158.59,29.91,29.24,4.03,24.15,81.25,30.79,10.0,9,emergency,>=5_years,low,0,0
V708,colbert,21.41,1,1,193.34,29.63,24.04,15.53,24.55,76.8,20.3,16.55,1,internal_medicine,>=5_years,low,0,0
V708,llm_rag,18.0,1,1,144.61,29.07,30.2,1.07,20.44,81.97,26.58,14.15,2,internal_medicine,>=5_years,low,0,0
V708,cma,19.03,1,1,141.19,30.77,31.17,9.1,21.78,80.27,27.07,15.25,3,internal_medicine,>=5_years,low,0,1
V708,sdt,19.21,1,1,115.8,26.82,23.88,15.05,9.7,85.42,17.12,9.77,4,internal_medicine,>=5_years,low,0,1
V708,bm25,21.83,1,1,200.11,42.4,44.75,15.52,42.97,78.89,42.72,29.56,5,internal_medicine,>=5_years,low,0,0
V708,medcpt,19.58,1,1,126.72,30.39,28.47,13.25,20.77,77.25,27.44,15.18,6,internal_medicine,>=5_years,low,0,0
V708,gdt,18.15,1,1,101.5,26.33,24.94,3.25,19.67,80.03,20.65,9.42,7,internal_medicine,>=5_years,low,0,1
V708,graphcare,20.87,1,1,148.5,30.06,32.07,6.1,28.65,79.37,20.3,13.85,8,internal_medicine,>=5_years,low,0,0
V708,control,24.23,1,1,218.71,37.49,40.4,12.2,43.4,69.38,40.39,19.16,9,internal_medicine,>=5_years,low,0,0
V641,bm25,20.71,1,1,187.57,39.02,42.49,11.39,42.77,70.65,45.69,21.14,1,emergency,>=5_years,low,0,0
V641,colbert,22.0,1,1,142.04,33.55,28.25,11.99,26.9,79.66,36.22,18.3,2,emergency,>=5_years,low,0,0
V641,llm_rag,26.04,1,1,172.97,33.72,33.06,10.14,28.75,74.93,35.19,20.22,3,emergency,>=5_years,low,0,0
V641,medcpt,19.12,1,1,162.64,29.28,30.82,4.91,28.66,81.44,19.85,10.0,4,emergency,>=5_years,low,0,0
V641,sdt,17.69,1,1,99.31,23.87,20.45,5.03,16.93,81.04,18.57,1.21,5,emergency,>=5_years,low,0,1
V641,control,22.77,1,1,166.59,39.32,40.11,11.49,47.37,70.77,41.87,24.33,6,emergency,>=5_years,low,0,0
V641,graphcare,18.19,1,1,163.43,28.77,20.16,7.44,22.39,82.82,25.87,13.97,7,emergency,>=5_years,low,0,0
V641,gdt,19.87,1,1,118.58,28.19,21.27,10.38,24.43,80.72,19.87,12.48,8,emergency,>=5_years,low,0,1
V641,cma,19.66,1,1,151.17,32.76,31.44,14.19,24.78,81.84,23.19,21.14,9,emergency,>=5_years,low,0,1
V225,llm_rag,78.94,1,4,162.12,46.71,55.5,21.79,48.79,69.14,57.71,27.32,1,critical_care,>=5_years,high,1,0
V225,medcpt,79.54,1,4,140.96,47.74,68.63,12.58,49.04,67.2,53.27,35.72,2,critical_care,>=5_years,high,1,0
V225,colbert,77.49,1,4,160.5,43.22,49.18,12.19,57.44,60.37,54.54,25.58,3,critical_care,>=5_years,high,1,0
V225,bm25,193.78,0,4,187.9,71.22,100.0,29.17,100.0,39.0,99.73,59.43,4,critical_care,>=5_years,high,1,0
V225,sdt,73.6,1,4,108.16,36.43,38.3,21.08,36.56,71.48,35.85,15.3,5,critical_care,>=5_years,high,1,1
V225,gdt,82.02,1,4,128.08,46.55,54.73,21.7,45.26,71.55,57.7,28.34,6,critical_care,>=5_years,high,1,1
V225,cma,174.69,0,4,150.77,62.15,91.91,23.87,78.58,46.84,81.5,50.18,7,critical_care,>=5_years,high,1,1
V225,graphcare,74.2,1,4,148.44,40.44,43.98,12.26,47.74,66.72,50.44,21.47,8,critical_care,>=5_years,high,1,0
V225,control,196.82,0,4,179.76,68.5,100.0,28.8,95.15,29.57,99.2,58.27,9,critical_care,>=5_years,high,1,0
V924,llm_rag,76.03,1,4,158.52,43.32,46.7,14.52,46.37,70.71,52.62,29.03,1,hospital_medicine,>=5_years,high,2,0
V924,sdt,77.58,1,4,106.39,40.43,48.6,11.5,41.05,65.93,51.72,23.8,2,hospital_medicine,>=5_years,high,2,1
V924,control,103.29,1,4,200.42,56.0,74.63,13.54,72.91,49.84,76.19,48.9,3,hospital_medicine,>=5_years,high,2,0
V924,bm25,89.79,1,4,198.65,56.68,75.37,15.32,68.07,56.67,75.17,49.49,4,hospital_medicine,>=5_years,high,2,0
V924,cma,78.01,1,4,155.81,43.89,46.12,14.34,54.86,61.84,54.68,31.46,5,hospital_medicine,>=5_years,high,2,1
V924,medcpt,85.75,1,4,149.18,44.19,53.84,12.29,57.28,53.97,55.79,31.95,6,hospital_medicine,>=5_years,high,2,0
V924,graphcare,77.92,1,4,140.62,42.15,55.68,8.56,45.22,67.21,47.76,28.44,7,hospital_medicine,>=5_years,high,2,0
V924,colbert,76.38,1,4,146.55,44.49,50.11,17.83,50.44,65.97,53.18,29.43,8,hospital_medicine,>=5_years,high,2,0
V924,gdt,68.88,1,4,130.97,40.17,51.68,10.64,42.52,62.72,49.2,24.29,9,hospital_medicine,>=5_years,high,2,1
V687,graphcare,103.34,1,5,152.15,48.76,57.03,18.09,63.57,58.46,67.12,28.27,1,critical_care,<5_years,high,3,0
V687,colbert,93.52,1,5,159.71,47.26,56.06,13.15,52.69,62.05,64.76,34.85,2,critical_care,<5_years,high,3,0
V687,control,116.71,1,5,186.2,58.12,82.55,27.2,71.07,45.16,74.39,48.33,3,critical_care,<5_years,high,3,0
V687,llm_rag,101.15,1,5,159.41,48.0,62.87,17.37,50.61,54.03,63.54,39.58,4,critical_care,<5_years,high,3,0
V687,sdt,91.53,1,5,109.76,42.71,55.76,17.4,49.48,65.58,45.06,22.96,5,critical_care,<5_years,high,3,1
V687,medcpt,97.89,1,5,140.64,49.63,69.05,17.08,57.34,61.8,60.93,31.56,6,critical_care,<5_years,high,3,0
V687,gdt,99.9,1,5,119.43,46.14,64.12,19.46,48.86,56.71,55.13,32.55,7,critical_care,<5_years,high,3,1
V687,cma,102.37,1,5,141.04,50.25,63.89,18.17,61.53,61.12,61.13,35.66,8,critical_care,<5_years,high,3,1
V687,bm25,118.73,1,5,188.2,59.25,78.85,15.4,77.46,49.82,79.54,54.4,9,critical_care,<5_years,high,3,0
V224,graphcare,40.81,1,2,138.33,31.93,29.59,16.56,27.64,72.53,28.39,16.88,1,internal_medicine,<5_years,low,1,0
V224,llm_rag,39.3,1,2,169.24,35.41,31.06,9.71,39.01,80.9,37.12,14.67,2,internal_medicine,<5_years,low,1,0
V224,sdt,35.9,1,2,115.83,27.78,25.03,6.12,18.12,80.02,22.93,14.43,3,internal_medicine,<5_years,low,1,1
V224,bm25,39.66,1,2,201.71,41.85,50.84,16.61,46.41,66.63,40.57,30.05,4,internal_medicine,<5_years,low,1,0
V224,cma,40.86,1,2,137.82,33.11,29.37,13.89,33.13,72.18,37.87,12.21,5,internal_medicine,<5_years,low,1,1
V224,gdt,36.37,1,2,134.1,32.57,32.63,8.48,23.26,77.75,32.15,21.16,6,internal_medicine,<5_years,low,1,1
V224,control,46.15,1,2,203.31,40.66,50.87,9.04,46.18,65.05,41.88,30.93,7,internal_medicine,<5_years,low,1,0
V224,medcpt,35.9,1,2,143.62,33.22,35.79,13.1,27.51,69.94,32.44,20.51,8,internal_medicine,<5_years,low,1,0
V224,colbert,44.96,1,2,195.98,36.84,34.95,6.75,38.86,73.39,40.9,26.21,9,internal_medicine,<5_years,low,1,0
V787,llm_rag,76.9,1,4,168.34,42.68,56.81,13.95,48.7,64.98,49.38,22.28,1,hospital_medicine,<5_years,high,0,0
V787,medcpt,79.11,1,4,151.13,43.27,52.59,15.97,44.26,70.78,49.86,26.13,2,hospital_medicine,<5_years,high,0,0
V787,colbert,82.69,1,4,151.68,44.14,52.34,17.58,47.21,65.77,51.22,30.71,3,hospital_medicine,<5_years,high,0,0
V787,control,96.71,1,4,201.23,53.3,76.23,23.04,63.81,53.37,71.24,32.13,4,hospital_medicine,<5_years,high,0,0
V787,cma,82.05,1,4,140.61,45.13,60.07,18.2,52.02,62.52,50.72,27.24,5,hospital_medicine,<5_years,high,0,1
V787,graphcare,76.19,1,4,157.67,46.97,52.77,18.47,55.33,76.03,51.31,27.88,6,hospital_medicine,<5_years,high,0,0
V787,bm25,86.73,1,4,187.76,53.8,74.11,17.26,70.64,51.06,64.3,45.44,7,hospital_medicine,<5_years,high,0,0
V787,sdt,74.19,1,4,112.33,37.01,50.46,12.13,37.83,68.34,40.28,13.0,8,hospital_medicine,<5_years,high,0,1
V787,gdt,82.45,1,4,128.75,44.2,60.49,9.45,48.27,63.18,53.13,30.67,9,hospital_medicine,<5_years,high,0,1
V289,bm25,202.82,0,4,197.65,71.04,100.0,36.52,99.3,29.59,100.0,60.85,1,emergency,<5_years,high,2,0
V289,medcpt,85.65,1,4,140.72,44.69,61.47,12.16,51.06,60.25,48.88,34.3,2,emergency,<5_years,high,2,0
V289,gdt,70.95,1,4,132.45,39.52,47.85,13.77,39.37,66.07,45.17,24.93,3,emergency,<5_years,high,2,1
V289,sdt,72.07,1,4,118.15,36.01,39.87,14.22,33.94,66.05,39.85,22.16,4,emergency,<5_years,high,2,1
V289,cma,80.08,1,4,147.59,45.68,52.96,22.96,53.04,63.69,56.3,25.1,5,emergency,<5_years,high,2,1
V289,colbert,74.85,1,4,140.34,44.16,48.13,18.86,55.2,66.69,50.14,25.92,6,emergency,<5_years,high,2,0
V289,llm_rag,81.62,1,4,161.43,42.75,53.2,15.55,49.97,56.71,52.91,28.15,7,emergency,<5_years,high,2,0
V289,graphcare,71.47,1,4,147.36,40.81,46.34,15.67,46.27,62.49,50.62,23.48,8,emergency,<5_years,high,2,0
V289,control,90.01,1,4,185.18,51.41,70.65,15.26,63.74,54.27,68.84,35.67,9,emergency,<5_years,high,2,0
V321,colbert,97.83,1,5,155.2,48.74,61.47,20.71,56.43,60.6,60.5,32.75,1,emergency,>=5_years,high,1,0
V321,cma,103.73,1,5,146.87,47.55,64.07,17.69,58.37,58.57,58.4,28.21,2,emergency,>=5_years,high,1,1
V321,llm_rag,90.22,1,5,182.0,49.66,60.3,17.49,58.04,64.65,60.99,36.51,3,emergency,>=5_years,high,1,0
V321,medcpt,103.63,1,5,145.36,52.2,71.2,19.95,66.25,53.37,67.98,34.46,4,emergency,>=5_years,high,1,0
V321,gdt,103.97,1,5,133.72,48.35,59.41,19.74,59.99,56.98,63.64,30.37,5,emergency,>=5_years,high,1,1
V321,graphcare,100.19,1,5,141.24,43.26,53.02,12.75,50.19,55.72,58.33,29.54,6,emergency,>=5_years,high,1,0
V321,bm25,116.67,1,5,184.33,59.21,85.41,16.85,78.31,50.62,79.58,44.49,7,emergency,>=5_years,high,1,0
V321,control,113.07,1,5,203.48,60.35,84.68,24.29,76.35,51.51,78.89,46.4,8,emergency,>=5_years,high,1,0
V321,sdt,100.66,1,5,116.12,42.45,53.0,15.01,46.39,63.5,54.79,22.0,9,emergency,>=5_years,high,1,1
V656,bm25,96.63,1,4,202.7,56.99,68.89,27.25,71.7,64.67,70.23,39.21,1,internal_medicine,<5_years,high,2,0
V656,colbert,81.99,1,4,154.51,44.41,51.7,17.74,51.38,63.07,51.52,31.05,2,internal_medicine,<5_years,high,2,0
V656,cma,79.6,1,4,157.27,49.27,59.9,17.01,61.0,63.89,59.15,34.66,3,internal_medicine,<5_years,high,2,1
V656,graphcare,81.83,1,4,150.36,45.98,58.72,20.68,51.1,64.32,50.73,30.34,4,internal_medicine,<5_years,high,2,0
V656,medcpt,78.31,1,4,136.05,42.42,51.4,9.28,50.81,58.77,51.29,32.94,5,internal_medicine,<5_years,high,2,0
V656,gdt,79.32,1,4,123.94,45.45,56.34,16.87,52.66,67.05,54.41,25.4,6,internal_medicine,<5_years,high,2,1
V656,control,94.59,1,4,187.51,54.82,76.65,20.67,64.91,50.85,73.89,41.96,7,internal_medicine,<5_years,high,2,0
V656,llm_rag,80.58,1,4,163.79,42.5,53.27,10.2,50.13,67.18,52.7,21.53,8,internal_medicine,<5_years,high,2,0
V656,sdt,73.66,1,4,116.59,37.69,44.51,9.69,42.01,67.06,39.89,22.99,9,internal_medicine,<5_years,high,2,1
V542,sdt,33.71,1,2,111.0,28.83,18.87,7.52,27.83,78.38,32.41,7.97,1,internal_medicine,>=5_years,low,1,1
V542,gdt,38.13,1,2,147.51,32.31,36.07,12.31,27.48,77.45,22.94,17.59,2,internal_medicine,>=5_years,low,1,1
V542,cma,37.96,1,2,177.69,34.3,35.67,6.27,29.26,76.86,36.86,20.9,3,internal_medicine,>=5_years,low,1,1
V542,medcpt,42.76,1,2,146.89,35.67,42.13,9.92,38.26,75.1,33.42,15.2,4,internal_medicine,>=5_years,low,1,0
V542,control,43.45,1,2,202.77,44.76,44.82,21.64,57.41,67.79,48.23,28.66,5,internal_medicine,>=5_years,low,1,0
V542,llm_rag,37.5,1,2,154.95,35.18,28.53,9.39,35.57,78.83,33.33,25.44,6,internal_medicine,>=5_years,low,1,0
V542,colbert,41.47,1,2,163.87,31.01,30.46,12.78,28.28,67.66,32.23,14.68,7,internal_medicine,>=5_years,low,1,0
V542,graphcare,44.05,1,2,148.72,36.92,46.06,16.18,33.38,67.9,34.55,23.42,8,internal_medicine,>=5_years,low,1,0
V542,bm25,46.25,1,2,232.07,42.83,55.09,13.63,40.18,67.37,48.06,32.65,9,internal_medicine,>=5_years,low,1,0
V802,llm_rag,55.3,1,3,182.11,36.03,43.92,12.17,39.2,63.45,38.8,18.64,1,emergency,>=5_years,low,1,0
V802,graphcare,64.0,1,3,154.91,38.56,47.99,10.94,39.2,69.71,44.94,18.56,2,emergency,>=5_years,low,1,0
V802,sdt,52.9,1,3,109.75,36.39,35.93,15.32,36.09,73.22,40.32,17.45,3,emergency,>=5_years,low,1,1
V802,gdt,58.53,1,3,129.14,39.06,42.14,16.0,38.61,73.81,40.1,23.69,4,emergency,>=5_years,low,1,1
V802,cma,63.07,1,3,148.62,39.29,41.85,14.83,49.13,63.49,42.65,23.8,5,emergency,>=5_years,low,1,1
V802,control,65.98,1,3,182.29,49.18,58.49,14.82,60.91,63.82,61.33,35.72,6,emergency,>=5_years,low,1,0
V802,colbert,58.62,1,3,156.31,39.39,48.41,12.79,40.3,67.8,40.78,26.26,7,emergency,>=5_years,low,1,0
V802,bm25,71.37,1,3,171.59,52.79,69.14,22.1,62.33,56.29,65.7,41.21,8,emergency,>=5_years,low,1,0
V802,medcpt,60.45,1,3,148.27,41.15,43.44,17.25,44.89,72.0,46.06,23.25,9,emergency,>=5_years,low,1,0
V478,medcpt,103.46,1,5,142.62,49.29,61.59,22.19,67.83,49.77,65.05,29.32,1,hospital_medicine,>=5_years,high,1,0
V478,sdt,87.62,1,5,115.84,44.46,57.96,24.12,41.47,71.67,47.43,24.12,2,hospital_medicine,>=5_years,high,1,1
V478,control,108.39,1,5,188.79,55.66,78.23,16.9,70.43,43.56,78.35,46.52,3,hospital_medicine,>=5_years,high,1,0
V478,colbert,95.68,1,5,150.6,46.85,60.27,15.47,56.5,60.96,55.44,32.45,4,hospital_medicine,>=5_years,high,1,0
V478,cma,101.65,1,5,142.88,49.48,59.64,14.64,60.01,59.81,65.36,37.4,5,hospital_medicine,>=5_years,high,1,1
V478,llm_rag,98.13,1,5,170.57,48.69,50.91,22.07,58.03,62.98,64.34,33.82,6,hospital_medicine,>=5_years,high,1,0
V478,bm25,119.41,1,5,198.48,60.08,87.37,17.36,78.95,50.08,79.29,47.45,7,hospital_medicine,>=5_years,high,1,0
V478,graphcare,96.22,1,5,144.83,46.29,64.06,11.22,58.09,60.18,55.7,28.52,8,hospital_medicine,>=5_years,high,1,0
V478,gdt,96.05,1,5,121.66,48.13,55.94,19.7,54.74,64.93,62.03,31.47,9,hospital_medicine,>=5_years,high,1,1
V470,colbert,300.0,0,5,164.61,71.68,100.0,42.53,100.0,16.14,100.0,71.41,1,critical_care,>=5_years,high,2,0
V470,sdt,300.0,0,5,107.69,69.69,100.0,39.33,100.0,23.87,100.0,54.96,2,critical_care,>=5_years,high,2,1
V470,gdt,300.0,0,5,128.14,70.16,100.0,32.46,100.0,17.51,100.0,70.99,3,critical_care,>=5_years,high,2,1
V470,control,300.0,0,5,195.23,71.47,100.0,32.82,100.0,7.77,100.0,88.23,4,critical_care,>=5_years,high,2,0
V470,graphcare,300.0,0,5,146.57,70.97,100.0,34.9,100.0,15.69,100.0,75.23,5,critical_care,>=5_years,high,2,0
V470,bm25,300.0,0,5,200.88,70.77,100.0,31.07,100.0,9.5,100.0,84.03,6,critical_care,>=5_years,high,2,0
V470,llm_rag,300.0,0,5,166.63,70.95,100.0,36.03,100.0,19.78,100.0,69.88,7,critical_care,>=5_years,high,2,0
V470,cma,300.0,0,5,144.02,70.16,100.0,35.61,100.0,10.46,100.0,74.91,8,critical_care,>=5_years,high,2,1
V470,medcpt,300.0,0,5,133.21,70.12,100.0,34.68,100.0,14.45,100.0,71.59,9,critical_care,>=5_years,high,2,0
V438,cma,149.31,0,3,163.61,53.72,77.71,26.06,64.9,41.39,72.73,39.52,1,internal_medicine,<5_years,high,2,1
V438,graphcare,146.7,0,3,131.51,53.03,72.33,19.67,62.21,54.83,70.8,38.31,2,internal_medicine,<5_years,high,2,0
V438,llm_rag,166.72,0,3,157.84,57.42,82.51,23.73,67.23,53.29,72.66,45.07,3,internal_medicine,<5_years,high,2,0
V438,control,175.19,0,3,176.18,67.85,97.98,29.92,94.43,34.33,92.54,57.91,4,internal_medicine,<5_years,high,2,0
V438,gdt,151.39,0,3,135.6,49.95,68.48,17.8,66.9,45.32,66.47,34.75,5,internal_medicine,<5_years,high,2,1
V438,bm25,169.81,0,3,187.41,64.34,100.0,18.68,90.56,37.7,92.85,46.26,6,internal_medicine,<5_years,high,2,0
V438,medcpt,159.45,0,3,148.12,54.92,77.31,24.49,67.4,42.57,73.55,44.19,7,internal_medicine,<5_years,high,2,0
V438,colbert,159.28,0,3,149.62,57.07,81.0,29.55,68.52,48.18,73.0,42.17,8,internal_medicine,<5_years,high,2,0
V438,sdt,137.98,0,3,113.98,50.84,71.22,19.71,59.97,60.54,58.02,35.59,9,internal_medicine,<5_years,high,2,1
V541,control,21.74,1,1,205.65,37.52,39.6,8.85,40.01,73.77,44.05,18.87,1,hospital_medicine,>=5_years,low,0,0
V541,cma,19.94,1,1,142.5,30.61,31.8,12.32,21.33,74.02,27.2,16.97,2,hospital_medicine,>=5_years,low,0,1
V541,bm25,22.77,1,1,230.04,38.3,42.72,6.97,44.5,73.88,40.44,21.32,3,hospital_medicine,>=5_years,low,0,0
V541,colbert,17.65,1,1,155.11,29.57,27.98,10.85,20.78,83.7,27.37,6.75,4,hospital_medicine,>=5_years,low,0,0
V541,graphcare,17.06,1,1,187.66,30.96,23.63,10.84,25.94,80.88,29.61,14.87,5,hospital_medicine,>=5_years,low,0,0
V541,sdt,16.44,1,1,102.84,23.72,20.1,12.58,16.6,81.18,8.77,3.12,6,hospital_medicine,>=5_years,low,0,1
V541,gdt,20.86,1,1,114.36,32.01,19.21,12.42,25.78,82.57,32.27,19.79,7,hospital_medicine,>=5_years,low,0,1
V541,llm_rag,20.35,1,1,198.06,28.33,24.07,11.86,24.05,79.21,21.65,9.16,8,hospital_medicine,>=5_years,low,0,0
V541,medcpt,19.3,1,1,134.25,29.24,25.32,8.76,23.4,85.13,20.69,12.15,9,hospital_medicine,>=5_years,low,0,0
V940,gdt,95.91,1,5,125.49,46.71,59.29,21.11,57.35,56.57,54.62,31.35,1,critical_care,<5_years,high,2,1
V940,sdt,96.46,1,5,119.57,41.15,56.83,10.48,39.87,62.7,54.02,22.97,2,critical_care,<5_years,high,2,1
V940,graphcare,95.3,1,5,157.03,45.61,58.17,16.81,61.04,56.66,58.6,22.38,3,critical_care,<5_years,high,2,0
V940,medcpt,104.04,1,5,142.61,49.09,65.42,24.04,60.61,48.49,62.57,33.4,4,critical_care,<5_years,high,2,0
V940,colbert,90.16,1,5,153.19,45.61,58.55,14.05,51.73,60.28,58.51,30.57,5,critical_care,<5_years,high,2,0
V940,control,124.96,1,5,202.02,61.28,88.65,25.75,82.17,47.79,78.78,44.54,6,critical_care,<5_years,high,2,0
V940,bm25,111.49,1,5,195.52,60.35,84.86,22.72,77.32,51.78,77.4,48.04,7,critical_care,<5_years,high,2,0
V940,llm_rag,93.38,1,5,165.22,44.71,63.54,11.54,46.64,59.68,55.36,31.52,8,critical_care,<5_years,high,2,0
V940,cma,101.33,1,5,151.59,49.95,66.77,16.87,56.76,63.98,62.73,32.6,9,critical_care,<5_years,high,2,1
V916,colbert,78.18,1,4,160.54,46.25,58.36,15.2,51.09,60.81,52.82,39.25,1,internal_medicine,>=5_years,high,3,0
V916,sdt,73.26,1,4,112.5,38.63,39.3,14.37,39.36,70.75,42.19,25.83,2,internal_medicine,>=5_years,high,3,1
V916,gdt,76.63,1,4,127.05,44.49,53.84,16.78,48.31,70.9,50.95,26.14,3,internal_medicine,>=5_years,high,3,1
V916,graphcare,76.91,1,4,156.5,41.09,47.84,9.86,48.64,64.29,48.5,27.4,4,internal_medicine,>=5_years,high,3,0
V916,control,97.2,1,4,186.23,54.56,67.15,17.73,68.65,65.7,65.12,43.04,5,internal_medicine,>=5_years,high,3,0
V916,medcpt,72.51,1,4,139.21,42.69,45.99,21.41,50.1,59.38,47.09,32.18,6,internal_medicine,>=5_years,high,3,0
V916,bm25,94.15,1,4,179.51,53.34,73.35,12.78,68.78,62.32,67.34,35.45,7,internal_medicine,>=5_years,high,3,0
V916,llm_rag,72.21,1,4,160.57,41.97,55.25,11.29,42.36,66.45,51.09,25.38,8,internal_medicine,>=5_years,high,3,0
V916,cma,78.48,1,4,153.48,43.94,49.23,16.2,46.88,61.47,55.83,34.0,9,internal_medicine,>=5_years,high,3,1
V723,bm25,120.37,1,5,184.49,61.1,83.02,23.07,78.01,46.89,85.64,49.98,1,emergency,>=5_years,high,4,0
V723,gdt,92.35,1,5,128.1,45.66,57.79,16.75,58.57,58.7,54.3,27.84,2,emergency,>=5_years,high,4,1
V723,control,118.53,1,5,213.13,64.08,83.91,26.43,86.91,53.69,82.18,51.38,3,emergency,>=5_years,high,4,0
V723,graphcare,93.61,1,5,158.82,46.23,54.33,10.69,53.26,60.8,61.42,36.86,4,emergency,>=5_years,high,4,0
V723,colbert,99.59,1,5,163.97,49.32,66.29,11.31,55.68,66.73,65.59,30.32,5,emergency,>=5_years,high,4,0
V723,sdt,97.0,1,5,116.74,43.13,56.7,16.45,49.84,56.67,53.62,25.49,6,emergency,>=5_years,high,4,1
V723,cma,101.28,1,5,140.94,53.1,70.77,15.94,69.86,61.49,66.54,34.02,7,emergency,>=5_years,high,4,1
V723,medcpt,98.7,1,5,145.31,46.86,62.2,12.83,55.25,56.94,62.81,31.15,8,emergency,>=5_years,high,4,0
V723,llm_rag,99.17,1,5,160.59,49.34,68.77,17.56,53.52,62.47,61.21,32.54,9,emergency,>=5_years,high,4,0
V762,gdt,79.25,1,4,130.08,40.53,48.29,10.92,49.36,61.59,50.4,22.64,1,critical_care,>=5_years,high,2,1
V762,graphcare,79.97,1,4,150.9,44.0,48.56,10.61,50.13,71.42,53.32,29.97,2,critical_care,>=5_years,high,2,0
V762,medcpt,81.2,1,4,137.67,44.84,52.85,27.44,44.86,67.63,51.11,25.16,3,critical_care,>=5_years,high,2,0
V762,cma,76.4,1,4,148.03,46.16,57.39,17.17,51.27,64.25,55.68,31.22,4,critical_care,>=5_years,high,2,1
V762,colbert,80.99,1,4,149.13,44.15,59.07,15.4,48.75,61.56,48.49,31.67,5,critical_care,>=5_years,high,2,0
V762,llm_rag,78.17,1,4,142.01,44.88,51.43,15.97,50.66,65.84,58.37,26.99,6,critical_care,>=5_years,high,2,0
V762,sdt,73.63,1,4,110.16,40.1,40.51,17.5,38.45,79.33,42.23,22.59,7,critical_care,>=5_years,high,2,1
V762,control,95.77,1,4,186.57,55.82,72.43,18.6,70.65,56.52,74.96,41.79,8,critical_care,>=5_years,high,2,0
V762,bm25,100.31,1,4,183.88,55.1,72.97,20.19,72.2,56.9,68.12,40.26,9,critical_care,>=5_years,high,2,0
V511,bm25,71.77,1,3,195.65,49.18,67.65,19.2,48.32,58.19,65.25,36.44,1,emergency,<5_years,high,2,0
V511,gdt,60.04,1,3,110.6,35.91,41.89,14.62,36.63,65.34,38.17,18.78,2,emergency,<5_years,high,2,1
V511,graphcare,59.08,1,3,145.25,37.09,45.97,10.04,38.2,65.91,43.98,18.43,3,emergency,<5_years,high,2,0
V511,sdt,56.59,1,3,113.09,34.42,30.79,11.71,34.07,71.66,35.22,23.05,4,emergency,<5_years,high,2,1
V511,llm_rag,249.22,0,3,164.34,69.72,100.0,32.03,100.0,35.19,94.08,57.02,5,emergency,<5_years,high,2,0
V511,cma,61.58,1,3,144.46,43.52,58.15,8.5,50.98,66.27,45.72,31.49,6,emergency,<5_years,high,2,1
V511,medcpt,59.59,1,3,151.48,40.91,47.4,10.49,47.03,72.68,43.65,24.19,7,emergency,<5_years,high,2,0
V511,colbert,57.44,1,3,145.69,37.44,41.71,11.01,35.92,71.72,43.21,21.07,8,emergency,<5_years,high,2,0
V511,control,72.43,1,3,205.25,46.41,59.8,11.51,61.12,57.02,59.21,29.77,9,emergency,<5_years,high,2,0
V035,llm_rag,54.05,1,3,172.32,38.32,45.93,6.41,41.34,77.77,37.13,21.35,1,hospital_medicine,>=5_years,low,1,0
V035,colbert,60.36,1,3,174.38,40.55,44.24,14.97,46.91,71.01,46.98,19.18,2,hospital_medicine,>=5_years,low,1,0
V035,bm25,74.54,1,3,203.56,52.59,62.8,17.91,65.97,57.56,69.53,41.74,3,hospital_medicine,>=5_years,low,1,0
V035,sdt,55.07,1,3,112.86,35.62,38.56,11.57,28.83,71.57,39.9,23.3,4,hospital_medicine,>=5_years,low,1,1
V035,gdt,58.7,1,3,119.35,36.4,39.34,18.41,35.67,68.19,39.82,16.97,5,hospital_medicine,>=5_years,low,1,1
V035,medcpt,54.54,1,3,140.59,40.34,48.31,12.27,41.97,68.52,47.33,23.63,6,hospital_medicine,>=5_years,low,1,0
V035,control,65.89,1,3,183.18,46.38,64.64,15.62,50.29,58.15,57.26,32.31,7,hospital_medicine,>=5_years,low,1,0
V035,cma,61.38,1,3,145.09,41.43,48.57,16.22,51.69,68.27,38.82,24.99,8,hospital_medicine,>=5_years,low,1,1
V035,graphcare,64.61,1,3,137.51,39.62,40.02,12.53,40.75,75.42,44.79,24.2,9,hospital_medicine,>=5_years,low,1,0
V770,sdt,89.22,1,5,116.07,43.63,59.47,13.08,43.82,64.96,52.38,28.06,1,critical_care,>=5_years,high,3,1
V770,llm_rag,190.83,0,5,167.33,66.33,92.57,27.53,84.01,41.62,92.38,59.88,2,critical_care,>=5_years,high,3,0
V770,bm25,120.16,1,5,204.59,60.53,82.54,25.54,85.63,40.28,83.53,45.64,3,critical_care,>=5_years,high,3,0
V770,graphcare,91.99,1,5,147.62,46.11,65.59,15.71,56.37,57.77,54.17,27.06,4,critical_care,>=5_years,high,3,0
V770,control,111.5,1,5,196.84,60.61,80.29,22.97,79.11,48.7,81.63,50.94,5,critical_care,>=5_years,high,3,0
V770,medcpt,101.08,1,5,144.97,51.16,70.34,17.54,59.91,61.81,63.46,33.89,6,critical_care,>=5_years,high,3,0
V770,colbert,101.52,1,5,145.11,51.72,70.09,14.22,63.12,58.8,64.39,39.7,7,critical_care,>=5_years,high,3,0
V770,gdt,96.46,1,5,124.42,47.12,58.87,15.2,57.22,66.46,53.5,31.46,8,critical_care,>=5_years,high,3,1
V770,cma,98.33,1,5,150.44,51.15,68.86,15.12,61.3,63.56,57.93,40.15,9,critical_care,>=5_years,high,3,1
V050,bm25,125.1,1,5,220.54,59.57,79.74,24.11,75.02,47.37,79.23,51.97,1,critical_care,>=5_years,high,4,0
V050,sdt,84.83,1,5,117.07,40.18,50.55,12.34,44.23,66.61,48.46,18.91,2,critical_care,>=5_years,high,4,1
V050,cma,102.16,1,5,143.98,50.64,61.57,19.92,60.68,61.26,66.6,33.79,3,critical_care,>=5_years,high,4,1
V050,medcpt,99.24,1,5,145.53,49.31,59.61,18.61,59.51,52.96,62.17,43.0,4,critical_care,>=5_years,high,4,0
V050,control,117.45,1,5,189.23,58.72,79.02,16.41,83.72,45.25,81.31,46.6,5,critical_care,>=5_years,high,4,0
V050,graphcare,90.64,1,5,160.05,48.21,67.94,12.71,55.97,66.53,57.15,28.98,6,critical_care,>=5_years,high,4,0
V050,gdt,93.74,1,5,139.35,45.9,59.22,14.43,57.93,54.22,56.4,33.18,7,critical_care,>=5_years,high,4,1
V050,llm_rag,102.43,1,5,160.63,45.65,58.34,11.28,52.67,55.26,60.13,36.23,8,critical_care,>=5_years,high,4,0
V050,colbert,96.83,1,5,161.03,48.36,69.93,13.66,54.08,60.99,59.43,32.07,9,critical_care,>=5_years,high,4,0
V643,cma,40.27,1,2,138.29,36.11,39.33,12.53,37.15,68.32,36.97,22.33,1,critical_care,>=5_years,low,1,1
V643,colbert,45.33,1,2,172.46,35.18,40.62,9.02,34.61,69.06,35.07,22.71,2,critical_care,>=5_years,low,1,0
V643,bm25,43.01,1,2,183.5,46.78,57.12,21.21,50.62,69.1,48.6,34.04,3,critical_care,>=5_years,low,1,0
V643,control,43.87,1,2,204.8,40.63,44.08,16.08,49.48,63.65,42.2,28.3,4,critical_care,>=5_years,low,1,0
V643,sdt,33.25,1,2,109.07,29.13,26.52,6.82,21.86,76.44,23.56,19.6,5,critical_care,>=5_years,low,1,1
V643,medcpt,36.46,1,2,150.88,36.09,37.23,10.3,34.16,80.97,30.76,23.11,6,critical_care,>=5_years,low,1,0
V643,gdt,34.51,1,2,117.74,31.49,32.35,8.23,32.32,70.68,33.64,11.74,7,critical_care,>=5_years,low,1,1
V643,llm_rag,38.03,1,2,163.84,31.0,40.11,2.14,26.1,71.72,27.09,18.85,8,critical_care,>=5_years,low,1,0
V643,graphcare,35.65,1,2,148.77,33.99,33.05,10.16,27.3,85.99,31.52,15.93,9,critical_care,>=5_years,low,1,0
V058,cma,81.81,1,4,150.89,43.96,55.48,15.65,48.31,60.06,54.53,29.72,1,emergency,<5_years,high,1,1
V058,medcpt,78.95,1,4,142.68,42.84,56.26,6.84,43.24,72.14,47.16,31.42,2,emergency,<5_years,high,1,0
V058,graphcare,73.54,1,4,143.44,43.76,53.87,13.91,46.64,67.61,50.05,30.47,3,emergency,<5_years,high,1,0
V058,control,86.37,1,4,187.12,49.91,71.16,16.54,68.6,47.85,60.72,34.56,4,emergency,<5_years,high,1,0
V058,gdt,73.45,1,4,136.24,43.05,52.57,8.87,51.52,68.08,50.33,26.94,5,emergency,<5_years,high,1,1
V058,sdt,73.58,1,4,111.39,35.46,46.36,12.11,30.95,72.37,36.13,14.83,6,emergency,<5_years,high,1,1
V058,llm_rag,80.43,1,4,164.38,40.06,55.63,16.55,41.09,61.22,46.69,19.14,7,emergency,<5_years,high,1,0
V058,colbert,85.52,1,4,153.07,46.0,50.8,10.09,58.06,66.84,54.63,35.59,8,emergency,<5_years,high,1,0
V058,bm25,95.76,1,4,203.21,57.35,78.77,23.51,71.23,53.55,75.26,41.79,9,emergency,<5_years,high,1,0
V190,colbert,33.66,1,2,162.95,32.23,38.1,5.68,32.84,74.24,33.43,9.13,1,internal_medicine,<5_years,low,0,0
V190,llm_rag,137.82,0,2,165.46,51.52,70.06,14.69,62.69,58.46,65.07,38.16,2,internal_medicine,<5_years,low,0,0
V190,medcpt,41.64,1,2,150.31,32.74,33.98,11.06,27.45,70.98,35.52,17.45,3,internal_medicine,<5_years,low,0,0
V190,control,47.99,1,2,177.64,45.09,53.07,17.25,51.03,59.89,54.67,34.64,4,internal_medicine,<5_years,low,0,0
V190,gdt,34.9,1,2,125.99,31.52,34.33,9.1,21.47,74.68,37.42,12.12,5,internal_medicine,<5_years,low,0,1
V190,sdt,37.21,1,2,103.24,29.75,25.49,4.87,23.75,83.13,26.03,15.23,6,internal_medicine,<5_years,low,0,1
V190,bm25,49.3,1,2,186.77,47.61,57.7,17.38,55.58,69.43,55.96,29.61,7,internal_medicine,<5_years,low,0,0
V190,graphcare,40.02,1,2,155.04,35.4,35.52,12.45,28.46,78.84,34.42,22.71,8,internal_medicine,<5_years,low,0,0
V190,cma,42.13,1,2,130.75,34.7,40.2,1.41,37.7,69.98,37.38,21.52,9,internal_medicine,<5_years,low,0,1
V355,bm25,21.85,1,1,182.0,39.54,48.12,10.12,42.83,75.83,37.8,22.52,1,critical_care,>=5_years,low,0,0
V355,graphcare,18.64,1,1,145.98,29.88,24.98,10.93,24.15,85.07,24.23,9.89,2,critical_care,>=5_years,low,0,0
V355,control,21.29,1,1,212.27,41.66,44.82,13.81,49.47,71.45,39.24,31.17,3,critical_care,>=5_years,low,0,0
V355,cma,17.34,1,1,122.85,30.48,31.63,6.56,28.54,77.39,24.51,14.23,4,critical_care,>=5_years,low,0,1
V355,sdt,15.64,1,1,123.48,26.4,14.25,8.11,12.85,90.27,22.92,10.0,5,critical_care,>=5_years,low,0,1
V355,llm_rag,19.33,1,1,191.65,28.51,26.35,8.52,20.24,80.87,24.81,10.24,6,critical_care,>=5_years,low,0,0
V355,colbert,19.85,1,1,176.91,32.48,37.31,8.86,19.98,78.85,29.5,20.38,7,critical_care,>=5_years,low,0,0
V355,medcpt,20.18,1,1,130.2,31.16,19.44,12.34,27.85,82.83,31.64,12.85,8,critical_care,>=5_years,low,0,0
V355,gdt,20.3,1,1,112.69,27.79,19.72,4.94,27.64,82.84,24.47,7.14,9,critical_care,>=5_years,low,0,1
V052,graphcare,185.37,0,5,142.68,61.68,88.93,26.54,82.06,34.67,89.2,48.66,1,hospital_medicine,<5_years,high,4,0
V052,gdt,98.5,1,5,138.28,46.9,62.52,16.57,55.41,58.78,59.85,28.26,2,hospital_medicine,<5_years,high,4,1
V052,sdt,87.12,1,5,111.17,40.19,57.25,7.82,44.22,59.54,46.15,26.17,3,hospital_medicine,<5_years,high,4,1
V052,control,127.22,1,5,195.76,59.51,81.27,23.48,75.34,44.6,80.47,51.89,4,hospital_medicine,<5_years,high,4,0
V052,llm_rag,91.61,1,5,165.86,46.96,58.38,17.01,50.5,64.34,58.71,32.84,5,hospital_medicine,<5_years,high,4,0
V052,bm25,208.49,0,5,185.39,72.37,100.0,34.39,100.0,25.65,100.0,74.21,6,hospital_medicine,<5_years,high,4,0
V052,medcpt,98.21,1,5,136.42,49.61,66.38,21.06,59.81,53.4,60.72,36.29,7,hospital_medicine,<5_years,high,4,0
V052,cma,96.82,1,5,143.73,47.76,65.24,15.33,61.11,59.26,57.41,28.19,8,hospital_medicine,<5_years,high,4,1
V052,colbert,202.95,0,5,163.81,63.51,99.85,18.17,87.46,26.1,96.39,53.09,9,hospital_medicine,<5_years,high,4,0
V472,gdt,96.9,1,5,138.51,45.26,56.27,19.82,51.22,58.43,58.01,27.84,1,hospital_medicine,<5_years,high,4,1
V472,cma,98.38,1,5,136.58,47.97,61.58,18.67,55.9,59.25,57.3,35.11,2,hospital_medicine,<5_years,high,4,1
V472,medcpt,97.79,1,5,153.71,47.15,58.15,17.71,53.18,57.58,60.62,35.62,3,hospital_medicine,<5_years,high,4,0
V472,colbert,93.38,1,5,156.33,45.84,59.68,18.35,54.79,53.52,62.9,25.82,4,hospital_medicine,<5_years,high,4,0
V472,llm_rag,93.02,1,5,168.05,48.51,61.13,24.01,57.57,62.13,54.49,31.75,5,hospital_medicine,<5_years,high,4,0
V472,control,113.56,1,5,177.48,59.82,86.88,17.25,74.93,51.44,77.02,51.41,6,hospital_medicine,<5_years,high,4,0
V472,bm25,117.45,1,5,181.39,58.87,82.84,17.89,80.19,44.92,76.67,50.7,7,hospital_medicine,<5_years,high,4,0
V472,graphcare,99.27,1,5,151.37,49.43,70.53,16.22,61.71,58.76,57.74,31.59,8,hospital_medicine,<5_years,high,4,0
V472,sdt,88.85,1,5,115.41,39.44,45.8,8.22,44.02,65.47,47.96,25.15,9,hospital_medicine,<5_years,high,4,1
V450,sdt,51.86,1,3,106.62,33.36,31.1,12.21,28.69,74.09,35.23,18.82,1,critical_care,>=5_years,low,0,1
V450,cma,61.35,1,3,141.63,42.02,52.61,15.66,38.88,75.83,41.25,27.89,2,critical_care,>=5_years,low,0,1
V450,bm25,60.75,1,3,174.75,48.84,63.35,19.83,52.65,63.4,56.13,37.68,3,critical_care,>=5_years,low,0,0
V450,gdt,56.86,1,3,129.81,37.6,38.25,13.0,41.92,67.43,44.3,20.67,4,critical_care,>=5_years,low,0,1
V450,medcpt,59.21,1,3,141.06,40.82,45.83,4.95,39.99,72.48,48.1,33.58,5,critical_care,>=5_years,low,0,0
V450,graphcare,55.34,1,3,160.33,36.96,44.55,5.13,43.56,67.64,45.63,15.24,6,critical_care,>=5_years,low,0,0
V450,llm_rag,62.84,1,3,166.6,39.94,48.11,17.49,36.6,70.27,44.03,23.13,7,critical_care,>=5_years,low,0,0
V450,control,63.13,1,3,190.51,44.88,55.58,10.83,56.95,59.84,52.79,33.31,8,critical_care,>=5_years,low,0,0
V450,colbert,62.0,1,3,161.95,39.61,47.46,10.58,39.33,72.61,43.43,24.26,9,critical_care,>=5_years,low,0,0
V521,colbert,22.61,1,1,165.38,30.12,27.57,3.86,24.75,83.75,29.02,11.78,1,hospital_medicine,>=5_years,low,0,0
V521,gdt,19.73,1,1,136.36,25.26,14.65,5.07,21.94,83.68,20.21,6.02,2,hospital_medicine,>=5_years,low,0,1
V521,llm_rag,20.58,1,1,167.03,29.22,26.63,10.0,21.91,80.47,31.16,5.14,3,hospital_medicine,>=5_years,low,0,0
V521,graphcare,21.28,1,1,131.08,30.69,27.27,7.76,30.13,83.41,20.29,15.27,4,hospital_medicine,>=5_years,low,0,0
V521,bm25,27.27,1,1,195.79,41.47,43.81,14.01,38.9,70.44,50.58,31.09,5,hospital_medicine,>=5_years,low,0,0
V521,cma,20.54,1,1,131.38,30.39,23.22,11.75,23.95,75.38,32.19,15.84,6,hospital_medicine,>=5_years,low,0,1
V521,sdt,23.33,1,1,102.19,28.25,20.21,14.11,19.43,84.7,22.55,8.52,7,hospital_medicine,>=5_years,low,0,1
V521,control,27.8,1,1,172.71,38.89,41.39,17.08,41.75,72.72,33.22,27.19,8,hospital_medicine,>=5_years,low,0,0
V521,medcpt,18.87,1,1,164.59,28.56,15.73,10.44,27.37,77.37,33.76,6.7,9,hospital_medicine,>=5_years,low,0,0
V349,llm_rag,108.16,0,1,172.92,41.96,51.77,14.16,49.09,58.22,50.8,27.7,1,hospital_medicine,>=5_years,low,0,0
V349,medcpt,18.12,1,1,122.3,31.83,30.88,15.14,22.36,83.62,25.14,13.85,2,hospital_medicine,>=5_years,low,0,0
V349,bm25,122.92,0,1,201.92,57.22,77.51,19.23,69.48,54.23,77.93,44.91,3,hospital_medicine,>=5_years,low,0,0
V349,cma,20.31,1,1,155.23,28.63,27.72,3.62,22.59,76.9,28.35,12.6,4,hospital_medicine,>=5_years,low,0,1
V349,control,21.38,1,1,189.65,39.36,45.83,10.54,39.5,74.82,38.94,26.53,5,hospital_medicine,>=5_years,low,0,0
V349,gdt,17.49,1,1,135.24,29.7,28.06,12.66,21.25,87.35,24.0,4.9,6,hospital_medicine,>=5_years,low,0,1
V349,graphcare,18.76,1,1,134.3,28.3,25.76,5.17,21.71,77.91,26.08,13.16,7,hospital_medicine,>=5_years,low,0,0
V349,colbert,125.23,0,1,157.86,48.1,64.85,15.05,56.64,59.21,52.61,40.26,8,hospital_medicine,>=5_years,low,0,0
V349,sdt,15.33,1,1,103.03,26.48,27.0,5.36,13.99,80.92,23.53,8.12,9,hospital_medicine,>=5_years,low,0,1
V540,gdt,61.61,1,3,125.85,36.0,41.5,10.6,42.62,70.35,34.75,16.16,1,critical_care,<5_years,high,2,1
V540,sdt,57.84,1,3,116.31,30.73,34.23,3.5,27.92,67.82,34.46,16.41,2,critical_care,<5_years,high,2,1
V540,cma,64.15,1,3,140.68,41.99,53.84,11.35,47.08,63.3,46.28,30.09,3,critical_care,<5_years,high,2,1
V540,colbert,57.29,1,3,177.96,40.56,46.13,16.2,41.07,69.25,44.28,26.44,4,critical_care,<5_years,high,2,0
V540,llm_rag,61.4,1,3,157.66,35.85,46.88,4.88,39.16,69.25,34.0,20.95,5,critical_care,<5_years,high,2,0
V540,graphcare,60.68,1,3,140.9,38.42,48.01,12.41,41.2,73.23,40.95,14.74,6,critical_care,<5_years,high,2,0
V540,control,71.6,1,3,200.42,50.64,64.68,19.07,56.6,58.89,67.74,36.85,7,critical_care,<5_years,high,2,0
V540,bm25,66.88,1,3,182.52,48.52,58.82,19.71,57.43,61.54,56.56,37.07,8,critical_care,<5_years,high,2,0
V540,medcpt,66.61,1,3,129.76,44.77,45.14,24.86,45.32,76.73,51.38,25.21,9,critical_care,<5_years,high,2,0
V080,graphcare,188.43,0,4,159.94,61.1,90.39,21.1,83.14,39.75,87.01,45.2,1,hospital_medicine,<5_years,high,3,0
V080,colbert,170.55,0,4,157.12,61.04,84.57,27.39,77.95,44.87,82.39,49.07,2,hospital_medicine,<5_years,high,3,0
V080,bm25,184.36,0,4,192.56,68.19,96.94,28.37,97.78,30.64,100.0,55.38,3,hospital_medicine,<5_years,high,3,0
V080,sdt,72.59,1,4,116.8,41.3,43.36,18.44,41.18,72.41,45.49,26.9,4,hospital_medicine,<5_years,high,3,1
V080,llm_rag,84.11,1,4,173.59,47.9,55.21,23.01,53.66,63.45,58.24,33.83,5,hospital_medicine,<5_years,high,3,0
V080,medcpt,75.23,1,4,142.37,45.62,54.98,21.24,51.32,63.39,53.2,29.59,6,hospital_medicine,<5_years,high,3,0
V080,gdt,74.8,1,4,136.18,43.19,54.08,13.84,45.7,63.11,45.18,37.23,7,hospital_medicine,<5_years,high,3,1
V080,cma,193.65,0,4,153.16,60.37,90.21,20.77,81.71,34.12,85.36,50.05,8,hospital_medicine,<5_years,high,3,1
V080,control,211.43,0,4,190.03,72.07,100.0,35.09,100.0,35.19,100.0,62.16,9,hospital_medicine,<5_years,high,3,0
V437,gdt,38.68,1,2,128.9,34.13,32.5,13.81,30.01,77.79,31.87,18.81,1,emergency,<5_years,low,1,1
V437,colbert,44.87,1,2,165.27,33.9,32.24,9.36,28.44,74.6,44.77,13.98,2,emergency,<5_years,low,1,0
V437,bm25,49.23,1,2,217.04,45.33,54.37,9.66,53.22,64.04,49.9,40.82,3,emergency,<5_years,low,1,0
V437,graphcare,40.56,1,2,142.68,33.62,36.15,5.28,36.69,75.36,32.29,15.96,4,emergency,<5_years,low,1,0
V437,sdt,36.44,1,2,121.9,28.24,27.71,5.47,22.61,85.11,17.86,10.67,5,emergency,<5_years,low,1,1
V437,medcpt,41.78,1,2,131.15,34.23,42.06,2.92,39.31,74.52,34.72,11.89,6,emergency,<5_years,low,1,0
V437,llm_rag,40.53,1,2,174.91,32.86,38.23,10.21,29.61,69.79,36.58,12.76,7,emergency,<5_years,low,1,0
V437,cma,42.16,1,2,151.87,33.99,38.11,15.31,33.31,69.49,39.13,8.61,8,emergency,<5_years,low,1,1
V437,control,45.1,1,2,165.94,44.71,55.82,13.78,52.52,68.4,51.21,26.53,9,emergency,<5_years,low,1,0
V030,gdt,20.52,1,1,116.89,28.33,24.89,6.77,20.13,81.08,22.18,14.92,1,emergency,<5_years,low,0,1
V030,sdt,15.55,1,1,112.6,27.42,18.61,6.99,18.06,87.48,25.84,7.53,2,emergency,<5_years,low,0,1
V030,bm25,23.88,1,1,203.83,39.62,40.65,11.3,38.68,77.95,49.25,19.9,3,emergency,<5_years,low,0,0
V030,medcpt,19.61,1,1,140.94,31.36,27.82,12.53,28.18,73.89,30.29,15.43,4,emergency,<5_years,low,0,0
V030,cma,19.6,1,1,166.65,29.65,33.53,5.66,21.11,76.72,26.77,14.13,5,emergency,<5_years,low,0,1
V030,control,22.1,1,1,209.08,38.03,34.06,14.96,33.27,80.64,41.95,23.27,6,emergency,<5_years,low,0,0
V030,llm_rag,16.98,1,1,155.76,28.13,23.45,9.67,22.35,80.29,23.82,9.2,7,emergency,<5_years,low,0,0
V030,colbert,18.0,1,1,150.87,28.47,25.4,9.17,16.1,78.89,29.22,12.05,8,emergency,<5_years,low,0,0
V030,graphcare,16.2,1,1,149.59,30.05,26.08,15.15,23.51,84.05,22.59,8.94,9,emergency,<5_years,low,0,0
V922,graphcare,41.84,1,2,145.77,33.08,29.59,13.69,29.39,73.18,36.77,15.88,1,emergency,>=5_years,low,0,0
V922,cma,39.27,1,2,148.77,36.13,37.94,9.77,32.25,70.78,39.54,26.51,2,emergency,>=5_years,low,0,1
V922,control,49.41,1,2,195.5,44.02,51.17,15.41,48.9,66.06,53.69,28.86,3,emergency,>=5_years,low,0,0
V922,bm25,47.59,1,2,174.88,42.42,54.99,11.69,38.76,67.08,53.69,28.31,4,emergency,>=5_years,low,0,0
V922,sdt,34.14,1,2,111.06,30.34,29.59,10.78,20.62,81.2,31.29,8.54,5,emergency,>=5_years,low,0,1
V922,llm_rag,38.54,1,2,170.76,34.81,37.13,7.1,31.56,75.91,32.27,24.89,6,emergency,>=5_years,low,0,0
V922,colbert,40.36,1,2,164.67,35.32,38.79,4.92,31.21,83.47,40.02,13.49,7,emergency,>=5_years,low,0,0
V922,gdt,41.49,1,2,129.86,34.09,32.42,12.05,33.14,82.27,32.89,11.78,8,emergency,>=5_years,low,0,1
V922,medcpt,39.28,1,2,157.12,38.41,41.88,11.55,37.93,76.28,40.79,22.04,9,emergency,>=5_years,low,0,0
V137,gdt,35.79,1,2,145.45,33.33,36.7,8.95,27.18,75.71,35.77,15.69,1,hospital_medicine,<5_years,low,1,1
V137,sdt,38.69,1,2,115.8,30.36,26.22,6.26,25.74,85.33,24.71,13.93,2,hospital_medicine,<5_years,low,1,1
V137,bm25,43.19,1,2,182.68,45.24,55.31,9.33,50.5,72.21,45.0,39.11,3,hospital_medicine,<5_years,low,1,0
V137,graphcare,39.84,1,2,122.93,33.99,34.51,13.73,29.07,70.09,34.34,22.19,4,hospital_medicine,<5_years,low,1,0
V137,control,46.7,1,2,194.97,43.37,57.42,15.3,50.04,66.51,50.2,20.75,5,hospital_medicine,<5_years,low,1,0
V137,cma,39.92,1,2,137.99,36.54,37.06,14.78,43.23,66.28,39.78,18.12,6,hospital_medicine,<5_years,low,1,1
V137,llm_rag,42.26,1,2,157.65,33.57,28.35,12.92,27.24,74.74,37.45,20.71,7,hospital_medicine,<5_years,low,1,0
V137,medcpt,37.43,1,2,128.17,35.99,38.13,6.19,30.77,80.38,38.71,21.77,8,hospital_medicine,<5_years,low,1,0
V137,colbert,35.0,1,2,153.22,33.54,36.84,12.81,23.37,85.08,31.95,11.18,9,hospital_medicine,<5_years,low,1,0
V754,sdt,16.46,1,1,117.75,24.4,10.33,8.89,13.5,86.58,17.96,9.12,1,internal_medicine,>=5_years,low,0,1
V754,gdt,19.28,1,1,117.46,27.65,22.81,2.21,17.8,80.48,23.88,18.7,2,internal_medicine,>=5_years,low,0,1
V754,cma,26.19,1,1,142.05,33.27,31.33,14.61,29.19,72.48,32.97,19.02,3,internal_medicine,>=5_years,low,0,1
V754,colbert,20.68,1,1,183.84,29.8,25.92,4.87,15.65,82.0,31.43,18.93,4,internal_medicine,>=5_years,low,0,0
V754,bm25,23.8,1,1,179.5,36.21,40.61,8.47,38.16,71.63,34.55,23.82,5,internal_medicine,>=5_years,low,0,0
V754,medcpt,18.29,1,1,160.92,30.19,22.14,7.31,26.2,83.1,26.68,15.68,6,internal_medicine,>=5_years,low,0,0
V754,control,25.97,1,1,212.28,38.89,45.64,8.77,45.54,67.23,42.54,23.62,7,internal_medicine,>=5_years,low,0,0
V754,graphcare,19.05,1,1,145.01,32.86,22.26,11.38,29.23,85.78,34.77,13.74,8,internal_medicine,>=5_years,low,0,0
V754,llm_rag,19.63,1,1,187.31,30.73,31.0,11.24,27.34,78.36,23.55,12.9,9,internal_medicine,>=5_years,low,0,0
V780,gdt,91.45,1,5,137.43,45.44,55.44,18.8,53.58,59.48,50.33,35.04,1,internal_medicine,<5_years,high,3,1
V780,sdt,77.74,1,5,109.42,39.94,46.89,16.73,45.02,66.02,42.18,22.81,2,internal_medicine,<5_years,high,3,1
V780,graphcare,98.22,1,5,152.83,47.53,62.51,14.25,56.31,57.86,62.09,32.15,3,internal_medicine,<5_years,high,3,0
V780,llm_rag,101.67,1,5,173.13,44.83,56.63,12.69,53.48,52.85,63.64,29.72,4,internal_medicine,<5_years,high,3,0
V780,control,106.55,1,5,181.98,58.32,79.76,22.65,77.79,44.29,79.08,46.33,5,internal_medicine,<5_years,high,3,0
V780,colbert,97.06,1,5,161.76,50.08,65.69,20.54,62.4,58.33,61.05,32.5,6,internal_medicine,<5_years,high,3,0
V780,cma,105.11,1,5,130.37,51.26,69.31,23.98,56.3,57.13,63.58,37.24,7,internal_medicine,<5_years,high,3,1
V780,medcpt,91.09,1,5,144.36,45.64,60.7,13.84,53.42,50.97,59.54,35.4,8,internal_medicine,<5_years,high,3,0
V780,bm25,116.79,1,5,192.37,60.14,88.45,27.02,72.68,46.45,79.61,46.61,9,internal_medicine,<5_years,high,3,0
V774,colbert,18.87,1,1,139.36,30.96,30.21,6.08,21.16,81.57,26.7,20.05,1,critical_care,>=5_years,low,0,0
V774,bm25,22.48,1,1,153.99,38.65,41.76,12.81,39.77,74.3,44.63,18.62,2,critical_care,>=5_years,low,0,0
V774,sdt,18.14,1,1,118.88,25.26,21.69,7.37,13.34,86.68,16.35,6.11,3,critical_care,>=5_years,low,0,1
V774,llm_rag,19.15,1,1,181.28,30.19,25.36,3.48,19.02,82.21,37.68,13.4,4,critical_care,>=5_years,low,0,0
V774,graphcare,19.17,1,1,168.56,32.5,34.06,8.4,27.27,82.8,26.31,16.17,5,critical_care,>=5_years,low,0,0
V774,cma,21.85,1,1,155.48,33.39,28.85,8.95,25.52,82.3,36.98,17.73,6,critical_care,>=5_years,low,0,1
V774,control,20.74,1,1,176.98,39.78,40.5,8.36,40.78,75.83,42.61,30.61,7,critical_care,>=5_years,low,0,0
V774,gdt,16.63,1,1,142.1,25.73,20.69,5.31,19.04,76.47,19.73,13.15,8,critical_care,>=5_years,low,0,1
V774,medcpt,18.28,1,1,138.74,32.84,28.83,13.56,27.23,82.41,33.94,11.1,9,critical_care,>=5_years,low,0,0
V115,graphcare,100.11,1,5,143.01,50.23,64.39,16.99,61.83,61.38,69.32,27.5,1,hospital_medicine,>=5_years,high,3,0
V115,control,111.62,1,5,181.96,57.39,78.5,22.57,72.6,48.17,74.08,48.41,2,hospital_medicine,>=5_years,high,3,0
V115,colbert,96.55,1,5,146.98,48.91,57.97,25.0,50.17,61.49,63.96,34.87,3,hospital_medicine,>=5_years,high,3,0
V115,llm_rag,104.6,1,5,157.57,50.16,67.07,17.0,62.05,65.03,61.35,28.44,4,hospital_medicine,>=5_years,high,3,0
V115,cma,101.52,1,5,156.59,46.98,60.63,12.31,52.44,56.36,64.46,35.66,5,hospital_medicine,>=5_years,high,3,1
V115,sdt,96.76,1,5,109.83,43.54,53.75,11.15,55.29,61.24,47.28,32.55,6,hospital_medicine,>=5_years,high,3,1
V115,gdt,92.2,1,5,121.59,46.75,58.59,17.92,50.48,58.74,62.7,32.08,7,hospital_medicine,>=5_years,high,3,1
V115,medcpt,109.59,1,5,139.14,51.24,64.94,17.15,71.6,56.62,68.88,28.23,8,hospital_medicine,>=5_years,high,3,0
V115,bm25,115.48,1,5,195.2,57.55,70.57,17.09,71.74,53.14,87.01,45.75,9,hospital_medicine,>=5_years,high,3,0
V307,control,48.37,1,2,202.03,44.8,55.62,17.43,49.31,63.97,49.8,32.69,1,hospital_medicine,<5_years,low,1,0
V307,sdt,36.6,1,2,134.16,27.37,27.6,10.04,19.02,71.95,23.9,11.69,2,hospital_medicine,<5_years,low,1,1
V307,bm25,45.77,1,2,191.73,45.03,47.46,20.13,45.97,74.27,58.49,23.89,3,hospital_medicine,<5_years,low,1,0
V307,medcpt,37.78,1,2,138.23,35.68,40.14,15.76,32.72,71.22,35.31,18.91,4,hospital_medicine,<5_years,low,1,0
V307,llm_rag,36.65,1,2,159.72,34.12,33.51,19.47,35.48,68.1,35.11,13.07,5,hospital_medicine,<5_years,low,1,0
V307,gdt,36.63,1,2,124.63,35.22,36.36,7.4,36.24,76.54,38.96,15.84,6,hospital_medicine,<5_years,low,1,1
V307,cma,45.6,1,2,128.76,35.92,40.58,15.9,27.28,74.23,39.06,18.44,7,hospital_medicine,<5_years,low,1,1
V307,graphcare,43.11,1,2,145.32,36.04,39.57,16.06,40.1,78.5,30.15,11.82,8,hospital_medicine,<5_years,low,1,0
V307,colbert,41.77,1,2,166.84,33.59,33.71,8.53,31.23,77.88,30.51,19.67,9,hospital_medicine,<5_years,low,1,0
V933,colbert,95.84,1,5,161.42,46.95,59.38,19.09,53.53,59.06,57.08,33.54,1,hospital_medicine,>=5_years,high,4,0
V933,medcpt,96.61,1,5,135.89,48.01,57.87,14.02,55.48,62.43,61.44,36.83,2,hospital_medicine,>=5_years,high,4,0
V933,sdt,91.26,1,5,124.56,42.74,45.86,18.56,51.87,62.21,47.09,30.87,3,hospital_medicine,>=5_years,high,4,1
V933,bm25,110.35,1,5,186.62,59.78,80.53,24.7,79.23,53.04,71.38,49.79,4,hospital_medicine,>=5_years,high,4,0
V933,gdt,95.79,1,5,132.22,45.32,50.03,12.83,56.54,58.84,56.19,37.48,5,hospital_medicine,>=5_years,high,4,1
V933,cma,102.76,1,5,154.26,52.62,62.02,21.58,66.75,59.02,67.43,38.94,6,hospital_medicine,>=5_years,high,4,1
V933,control,110.83,1,5,190.95,59.54,80.74,22.49,78.39,50.1,83.93,41.58,7,hospital_medicine,>=5_years,high,4,0
V933,llm_rag,100.37,1,5,163.45,45.7,52.65,16.87,55.7,59.18,56.71,33.11,8,hospital_medicine,>=5_years,high,4,0
V933,graphcare,104.05,1,5,153.92,51.1,63.09,19.74,65.49,57.82,62.82,37.62,9,hospital_medicine,>=5_years,high,4,0
V418,medcpt,21.87,1,1,146.21,32.23,30.44,0.0,30.73,83.57,33.66,14.96,1,critical_care,<5_years,low,0,0
V418,sdt,19.03,1,1,116.46,26.18,25.78,7.3,15.74,81.54,25.23,1.52,2,critical_care,<5_years,low,0,1
V418,gdt,18.25,1,1,114.17,28.46,23.42,3.94,24.3,82.99,24.97,11.13,3,critical_care,<5_years,low,0,1
V418,control,23.18,1,1,204.88,42.21,44.04,7.73,45.49,75.93,48.83,31.27,4,critical_care,<5_years,low,0,0
V418,graphcare,18.01,1,1,151.24,28.59,23.11,10.23,19.23,80.59,22.07,16.32,5,critical_care,<5_years,low,0,0
V418,llm_rag,21.85,1,1,166.26,29.35,32.12,10.09,24.06,79.3,24.89,5.65,6,critical_care,<5_years,low,0,0
V418,bm25,24.65,1,1,188.39,37.54,43.99,7.36,38.97,67.79,39.4,27.76,7,critical_care,<5_years,low,0,0
V418,cma,19.72,1,1,158.9,31.22,27.07,3.55,22.72,84.42,28.14,21.44,8,critical_care,<5_years,low,0,1
V418,colbert,20.36,1,1,158.19,29.38,26.14,8.59,18.78,82.66,24.29,15.82,9,critical_care,<5_years,low,0,0
V205,bm25,119.26,1,5,193.0,58.12,81.16,21.36,70.72,43.47,78.0,54.0,1,hospital_medicine,<5_years,high,3,0
V205,llm_rag,95.95,1,5,152.2,47.13,54.66,24.87,51.51,56.87,62.72,32.15,2,hospital_medicine,<5_years,high,3,0
V205,control,115.39,1,5,183.71,59.7,76.37,21.92,78.58,48.38,86.24,46.72,3,hospital_medicine,<5_years,high,3,0
V205,sdt,95.17,1,5,110.12,43.86,47.91,19.12,46.33,64.15,53.95,31.71,4,hospital_medicine,<5_years,high,3,1
V205,gdt,100.08,1,5,133.42,46.4,60.03,21.72,50.61,55.38,56.96,33.68,5,hospital_medicine,<5_years,high,3,1
V205,medcpt,96.95,1,5,138.97,46.06,60.78,18.85,59.68,51.24,58.01,27.79,6,hospital_medicine,<5_years,high,3,0
V205,colbert,95.42,1,5,157.85,46.6,60.83,13.44,56.96,62.33,51.6,34.45,7,hospital_medicine,<5_years,high,3,0
V205,graphcare,99.87,1,5,155.67,47.73,56.08,23.55,58.87,55.35,62.8,29.7,8,hospital_medicine,<5_years,high,3,0
V205,cma,102.74,1,5,144.79,47.42,67.63,16.28,49.62,54.89,62.43,33.71,9,hospital_medicine,<5_years,high,3,1
V218,llm_rag,18.04,1,1,160.52,28.2,27.36,4.62,25.86,80.96,22.47,7.91,1,hospital_medicine,>=5_years,low,0,0
V218,sdt,21.45,1,1,93.45,23.91,23.83,6.01,19.83,78.73,10.77,4.28,2,hospital_medicine,>=5_years,low,0,1
V218,cma,20.41,1,1,155.1,31.2,25.86,2.9,25.89,81.86,34.35,16.37,3,hospital_medicine,>=5_years,low,0,1
V218,gdt,19.78,1,1,132.69,27.21,29.01,4.76,26.95,69.54,22.21,10.8,4,hospital_medicine,>=5_years,low,0,1
V218,graphcare,23.56,1,1,120.01,30.04,28.33,10.33,23.36,77.34,28.55,12.3,5,hospital_medicine,>=5_years,low,0,0
V218,control,24.18,1,1,163.88,37.37,36.01,13.38,35.43,75.03,39.34,25.05,6,hospital_medicine,>=5_years,low,0,0
V218,medcpt,17.24,1,1,144.84,30.91,24.52,8.61,27.47,79.17,26.9,18.82,7,hospital_medicine,>=5_years,low,0,0
V218,bm25,21.86,1,1,182.62,39.45,52.75,13.04,41.08,73.44,37.55,18.88,8,hospital_medicine,>=5_years,low,0,0
V218,colbert,20.19,1,1,161.06,28.02,28.32,1.59,20.99,78.41,30.88,7.93,9,hospital_medicine,>=5_years,low,0,0
V927,colbert,37.5,1,2,168.89,34.19,40.9,6.58,27.58,82.11,30.56,17.41,1,hospital_medicine,<5_years,low,1,0
V927,sdt,36.48,1,2,114.69,28.08,23.48,4.42,21.42,80.73,28.24,10.21,2,hospital_medicine,<5_years,low,1,1
V927,gdt,37.33,1,2,120.22,30.66,31.8,8.18,27.84,80.42,27.58,8.17,3,hospital_medicine,<5_years,low,1,1
V927,llm_rag,39.03,1,2,179.66,34.27,33.4,7.41,32.63,79.33,34.44,18.42,4,hospital_medicine,<5_years,low,1,0
V927,medcpt,39.16,1,2,146.17,33.63,32.62,6.38,37.44,74.39,35.06,15.89,5,hospital_medicine,<5_years,low,1,0
V927,control,46.17,1,2,197.79,43.19,55.19,17.01,46.66,63.25,49.65,27.37,6,hospital_medicine,<5_years,low,1,0
V927,cma,36.9,1,2,144.18,37.73,38.8,10.11,36.54,75.5,46.37,19.07,7,hospital_medicine,<5_years,low,1,1
V927,bm25,43.21,1,2,180.17,43.29,47.47,17.53,51.2,66.04,53.11,24.4,8,hospital_medicine,<5_years,low,1,0
V927,graphcare,40.29,1,2,147.14,30.55,29.89,8.65,32.88,69.36,28.72,13.78,9,hospital_medicine,<5_years,low,1,0
V642,bm25,67.35,1,3,204.35,47.87,55.16,19.39,55.46,65.91,62.23,29.1,1,hospital_medicine,<5_years,high,2,0
V642,control,67.94,1,3,186.29,47.83,57.67,16.73,61.71,56.76,66.38,27.73,2,hospital_medicine,<5_years,high,2,0
V642,graphcare,61.91,1,3,151.75,38.74,46.14,8.05,48.33,68.25,40.38,21.27,3,hospital_medicine,<5_years,high,2,0
V642,llm_rag,160.59,0,3,172.36,58.22,74.91,22.25,76.28,52.56,77.26,46.1,4,hospital_medicine,<5_years,high,2,0
V642,gdt,60.63,1,3,130.82,39.12,47.72,13.2,39.19,67.77,43.52,23.3,5,hospital_medicine,<5_years,high,2,1
V642,medcpt,60.64,1,3,148.5,38.66,41.05,12.62,36.85,66.91,52.66,21.87,6,hospital_medicine,<5_years,high,2,0
V642,colbert,60.93,1,3,151.96,38.53,38.16,14.62,38.19,68.99,48.0,23.24,7,hospital_medicine,<5_years,high,2,0
V642,sdt,54.57,1,3,113.35,33.98,35.26,11.23,33.46,73.04,31.67,19.24,8,hospital_medicine,<5_years,high,2,1
V642,cma,55.98,1,3,135.94,37.63,41.33,12.98,42.02,70.69,39.74,19.01,9,hospital_medicine,<5_years,high,2,1
V240,colbert,192.44,0,5,155.55,67.23,100.0,30.34,91.53,37.01,93.97,50.52,1,hospital_medicine,>=5_years,high,4,0
V240,llm_rag,278.4,0,5,166.0,70.03,100.0,31.57,100.0,17.8,100.0,70.8,2,hospital_medicine,>=5_years,high,4,0
V240,bm25,109.1,1,5,195.15,56.33,82.07,12.81,72.22,48.92,72.13,49.81,3,hospital_medicine,>=5_years,high,4,0
V240,graphcare,208.24,0,5,151.74,66.73,99.39,30.72,88.65,36.34,92.06,53.23,4,hospital_medicine,>=5_years,high,4,0
V240,sdt,95.9,1,5,119.35,43.25,55.36,9.34,55.03,56.74,53.39,29.65,5,hospital_medicine,>=5_years,high,4,1
V240,medcpt,95.65,1,5,142.99,48.62,67.31,23.41,52.32,55.37,62.74,30.54,6,hospital_medicine,>=5_years,high,4,0
V240,gdt,93.62,1,5,134.1,46.07,60.58,19.22,53.05,59.7,58.83,25.01,7,hospital_medicine,>=5_years,high,4,1
V240,control,116.82,1,5,197.39,59.13,76.77,14.25,77.84,45.09,85.85,55.01,8,hospital_medicine,>=5_years,high,4,0
V240,cma,103.1,1,5,146.01,52.0,66.59,24.35,60.43,65.69,65.47,29.47,9,hospital_medicine,>=5_years,high,4,1
V097,control,72.66,1,3,189.0,50.25,63.28,20.33,65.1,59.79,63.95,29.03,1,hospital_medicine,<5_years,high,2,0
V097,sdt,53.99,1,3,108.86,34.73,38.67,13.7,28.67,76.64,41.29,9.39,2,hospital_medicine,<5_years,high,2,1
V097,bm25,63.03,1,3,186.79,47.71,56.06,21.95,57.54,63.32,55.89,31.5,3,hospital_medicine,<5_years,high,2,0
V097,llm_rag,59.52,1,3,162.93,38.71,48.1,8.69,42.46,76.26,37.08,19.66,4,hospital_medicine,<5_years,high,2,0
V097,graphcare,60.37,1,3,155.67,35.97,45.04,13.23,37.05,73.16,30.51,16.8,5,hospital_medicine,<5_years,high,2,0
V097,gdt,64.33,1,3,141.7,38.22,44.55,8.27,37.4,68.21,45.73,25.18,6,hospital_medicine,<5_years,high,2,1
V097,medcpt,56.97,1,3,137.04,39.67,49.33,10.62,45.2,72.34,36.77,23.78,7,hospital_medicine,<5_years,high,2,0
V097,colbert,57.08,1,3,147.38,37.05,45.76,11.39,35.72,69.73,40.9,18.81,8,hospital_medicine,<5_years,high,2,0
V097,cma,58.75,1,3,150.83,40.69,48.03,18.51,42.39,70.58,44.23,20.4,9,hospital_medicine,<5_years,high,2,1
V896,control,119.63,1,5,186.27,59.94,81.52,20.11,83.06,45.22,80.25,49.46,1,emergency,<5_years,high,2,0
V896,colbert,92.15,1,5,152.45,47.92,64.22,20.26,48.37,65.46,61.74,27.45,2,emergency,<5_years,high,2,0
V896,graphcare,92.01,1,5,138.31,46.85,66.45,16.29,50.78,61.85,52.61,33.12,3,emergency,<5_years,high,2,0
V896,llm_rag,95.92,1,5,161.58,45.89,62.81,11.68,51.12,60.37,59.18,30.17,4,emergency,<5_years,high,2,0
V896,cma,94.51,1,5,137.76,49.44,59.78,18.17,55.05,62.27,58.23,43.16,5,emergency,<5_years,high,2,1
V896,gdt,91.08,1,5,117.16,49.33,65.3,19.34,55.85,59.91,62.07,33.48,6,emergency,<5_years,high,2,1
V896,bm25,122.21,1,5,191.36,61.19,89.38,21.09,78.73,41.03,88.1,48.82,7,emergency,<5_years,high,2,0
V896,medcpt,93.07,1,5,147.27,44.07,56.93,15.85,46.26,58.82,57.73,28.84,8,emergency,<5_years,high,2,0
V896,sdt,86.91,1,5,113.64,39.54,56.37,10.55,41.62,64.23,45.59,18.87,9,emergency,<5_years,high,2,1
V504,sdt,38.32,1,2,112.14,29.26,34.44,6.32,23.12,74.16,25.48,12.06,1,hospital_medicine,<5_years,low,1,1
V504,cma,37.21,1,2,164.2,30.42,30.05,9.84,30.25,71.68,30.79,9.91,2,hospital_medicine,<5_years,low,1,1
V504,graphcare,43.09,1,2,146.7,35.33,38.27,16.82,31.97,77.66,31.97,15.3,3,hospital_medicine,<5_years,low,1,0
V504,colbert,42.58,1,2,149.68,34.81,35.67,16.18,30.39,75.55,28.47,22.57,4,hospital_medicine,<5_years,low,1,0
V504,llm_rag,134.32,0,2,164.24,51.16,64.63,14.68,68.41,54.27,63.46,41.48,5,hospital_medicine,<5_years,low,1,0
V504,medcpt,36.37,1,2,149.87,31.9,25.07,3.41,37.21,65.93,42.53,17.27,6,hospital_medicine,<5_years,low,1,0
V504,control,46.73,1,2,190.88,44.13,49.43,15.53,55.12,60.56,53.18,30.95,7,hospital_medicine,<5_years,low,1,0
V504,bm25,43.44,1,2,193.73,44.33,44.25,15.59,56.33,67.13,50.79,31.88,8,hospital_medicine,<5_years,low,1,0
V504,gdt,40.66,1,2,146.79,32.19,33.04,9.73,24.57,73.45,35.76,16.59,9,hospital_medicine,<5_years,low,1,1
V193,gdt,20.28,1,1,134.61,26.62,19.91,7.34,20.62,80.44,19.53,11.85,1,critical_care,<5_years,low,0,1
V193,bm25,29.06,1,1,218.72,42.07,50.25,12.33,44.6,66.57,50.17,28.51,2,critical_care,<5_years,low,0,0
V193,medcpt,20.53,1,1,125.53,32.11,30.06,8.03,27.43,82.65,32.22,12.28,3,critical_care,<5_years,low,0,0
V193,llm_rag,20.67,1,1,148.66,28.09,24.55,6.93,24.56,81.48,18.34,12.67,4,critical_care,<5_years,low,0,0
V193,control,22.5,1,1,189.1,38.52,46.4,11.59,39.5,68.67,42.86,22.08,5,critical_care,<5_years,low,0,0
V193,graphcare,16.93,1,1,145.14,30.54,31.4,7.2,29.15,82.37,19.49,13.61,6,critical_care,<5_years,low,0,0
V193,colbert,16.87,1,1,167.87,30.58,26.44,11.78,29.07,81.01,26.76,8.44,7,critical_care,<5_years,low,0,0
V193,sdt,17.67,1,1,116.15,26.88,17.54,11.94,20.83,84.64,19.36,6.98,8,critical_care,<5_years,low,0,1
V193,cma,19.05,1,1,163.09,30.53,29.5,4.91,25.74,81.64,30.48,10.91,9,critical_care,<5_years,low,0,1
V010,llm_rag,77.56,1,4,161.83,43.0,54.41,17.45,42.62,59.23,49.99,34.27,1,critical_care,<5_years,high,2,0
V010,gdt,77.18,1,4,123.7,43.41,48.6,17.35,48.42,67.34,53.65,25.07,2,critical_care,<5_years,high,2,1
V010,sdt,77.06,1,4,118.99,37.44,45.98,16.34,40.8,62.65,38.6,20.3,3,critical_care,<5_years,high,2,1
V010,graphcare,80.89,1,4,151.45,42.21,55.02,14.93,44.78,60.6,47.84,30.1,4,critical_care,<5_years,high,2,0
V010,control,90.03,1,4,180.32,52.15,72.41,17.71,62.12,50.85,68.49,41.33,5,critical_care,<5_years,high,2,0
V010,cma,80.66,1,4,144.17,43.34,50.96,13.69,51.65,61.91,56.57,25.25,6,critical_care,<5_years,high,2,1
V010,bm25,94.87,1,4,170.59,54.49,75.48,18.55,70.32,51.08,75.21,36.31,7,critical_care,<5_years,high,2,0
V010,medcpt,82.59,1,4,145.36,46.47,58.73,18.5,52.92,65.55,54.23,28.87,8,critical_care,<5_years,high,2,0
V010,colbert,86.82,1,4,152.86,45.21,54.93,17.89,48.81,66.74,56.61,26.29,9,critical_care,<5_years,high,2,0
V932,bm25,23.33,1,1,209.34,37.74,34.35,11.13,45.98,71.68,44.44,18.86,1,critical_care,<5_years,low,0,0
V932,medcpt,125.83,0,1,162.86,50.6,62.09,18.63,59.7,59.94,68.83,34.42,2,critical_care,<5_years,low,0,0
V932,sdt,17.26,1,1,113.47,23.62,15.63,10.22,11.36,81.25,15.21,8.03,3,critical_care,<5_years,low,0,1
V932,control,24.63,1,1,181.54,40.41,49.16,9.58,44.21,76.71,39.57,23.26,4,critical_care,<5_years,low,0,0
V932,cma,22.57,1,1,122.44,33.6,30.57,11.65,25.54,81.92,35.37,16.58,5,critical_care,<5_years,low,0,1
V932,colbert,16.38,1,1,190.06,28.61,29.97,13.39,18.49,77.47,24.29,8.03,6,critical_care,<5_years,low,0,0
V932,gdt,18.85,1,1,149.71,28.98,29.52,8.72,14.04,81.56,26.5,13.52,7,critical_care,<5_years,low,0,1
V932,llm_rag,18.84,1,1,149.3,28.16,24.93,8.02,16.01,84.76,25.12,10.1,8,critical_care,<5_years,low,0,0
V932,graphcare,20.64,1,1,170.0,28.5,29.89,8.9,22.51,77.72,24.7,7.29,9,critical_care,<5_years,low,0,0
V552,medcpt,60.84,1,3,150.02,43.37,51.55,18.42,42.21,72.66,49.66,25.69,1,critical_care,>=5_years,low,1,0
V552,bm25,68.11,1,3,200.13,48.92,63.57,20.28,54.47,62.05,57.3,35.85,2,critical_care,>=5_years,low,1,0
V552,colbert,60.27,1,3,156.76,37.93,42.19,14.43,43.95,62.09,44.33,20.61,3,critical_care,>=5_years,low,1,0
V552,control,68.52,1,3,189.68,48.1,57.07,14.46,59.39,66.61,53.81,37.26,4,critical_care,>=5_years,low,1,0
V552,cma,56.96,1,3,133.53,37.81,43.12,10.38,36.77,71.74,44.47,20.39,5,critical_care,>=5_years,low,1,1
V552,sdt,58.02,1,3,119.83,37.13,40.82,17.24,30.7,78.1,39.72,16.18,6,critical_care,>=5_years,low,1,1
V552,graphcare,55.81,1,3,145.07,43.82,50.66,15.9,44.6,78.63,51.54,21.58,7,critical_care,>=5_years,low,1,0
V552,gdt,56.05,1,3,124.75,34.7,39.09,5.51,33.07,69.85,41.28,19.43,8,critical_care,>=5_years,low,1,1
V552,llm_rag,164.41,0,3,160.64,57.25,77.13,20.34,68.5,55.91,79.07,42.54,9,critical_care,>=5_years,low,1,0
V176,colbert,92.59,1,5,150.99,46.86,60.15,17.47,54.96,56.77,63.5,28.31,1,emergency,<5_years,high,4,0
V176,cma,221.15,0,5,155.58,69.5,100.0,31.54,100.0,32.79,97.8,54.86,2,emergency,<5_years,high,4,1
V176,bm25,210.78,0,5,198.22,67.79,100.0,19.88,100.0,23.38,100.0,63.5,3,emergency,<5_years,high,4,0
V176,sdt,92.85,1,5,114.15,42.09,47.05,19.87,44.26,69.37,46.99,24.98,4,emergency,<5_years,high,4,1
V176,control,225.96,0,5,190.11,71.97,100.0,35.33,100.0,25.5,100.0,70.99,5,emergency,<5_years,high,4,0
V176,graphcare,191.71,0,5,149.62,64.21,92.36,36.01,82.24,34.77,91.02,48.85,6,emergency,<5_years,high,4,0
V176,medcpt,198.72,0,5,149.81,66.8,93.65,29.09,86.28,41.71,91.22,58.83,7,emergency,<5_years,high,4,0
V176,llm_rag,100.77,1,5,167.2,44.41,60.2,18.65,56.21,49.48,56.31,25.63,8,emergency,<5_years,high,4,0
V176,gdt,202.05,0,5,133.33,66.22,98.07,25.39,89.7,39.4,92.16,52.58,9,emergency,<5_years,high,4,1
V516,medcpt,40.46,1,2,129.89,35.74,37.98,10.04,35.03,75.37,38.33,17.7,1,critical_care,>=5_years,low,1,0
V516,bm25,51.73,1,2,187.99,44.97,56.14,15.63,57.2,66.21,49.04,25.62,2,critical_care,>=5_years,low,1,0
V516,gdt,37.77,1,2,144.02,35.61,33.47,12.14,32.36,77.81,35.05,22.84,3,critical_care,>=5_years,low,1,1
V516,sdt,38.46,1,2,124.94,31.66,33.73,7.41,18.77,81.45,30.69,17.93,4,critical_care,>=5_years,low,1,1
V516,graphcare,39.06,1,2,164.59,31.51,32.59,8.93,32.33,72.68,28.72,13.81,5,critical_care,>=5_years,low,1,0
V516,llm_rag,41.5,1,2,169.44,35.17,40.79,6.39,35.51,72.82,36.9,18.63,6,critical_care,>=5_years,low,1,0
V516,control,50.37,1,2,202.74,47.54,49.59,12.68,52.94,74.62,62.9,32.49,7,critical_care,>=5_years,low,1,0
V516,colbert,36.3,1,2,144.68,31.56,33.81,10.99,33.17,69.99,27.85,13.54,8,critical_care,>=5_years,low,1,0
V516,cma,40.09,1,2,130.8,35.32,42.55,10.06,33.36,71.36,35.51,19.08,9,critical_care,>=5_years,low,1,1
V680,gdt,92.82,1,5,129.71,45.69,60.71,13.33,47.6,56.75,58.28,37.48,1,hospital_medicine,<5_years,high,4,1
V680,bm25,113.01,1,5,193.66,58.11,79.74,17.59,78.1,51.86,74.27,47.12,2,hospital_medicine,<5_years,high,4,0
V680,cma,94.2,1,5,142.88,51.71,68.37,21.29,62.47,60.04,65.35,32.74,3,hospital_medicine,<5_years,high,4,1
V680,llm_rag,96.02,1,5,163.8,45.17,64.39,11.42,58.49,58.36,51.46,26.9,4,hospital_medicine,<5_years,high,4,0
V680,sdt,93.43,1,5,118.1,42.8,50.78,15.59,50.56,65.16,54.72,19.99,5,hospital_medicine,<5_years,high,4,1
V680,graphcare,111.39,1,5,145.51,52.18,68.66,17.97,65.94,59.38,65.35,35.79,6,hospital_medicine,<5_years,high,4,0
V680,control,113.42,1,5,190.26,56.69,78.15,14.92,81.07,44.62,79.83,41.54,7,hospital_medicine,<5_years,high,4,0
V680,colbert,104.79,1,5,160.22,50.92,67.24,22.62,64.54,65.33,53.38,32.39,8,hospital_medicine,<5_years,high,4,0
V680,medcpt,106.35,1,5,128.49,51.09,62.89,12.64,67.57,55.47,69.86,38.08,9,hospital_medicine,<5_years,high,4,0
V592,gdt,60.5,1,3,131.18,36.42,40.82,10.05,42.86,65.25,37.68,21.9,1,critical_care,<5_years,low,1,1
V592,control,61.6,1,3,195.56,48.32,58.89,6.3,62.73,65.62,61.66,34.74,2,critical_care,<5_years,low,1,0
V592,bm25,72.74,1,3,196.31,49.34,67.37,19.61,61.95,60.53,48.69,37.87,3,critical_care,<5_years,low,1,0
V592,graphcare,57.97,1,3,146.45,36.06,44.46,13.45,35.41,68.87,41.59,12.58,4,critical_care,<5_years,low,1,0
V592,cma,58.1,1,3,148.65,39.94,46.89,16.69,39.06,67.4,49.48,20.09,5,critical_care,<5_years,low,1,1
V592,colbert,58.3,1,3,159.71,36.6,41.18,14.25,42.76,62.63,36.72,22.06,6,critical_care,<5_years,low,1,0
V592,medcpt,55.88,1,3,152.76,39.56,48.41,4.89,45.54,67.14,45.2,26.19,7,critical_care,<5_years,low,1,0
V592,llm_rag,54.49,1,3,164.28,37.1,40.16,11.66,39.73,71.41,41.33,18.29,8,critical_care,<5_years,low,1,0
V592,sdt,55.36,1,3,110.08,30.78,24.93,2.17,29.22,69.14,40.03,19.19,9,critical_care,<5_years,low,1,1
V207,control,190.43,0,3,190.76,68.06,95.52,18.27,94.97,43.25,100.0,56.36,1,hospital_medicine,<5_years,high,2,0
V207,bm25,176.63,0,3,193.06,66.05,100.0,24.68,92.53,30.98,90.02,58.11,2,hospital_medicine,<5_years,high,2,0
V207,sdt,57.44,1,3,105.45,33.26,35.09,13.74,29.01,82.47,25.65,13.61,3,hospital_medicine,<5_years,high,2,1
V207,colbert,55.06,1,3,151.1,36.22,45.32,7.92,34.34,68.98,31.72,29.04,4,hospital_medicine,<5_years,high,2,0
V207,graphcare,60.17,1,3,135.55,34.3,40.09,9.55,38.0,62.55,37.39,18.24,5,hospital_medicine,<5_years,high,2,0
V207,llm_rag,249.01,0,3,164.36,69.35,100.0,30.08,100.0,26.24,100.0,59.78,6,hospital_medicine,<5_years,high,2,0
V207,cma,158.4,0,3,139.82,56.55,79.24,26.97,75.78,43.49,74.86,38.95,7,hospital_medicine,<5_years,high,2,1
V207,gdt,147.97,0,3,136.43,50.29,65.15,18.51,60.36,47.83,67.82,42.05,8,hospital_medicine,<5_years,high,2,1
V207,medcpt,155.32,0,3,152.0,55.4,78.39,27.01,67.2,45.62,74.05,40.13,9,hospital_medicine,<5_years,high,2,0
V854,sdt,73.51,1,4,111.73,36.71,39.74,7.73,39.75,67.56,45.24,20.24,1,critical_care,<5_years,high,1,1
V854,medcpt,84.51,1,4,141.36,45.35,61.35,15.17,48.12,58.83,56.85,31.8,2,critical_care,<5_years,high,1,0
V854,control,200.64,0,4,174.53,70.58,100.0,34.33,100.0,27.29,100.0,61.84,3,critical_care,<5_years,high,1,0
V854,gdt,74.64,1,4,136.97,44.18,49.09,21.57,50.02,65.1,47.79,31.54,4,critical_care,<5_years,high,1,1
V854,bm25,200.89,0,4,171.44,69.78,100.0,23.04,100.0,34.78,100.0,60.83,5,critical_care,<5_years,high,1,0
V854,llm_rag,185.67,0,4,157.62,60.76,86.43,27.89,85.43,35.08,84.55,45.2,6,critical_care,<5_years,high,1,0
V854,colbert,182.81,0,4,154.73,60.77,85.29,22.1,77.64,43.12,89.04,47.43,7,critical_care,<5_years,high,1,0
V854,graphcare,184.27,0,4,149.72,62.19,94.08,18.93,80.46,43.16,87.77,48.71,8,critical_care,<5_years,high,1,0
V854,cma,181.25,0,4,151.48,61.13,89.51,22.4,79.31,43.08,86.02,46.48,9,critical_care,<5_years,high,1,1
V954,sdt,17.88,1,1,112.94,23.58,22.34,0.72,18.04,78.3,21.66,0.42,1,emergency,<5_years,low,0,1
V954,llm_rag,19.07,1,1,143.03,29.56,25.35,13.45,17.49,80.14,29.07,11.84,2,emergency,<5_years,low,0,0
V954,control,27.51,1,1,197.08,37.81,39.69,9.98,36.91,74.09,42.04,24.18,3,emergency,<5_years,low,0,0
V954,gdt,20.24,1,1,150.82,25.57,22.27,6.57,12.47,78.72,24.05,9.32,4,emergency,<5_years,low,0,1
V954,medcpt,18.76,1,1,126.23,33.71,34.1,10.18,26.68,79.98,33.69,17.65,5,emergency,<5_years,low,0,0
V954,cma,21.41,1,1,127.04,28.96,27.06,9.06,24.69,75.31,24.64,13.0,6,emergency,<5_years,low,0,1
V954,bm25,19.89,1,1,225.62,40.19,41.68,9.67,42.37,78.02,41.45,27.91,7,emergency,<5_years,low,0,0
V954,colbert,17.33,1,1,200.77,30.38,26.27,12.91,29.4,80.37,18.73,14.62,8,emergency,<5_years,low,0,0
V954,graphcare,16.7,1,1,147.18,30.42,31.27,10.4,20.0,78.89,27.8,14.13,9,emergency,<5_years,low,0,0
V850,sdt,71.32,1,4,118.81,37.63,38.31,13.98,37.63,73.89,43.87,18.1,1,hospital_medicine,>=5_years,high,3,1
V850,graphcare,82.76,1,4,137.05,44.44,50.76,16.1,51.05,66.45,54.18,28.06,2,hospital_medicine,>=5_years,high,3,0
V850,gdt,80.64,1,4,127.91,44.12,54.35,18.89,43.84,69.03,52.67,25.94,3,hospital_medicine,>=5_years,high,3,1
V850,llm_rag,76.77,1,4,161.85,42.5,53.04,15.55,45.85,69.74,49.46,21.34,4,hospital_medicine,>=5_years,high,3,0
V850,colbert,78.52,1,4,150.43,42.46,48.59,18.76,47.51,61.23,49.95,28.71,5,hospital_medicine,>=5_years,high,3,0
V850,medcpt,78.08,1,4,144.63,44.13,55.02,19.31,45.39,59.29,57.44,28.33,6,hospital_medicine,>=5_years,high,3,0
V850,control,90.89,1,4,177.77,55.16,77.54,19.69,68.31,54.15,64.79,46.49,7,hospital_medicine,>=5_years,high,3,0
V850,bm25,90.58,1,4,188.48,54.73,67.53,30.39,67.8,52.99,66.6,43.1,8,hospital_medicine,>=5_years,high,3,0
V850,cma,80.56,1,4,143.91,42.35,53.11,12.47,46.75,57.19,55.63,28.97,9,hospital_medicine,>=5_years,high,3,1
V843,gdt,35.82,1,2,133.37,33.09,32.68,14.16,24.14,71.78,37.23,18.53,1,emergency,<5_years,low,1,1
V843,colbert,38.17,1,2,156.55,34.74,43.22,11.27,31.47,72.12,32.87,17.46,2,emergency,<5_years,low,1,0
V843,sdt,41.59,1,2,120.22,28.19,20.29,10.17,23.11,75.41,23.65,16.5,3,emergency,<5_years,low,1,1
V843,graphcare,40.05,1,2,147.17,35.46,39.55,8.82,27.63,76.26,38.64,21.83,4,emergency,<5_years,low,1,0
V843,control,47.01,1,2,210.1,43.44,47.1,9.92,49.4,71.42,51.43,31.38,5,emergency,<5_years,low,1,0
V843,bm25,47.23,1,2,187.36,44.66,52.34,8.94,54.81,69.03,50.02,32.83,6,emergency,<5_years,low,1,0
V843,medcpt,40.41,1,2,130.43,35.71,38.52,14.45,33.98,75.48,26.9,24.95,7,emergency,<5_years,low,1,0
V843,llm_rag,38.25,1,2,165.29,34.45,31.65,11.38,31.24,76.28,29.68,26.48,8,emergency,<5_years,low,1,0
V843,cma,44.85,1,2,153.17,38.77,46.6,9.63,40.01,65.9,36.56,33.9,9,emergency,<5_years,low,1,1
V694,colbert,53.85,1,3,152.08,36.26,40.73,18.26,35.09,62.77,41.76,18.97,1,hospital_medicine,<5_years,low,1,0
V694,gdt,53.88,1,3,126.95,35.28,36.19,12.62,34.79,73.86,33.08,21.14,2,hospital_medicine,<5_years,low,1,1
V694,sdt,53.55,1,3,103.88,30.73,25.24,14.98,27.54,69.5,29.68,17.42,3,hospital_medicine,<5_years,low,1,1
V694,llm_rag,264.02,0,3,175.1,69.56,100.0,24.55,100.0,30.34,100.0,62.45,4,hospital_medicine,<5_years,low,1,0
V694,cma,60.69,1,3,169.7,44.04,49.72,13.73,46.71,73.26,49.32,31.5,5,hospital_medicine,<5_years,low,1,1
V694,bm25,67.14,1,3,173.46,47.54,59.28,15.07,61.52,57.66,56.56,35.16,6,hospital_medicine,<5_years,low,1,0
V694,control,67.73,1,3,183.55,50.29,52.88,19.08,61.45,69.46,71.52,27.36,7,hospital_medicine,<5_years,low,1,0
V694,medcpt,58.74,1,3,149.81,37.29,43.88,10.62,41.76,64.17,43.32,19.99,8,hospital_medicine,<5_years,low,1,0
V694,graphcare,58.89,1,3,154.8,37.96,38.68,19.47,44.22,68.58,36.39,20.41,9,hospital_medicine,<5_years,low,1,0
V265,colbert,103.97,1,5,160.2,46.36,56.85,13.4,53.13,60.99,62.33,31.48,1,emergency,>=5_years,high,3,0
V265,medcpt,105.34,1,5,144.56,48.56,63.0,17.44,65.08,46.21,65.73,33.87,2,emergency,>=5_years,high,3,0
V265,control,114.79,1,5,192.05,58.41,77.2,15.8,89.1,48.51,76.29,43.58,3,emergency,>=5_years,high,3,0
V265,llm_rag,293.17,0,5,170.01,71.78,100.0,32.71,100.0,28.83,100.0,69.13,4,emergency,>=5_years,high,3,0
V265,cma,96.12,1,5,151.71,50.53,62.61,18.48,58.23,57.42,67.93,38.49,5,emergency,>=5_years,high,3,1
V265,graphcare,102.87,1,5,147.61,49.25,57.16,21.48,60.64,61.82,63.25,31.15,6,emergency,>=5_years,high,3,0
V265,sdt,95.53,1,5,109.6,42.71,52.5,21.23,43.81,68.93,47.95,21.82,7,emergency,>=5_years,high,3,1
V265,gdt,92.76,1,5,142.09,45.29,56.1,23.65,55.0,62.45,50.81,23.74,8,emergency,>=5_years,high,3,1
V265,bm25,117.19,1,5,197.15,59.77,83.11,26.54,79.46,45.98,69.61,53.89,9,emergency,>=5_years,high,3,0
V525,colbert,60.97,1,3,169.68,40.43,44.68,12.56,50.8,64.36,46.38,23.79,1,hospital_medicine,<5_years,high,2,0
V525,llm_rag,55.72,1,3,160.36,38.36,50.05,6.36,38.87,68.09,39.51,27.28,2,hospital_medicine,<5_years,high,2,0
V525,control,71.1,1,3,182.04,51.05,73.11,16.83,60.16,66.04,56.5,33.67,3,hospital_medicine,<5_years,high,2,0
V525,gdt,63.69,1,3,123.02,37.04,39.16,14.45,44.87,69.72,40.23,13.81,4,hospital_medicine,<5_years,high,2,1
V525,bm25,77.19,1,3,171.75,49.94,67.44,19.73,55.19,57.42,64.8,35.06,5,hospital_medicine,<5_years,high,2,0
V525,sdt,52.48,1,3,116.09,35.06,32.92,10.86,34.02,79.09,34.59,18.86,6,hospital_medicine,<5_years,high,2,1
V525,graphcare,58.8,1,3,142.81,34.53,36.73,6.09,36.7,63.29,50.51,13.83,7,hospital_medicine,<5_years,high,2,0
V525,medcpt,57.01,1,3,130.51,39.42,48.67,9.89,42.38,65.0,48.49,22.06,8,hospital_medicine,<5_years,high,2,0
V525,cma,57.27,1,3,150.71,36.49,40.71,9.52,37.19,67.35,39.67,24.49,9,hospital_medicine,<5_years,high,2,1
V681,medcpt,88.96,1,5,134.82,45.21,59.63,15.21,51.07,61.97,51.19,32.22,1,critical_care,>=5_years,high,2,0
V681,llm_rag,288.19,0,5,161.14,72.71,100.0,40.31,100.0,24.29,100.0,71.66,2,critical_care,>=5_years,high,2,0
V681,graphcare,96.86,1,5,146.47,42.77,50.38,7.98,57.43,54.64,54.61,31.6,3,critical_care,>=5_years,high,2,0
V681,gdt,98.24,1,5,124.73,46.16,61.31,9.22,56.27,54.68,59.08,36.4,4,critical_care,>=5_years,high,2,1
V681,colbert,192.22,0,5,162.97,61.57,87.96,21.69,86.59,39.85,82.49,50.82,5,critical_care,>=5_years,high,2,0
V681,sdt,84.63,1,5,114.41,41.58,53.66,16.2,38.98,67.28,41.97,31.42,6,critical_care,>=5_years,high,2,1
V681,control,115.5,1,5,184.47,59.23,82.86,20.05,78.56,43.0,80.71,50.17,7,critical_care,>=5_years,high,2,0
V681,bm25,117.44,1,5,180.55,60.2,81.97,14.6,84.79,48.41,85.19,46.25,8,critical_care,>=5_years,high,2,0
V681,cma,107.46,1,5,141.18,50.5,63.71,22.44,63.8,53.49,65.09,34.45,9,critical_care,>=5_years,high,2,1
V055,colbert,18.9,1,1,167.85,32.68,34.11,8.27,27.8,77.85,27.33,20.7,1,emergency,<5_years,low,0,0
V055,bm25,20.92,1,1,195.38,39.64,37.18,12.39,43.15,72.02,48.94,24.19,2,emergency,<5_years,low,0,0
V055,graphcare,20.28,1,1,147.46,30.08,28.01,7.56,25.52,81.45,25.51,12.43,3,emergency,<5_years,low,0,0
V055,sdt,17.27,1,1,114.07,26.11,21.12,11.12,13.83,84.9,17.47,8.24,4,emergency,<5_years,low,0,1
V055,medcpt,18.63,1,1,138.69,31.99,23.28,10.47,18.33,83.96,35.43,20.49,5,emergency,<5_years,low,0,0
V055,llm_rag,18.26,1,1,187.77,27.86,21.93,2.38,18.61,83.34,23.46,17.44,6,emergency,<5_years,low,0,0
V055,cma,20.57,1,1,141.05,32.3,33.74,15.9,28.9,76.06,28.99,10.2,7,emergency,<5_years,low,0,1
V055,gdt,18.73,1,1,118.64,30.51,28.43,7.98,25.1,78.47,27.56,15.54,8,emergency,<5_years,low,0,1
V055,control,22.84,1,1,155.22,41.99,41.13,14.65,41.03,76.09,47.58,31.43,9,emergency,<5_years,low,0,0
V491,control,65.25,1,3,205.0,46.62,61.76,26.49,56.82,56.62,52.2,25.85,1,hospital_medicine,<5_years,high,2,0
V491,sdt,52.34,1,3,103.71,33.15,36.06,8.75,30.47,81.1,33.76,8.75,2,hospital_medicine,<5_years,high,2,1
V491,graphcare,59.05,1,3,156.56,37.51,41.66,13.08,37.79,71.34,38.07,23.15,3,hospital_medicine,<5_years,high,2,0
V491,llm_rag,60.86,1,3,143.66,38.78,47.4,15.0,39.51,70.92,43.71,16.13,4,hospital_medicine,<5_years,high,2,0
V491,colbert,55.78,1,3,156.04,36.5,44.59,2.4,41.68,69.05,43.69,17.61,5,hospital_medicine,<5_years,high,2,0
V491,gdt,54.48,1,3,119.55,36.75,41.26,10.41,39.94,69.13,49.23,10.52,6,hospital_medicine,<5_years,high,2,1
V491,cma,56.81,1,3,156.13,40.27,46.55,13.76,44.07,68.69,46.32,22.24,7,hospital_medicine,<5_years,high,2,1
V491,medcpt,66.06,1,3,151.08,39.8,43.78,15.13,43.12,67.47,48.97,20.33,8,hospital_medicine,<5_years,high,2,0
V491,bm25,75.49,1,3,195.91,50.89,64.9,16.38,57.05,61.48,67.2,38.35,9,hospital_medicine,<5_years,high,2,0
V788,bm25,23.96,1,1,191.44,37.47,45.41,9.51,39.4,70.98,38.59,20.96,1,hospital_medicine,<5_years,low,0,0
V788,llm_rag,21.17,1,1,171.6,32.07,32.04,8.54,32.25,80.41,28.65,10.54,2,hospital_medicine,<5_years,low,0,0
V788,cma,17.86,1,1,143.02,31.19,24.58,9.59,25.23,79.57,31.24,16.96,3,hospital_medicine,<5_years,low,0,1
V788,colbert,18.99,1,1,150.13,31.87,24.19,16.41,22.9,80.87,29.25,17.62,4,hospital_medicine,<5_years,low,0,0
V788,medcpt,17.68,1,1,201.25,30.51,31.92,8.45,26.08,82.42,28.87,5.31,5,hospital_medicine,<5_years,low,0,0
V788,gdt,21.02,1,1,130.75,30.28,25.84,0.1,20.78,82.42,29.47,23.07,6,hospital_medicine,<5_years,low,0,1
V788,sdt,17.18,1,1,109.82,26.68,24.21,9.92,7.52,91.55,22.87,4.03,7,hospital_medicine,<5_years,low,0,1
V788,control,24.33,1,1,210.19,38.9,39.28,11.0,37.14,73.13,47.88,24.98,8,hospital_medicine,<5_years,low,0,0
V788,graphcare,24.38,1,1,164.65,31.14,25.79,11.65,32.13,78.78,25.72,12.8,9,hospital_medicine,<5_years,low,0,0
V014,bm25,26.73,1,1,269.11,41.04,47.87,7.71,43.46,76.2,44.72,26.31,1,hospital_medicine,<5_years,low,0,0
V014,control,28.72,1,1,194.61,41.49,47.22,10.79,48.31,74.0,40.46,28.13,2,hospital_medicine,<5_years,low,0,0
V014,colbert,119.12,0,1,139.91,45.71,55.49,18.07,49.54,61.86,59.39,29.93,3,hospital_medicine,<5_years,low,0,0
V014,sdt,18.72,1,1,110.03,23.89,18.03,3.82,9.35,84.21,19.88,8.04,4,hospital_medicine,<5_years,low,0,1
V014,cma,19.51,1,1,137.92,31.81,29.66,17.1,23.84,79.9,26.01,14.38,5,hospital_medicine,<5_years,low,0,1
V014,graphcare,18.32,1,1,139.8,28.23,22.6,13.87,16.29,79.32,20.98,16.33,6,hospital_medicine,<5_years,low,0,0
V014,medcpt,19.36,1,1,142.32,30.74,29.66,3.43,20.18,80.7,31.5,18.95,7,hospital_medicine,<5_years,low,0,0
V014,llm_rag,17.25,1,1,165.48,30.56,29.03,9.3,13.52,89.13,25.75,16.66,8,hospital_medicine,<5_years,low,0,0
V014,gdt,18.28,1,1,124.73,27.49,23.7,6.47,21.6,77.79,22.25,13.15,9,hospital_medicine,<5_years,low,0,1
V545,llm_rag,21.95,1,1,178.31,28.74,27.25,3.53,28.86,85.71,19.98,7.13,1,emergency,<5_years,low,0,0
V545,bm25,21.19,1,1,171.04,37.95,45.24,6.53,44.71,74.95,36.37,19.89,2,emergency,<5_years,low,0,0
V545,sdt,18.78,1,1,111.88,23.25,14.58,0.77,14.25,83.56,18.25,8.07,3,emergency,<5_years,low,0,1
V545,gdt,16.9,1,1,129.19,28.91,18.53,5.82,23.47,91.9,17.92,15.79,4,emergency,<5_years,low,0,1
V545,graphcare,20.5,1,1,171.21,29.23,32.51,4.74,17.61,82.77,21.47,16.29,5,emergency,<5_years,low,0,0
V545,control,21.8,1,1,231.25,40.52,44.35,11.97,44.57,69.29,47.53,25.43,6,emergency,<5_years,low,0,0
V545,cma,18.46,1,1,167.75,29.38,26.49,0.71,28.25,74.38,31.17,15.3,7,emergency,<5_years,low,0,1
V545,colbert,19.37,1,1,147.1,31.69,31.24,8.96,29.19,84.67,23.91,12.15,8,emergency,<5_years,low,0,0
V545,medcpt,23.01,1,1,130.73,28.36,30.12,8.57,20.5,78.45,28.41,4.11,9,emergency,<5_years,low,0,0
V702,colbert,22.09,1,1,163.32,29.42,26.86,7.11,19.32,76.32,30.64,16.26,1,hospital_medicine,<5_years,low,0,0
V702,llm_rag,21.53,1,1,170.93,28.2,27.9,3.24,18.7,81.96,23.55,13.83,2,hospital_medicine,<5_years,low,0,0
V702,bm25,25.75,1,1,173.75,37.81,41.9,11.35,36.8,76.8,38.86,21.13,3,hospital_medicine,<5_years,low,0,0
V702,sdt,21.2,1,1,102.38,24.28,24.32,9.0,12.32,79.26,18.93,1.83,4,hospital_medicine,<5_years,low,0,1
V702,gdt,16.54,1,1,118.23,25.55,24.47,1.83,17.14,81.34,19.48,9.06,5,hospital_medicine,<5_years,low,0,1
V702,medcpt,19.62,1,1,142.42,28.23,20.33,7.22,22.78,74.22,30.52,14.31,6,hospital_medicine,<5_years,low,0,0
V702,control,24.12,1,1,189.79,35.04,32.0,5.05,36.53,68.86,43.36,24.42,7,hospital_medicine,<5_years,low,0,0
V702,cma,20.48,1,1,153.19,34.41,30.13,14.83,25.2,83.11,31.51,21.7,8,hospital_medicine,<5_years,low,0,1
V702,graphcare,18.63,1,1,139.91,31.27,29.91,9.2,15.63,85.4,25.26,22.25,9,hospital_medicine,<5_years,low,0,0
V718,graphcare,60.47,1,3,157.87,37.52,47.12,11.51,38.98,73.52,42.43,11.55,1,emergency,>=5_years,high,2,0
V718,medcpt,57.57,1,3,136.7,39.65,51.4,16.03,37.67,69.21,44.19,19.41,2,emergency,>=5_years,high,2,0
V718,colbert,65.59,1,3,153.79,40.69,43.93,10.07,44.06,73.12,47.79,25.18,3,emergency,>=5_years,high,2,0
V718,cma,60.56,1,3,157.58,39.93,44.14,9.94,46.24,74.73,41.54,22.98,4,emergency,>=5_years,high,2,1
V718,gdt,51.63,1,3,117.23,35.37,36.63,14.13,30.07,66.66,44.4,20.32,5,emergency,>=5_years,high,2,1
V718,bm25,64.66,1,3,195.74,48.59,63.25,15.63,59.27,57.97,59.07,36.36,6,emergency,>=5_years,high,2,0
V718,control,66.6,1,3,189.5,47.7,58.87,15.07,54.94,66.88,55.19,35.21,7,emergency,>=5_years,high,2,0
V718,sdt,52.53,1,3,113.84,33.05,33.07,13.18,24.77,77.76,32.03,17.5,8,emergency,>=5_years,high,2,1
V718,llm_rag,155.73,0,3,170.19,54.41,78.55,21.13,67.34,50.47,71.89,37.09,9,emergency,>=5_years,high,2,0
V283,sdt,93.28,1,5,115.94,41.83,49.0,18.82,48.01,65.29,47.54,22.33,1,internal_medicine,<5_years,high,3,1
V283,medcpt,96.83,1,5,146.98,49.54,65.28,13.14,58.79,62.07,62.54,35.44,2,internal_medicine,<5_years,high,3,0
V283,llm_rag,201.3,0,5,168.23,65.47,94.11,25.76,93.0,37.86,92.44,49.63,3,internal_medicine,<5_years,high,3,0
V283,gdt,96.67,1,5,130.42,46.82,65.16,17.54,49.7,61.28,56.11,31.11,4,internal_medicine,<5_years,high,3,1
V283,cma,106.1,1,5,160.53,50.32,61.29,14.0,64.64,56.58,69.94,35.44,5,internal_medicine,<5_years,high,3,1
V283,colbert,103.02,1,5,155.65,49.83,62.84,19.08,62.27,61.87,63.34,29.61,6,internal_medicine,<5_years,high,3,0
V283,bm25,126.8,1,5,181.45,62.34,84.84,25.8,75.07,50.25,81.4,56.68,7,internal_medicine,<5_years,high,3,0
V283,graphcare,99.02,1,5,149.79,50.29,65.04,18.78,59.81,60.37,65.58,32.16,8,internal_medicine,<5_years,high,3,0
V283,control,109.83,1,5,181.07,57.12,80.76,21.62,82.24,46.11,71.18,40.81,9,internal_medicine,<5_years,high,3,0
V151,control,39.25,1,2,170.57,44.55,48.08,16.29,53.98,69.19,57.79,21.97,1,hospital_medicine,<5_years,low,1,0
V151,bm25,44.36,1,2,183.52,43.3,49.87,13.59,49.75,70.87,48.75,26.97,2,hospital_medicine,<5_years,low,1,0
V151,llm_rag,40.26,1,2,168.94,32.28,38.41,7.21,22.79,70.27,35.42,19.61,3,hospital_medicine,<5_years,low,1,0
V151,gdt,40.43,1,2,128.8,35.3,35.6,6.92,30.34,81.65,37.26,20.02,4,hospital_medicine,<5_years,low,1,1
V151,cma,43.28,1,2,149.48,36.78,39.07,7.51,37.65,74.46,36.7,25.31,5,hospital_medicine,<5_years,low,1,1
V151,sdt,37.51,1,2,95.02,30.65,31.31,14.41,27.17,76.46,20.26,14.29,6,hospital_medicine,<5_years,low,1,1
V151,graphcare,40.01,1,2,139.21,34.2,37.69,9.62,32.91,78.74,29.58,16.67,7,hospital_medicine,<5_years,low,1,0
V151,medcpt,38.75,1,2,136.35,34.47,42.14,8.29,28.56,73.05,33.95,20.82,8,hospital_medicine,<5_years,low,1,0
V151,colbert,35.58,1,2,158.78,33.82,32.54,10.23,34.08,70.32,34.87,20.88,9,hospital_medicine,<5_years,low,1,0
V585,medcpt,60.17,1,3,142.37,40.33,42.23,12.58,41.24,70.03,45.81,30.08,1,hospital_medicine,>=5_years,low,1,0
V585,gdt,54.21,1,3,139.13,35.49,37.73,10.99,36.85,69.55,38.16,19.65,2,hospital_medicine,>=5_years,low,1,1
V585,graphcare,55.24,1,3,144.31,36.83,41.5,8.8,33.61,71.1,39.12,26.88,3,hospital_medicine,>=5_years,low,1,0
V585,llm_rag,55.98,1,3,167.94,35.96,44.33,17.51,31.69,68.79,40.9,12.53,4,hospital_medicine,>=5_years,low,1,0
V585,cma,56.06,1,3,151.19,36.15,46.74,10.8,34.01,68.94,41.54,14.9,5,hospital_medicine,>=5_years,low,1,1
V585,control,66.23,1,3,184.92,48.98,59.57,14.03,59.37,62.16,61.82,36.92,6,hospital_medicine,>=5_years,low,1,0
V585,colbert,58.28,1,3,159.18,38.03,40.79,5.73,40.6,74.06,46.81,20.19,7,hospital_medicine,>=5_years,low,1,0
V585,sdt,54.7,1,3,105.54,32.72,36.7,6.77,30.33,77.42,36.53,8.57,8,hospital_medicine,>=5_years,low,1,1
V585,bm25,77.51,1,3,172.45,50.73,65.22,23.03,54.71,58.66,62.84,39.94,9,hospital_medicine,>=5_years,low,1,0
V326,control,65.5,1,3,186.95,50.3,60.06,14.74,62.7,60.63,61.58,42.08,1,internal_medicine,<5_years,high,2,0
V326,cma,57.28,1,3,143.3,41.51,45.43,14.8,46.95,73.9,41.63,26.34,2,internal_medicine,<5_years,high,2,1
V326,colbert,58.71,1,3,164.8,41.91,50.39,9.75,41.97,70.13,44.79,34.43,3,internal_medicine,<5_years,high,2,0
V326,bm25,68.74,1,3,175.57,49.27,63.74,14.69,56.09,63.66,61.55,35.91,4,internal_medicine,<5_years,high,2,0
V326,llm_rag,159.07,0,3,151.82,54.53,74.28,21.33,73.2,50.89,73.88,33.63,5,internal_medicine,<5_years,high,2,0
V326,sdt,56.03,1,3,109.5,30.51,35.97,7.47,26.39,73.41,30.8,9.04,6,internal_medicine,<5_years,high,2,1
V326,graphcare,56.37,1,3,150.37,37.73,43.47,12.28,43.46,66.96,37.99,22.2,7,internal_medicine,<5_years,high,2,0
V326,medcpt,55.51,1,3,149.6,36.97,42.46,7.67,38.89,71.64,35.83,25.32,8,internal_medicine,<5_years,high,2,0
V326,gdt,62.71,1,3,123.75,38.22,44.55,12.68,36.81,75.82,36.22,23.26,9,internal_medicine,<5_years,high,2,1
V955,cma,18.49,1,1,149.34,31.91,28.91,12.27,30.7,79.21,26.48,13.92,1,hospital_medicine,<5_years,low,0,1
V955,llm_rag,18.31,1,1,129.48,32.23,32.56,6.16,22.06,88.55,30.77,13.27,2,hospital_medicine,<5_years,low,0,0
V955,control,23.67,1,1,170.44,38.01,45.63,7.31,42.04,67.99,42.18,22.94,3,hospital_medicine,<5_years,low,0,0
V955,sdt,16.39,1,1,113.55,25.37,18.41,10.24,10.1,83.43,19.37,10.68,4,hospital_medicine,<5_years,low,0,1
V955,bm25,27.28,1,1,182.58,38.48,38.02,9.58,46.3,69.32,45.71,21.91,5,hospital_medicine,<5_years,low,0,0
V955,gdt,20.42,1,1,115.02,29.26,26.82,15.93,23.02,78.45,22.92,8.42,6,hospital_medicine,<5_years,low,0,1
V955,graphcare,17.8,1,1,156.71,30.17,25.47,8.88,20.72,86.91,23.81,15.25,7,hospital_medicine,<5_years,low,0,0
V955,colbert,17.01,1,1,168.44,27.17,27.8,7.69,22.77,74.84,26.36,3.55,8,hospital_medicine,<5_years,low,0,0
V955,medcpt,18.66,1,1,129.22,30.93,25.77,5.96,26.88,82.52,31.4,13.07,9,hospital_medicine,<5_years,low,0,0
V580,graphcare,98.17,1,5,152.14,46.18,58.17,21.33,54.77,56.7,55.84,30.26,1,internal_medicine,>=5_years,high,2,0
V580,cma,100.41,1,5,147.8,50.0,57.75,20.24,64.9,57.63,64.84,34.64,2,internal_medicine,>=5_years,high,2,1
V580,medcpt,107.0,1,5,138.13,49.14,64.6,19.98,65.03,55.57,58.85,30.82,3,internal_medicine,>=5_years,high,2,0
V580,llm_rag,97.54,1,5,173.67,47.77,52.46,26.5,55.13,62.07,54.77,35.67,4,internal_medicine,>=5_years,high,2,0
V580,bm25,114.94,1,5,198.78,59.5,82.46,18.09,73.62,50.31,85.71,46.82,5,internal_medicine,>=5_years,high,2,0
V580,gdt,93.97,1,5,126.77,45.3,54.97,16.28,49.73,59.76,60.86,30.22,6,internal_medicine,>=5_years,high,2,1
V580,control,118.21,1,5,195.67,59.53,76.26,18.66,85.42,46.41,78.36,52.09,7,internal_medicine,>=5_years,high,2,0
V580,colbert,92.96,1,5,154.43,47.84,62.74,14.99,57.18,64.62,54.9,32.62,8,internal_medicine,>=5_years,high,2,0
V580,sdt,89.29,1,5,118.89,38.58,38.84,7.76,46.99,64.1,51.46,22.36,9,internal_medicine,>=5_years,high,2,1
V800,medcpt,55.2,1,3,148.19,39.3,47.4,9.99,39.43,71.0,42.97,25.03,1,emergency,>=5_years,low,1,0
V800,bm25,300.0,0,3,197.95,71.08,100.0,33.3,100.0,16.46,100.0,76.75,2,emergency,>=5_years,low,1,0
V800,colbert,250.27,0,3,154.8,71.11,100.0,31.46,100.0,32.14,100.0,63.05,3,emergency,>=5_years,low,1,0
V800,cma,273.01,0,3,141.1,69.52,100.0,28.25,100.0,27.59,100.0,61.29,4,emergency,>=5_years,low,1,1
V800,graphcare,259.8,0,3,152.72,69.55,100.0,32.26,100.0,25.25,100.0,59.76,5,emergency,>=5_years,low,1,0
V800,llm_rag,56.42,1,3,164.33,39.21,45.97,13.81,35.15,71.64,43.68,24.98,6,emergency,>=5_years,low,1,0
V800,gdt,57.14,1,3,135.69,37.24,36.99,15.03,40.78,71.81,38.97,19.89,7,emergency,>=5_years,low,1,1
V800,sdt,54.17,1,3,104.49,31.63,34.71,7.94,26.63,69.8,34.02,16.69,8,emergency,>=5_years,low,1,1
V800,control,289.81,0,3,201.05,73.02,100.0,43.27,100.0,16.28,100.0,78.58,9,emergency,>=5_years,low,1,0
V133,llm_rag,34.63,1,2,153.86,32.25,33.96,9.97,28.58,73.08,33.59,14.33,1,critical_care,<5_years,low,1,0
V133,medcpt,40.4,1,2,129.65,35.9,40.92,15.29,36.85,72.55,33.84,15.97,2,critical_care,<5_years,low,1,0
V133,control,44.79,1,2,207.41,45.33,51.39,15.27,49.63,65.69,56.43,33.56,3,critical_care,<5_years,low,1,0
V133,graphcare,41.05,1,2,167.31,34.44,40.24,7.77,23.15,74.62,38.15,22.73,4,critical_care,<5_years,low,1,0
V133,colbert,39.19,1,2,149.29,35.88,35.06,10.91,35.8,76.98,32.68,23.84,5,critical_care,<5_years,low,1,0
V133,bm25,46.8,1,2,191.2,43.69,50.12,15.32,51.52,69.41,47.57,28.2,6,critical_care,<5_years,low,1,0
V133,gdt,36.23,1,2,129.76,30.8,33.5,9.45,25.92,77.76,24.54,13.64,7,critical_care,<5_years,low,1,1
V133,sdt,36.04,1,2,119.05,28.66,22.08,5.57,17.99,85.43,25.79,15.11,8,critical_care,<5_years,low,1,1
V133,cma,43.91,1,2,142.04,37.14,37.97,13.26,35.98,73.23,35.0,27.38,9,critical_care,<5_years,low,1,1
V123,gdt,37.9,1,2,130.59,32.09,33.34,6.35,29.6,72.97,33.22,17.07,1,emergency,<5_years,low,0,1
V123,control,49.29,1,2,197.54,41.43,50.98,16.65,45.63,62.27,46.7,26.34,2,emergency,<5_years,low,0,0
V123,cma,38.79,1,2,140.67,35.27,36.7,11.78,28.49,74.27,39.36,21.02,3,emergency,<5_years,low,0,1
V123,medcpt,40.92,1,2,143.14,36.22,33.31,12.82,36.95,81.64,37.2,15.37,4,emergency,<5_years,low,0,0
V123,graphcare,37.74,1,2,134.84,35.37,34.81,9.89,33.55,76.65,36.74,20.56,5,emergency,<5_years,low,0,0
V123,bm25,47.08,1,2,171.25,43.89,47.98,14.96,58.62,67.0,43.89,30.86,6,emergency,<5_years,low,0,0
V123,sdt,35.72,1,2,110.85,30.8,32.63,6.05,27.09,77.63,23.23,18.15,7,emergency,<5_years,low,0,1
V123,colbert,40.14,1,2,165.28,36.66,36.48,11.09,41.23,71.12,33.17,26.84,8,emergency,<5_years,low,0,0
V123,llm_rag,42.14,1,2,178.61,33.7,37.77,7.1,27.69,72.99,37.54,19.12,9,emergency,<5_years,low,0,0
V783,llm_rag,37.77,1,2,159.02,32.71,35.42,3.47,34.45,77.75,30.96,14.22,1,emergency,<5_years,low,1,0
V783,medcpt,34.72,1,2,135.21,33.32,32.03,9.8,31.98,76.03,30.72,19.38,2,emergency,<5_years,low,1,0
V783,gdt,43.13,1,2,105.02,37.34,38.51,15.22,30.0,78.02,35.29,27.02,3,emergency,<5_years,low,1,1
V783,sdt,35.08,1,2,111.0,28.69,26.03,10.44,15.52,85.2,24.52,10.45,4,emergency,<5_years,low,1,1
V783,bm25,159.88,0,2,168.47,59.52,87.76,20.46,78.59,42.9,84.36,43.06,5,emergency,<5_years,low,1,0
V783,colbert,39.09,1,2,161.12,36.97,42.11,10.9,31.96,78.15,39.18,19.54,6,emergency,<5_years,low,1,0
V783,graphcare,35.78,1,2,151.0,34.1,34.31,11.52,36.42,75.54,33.78,13.04,7,emergency,<5_years,low,1,0
V783,cma,36.5,1,2,138.48,35.79,39.79,13.55,38.75,72.18,33.73,16.75,8,emergency,<5_years,low,1,1
V783,control,44.65,1,2,186.47,41.17,53.82,16.05,44.82,61.58,44.51,26.26,9,emergency,<5_years,low,1,0
V984,colbert,25.02,1,1,177.29,28.99,32.72,5.48,26.68,71.74,22.1,15.2,1,critical_care,<5_years,low,0,0
V984,medcpt,17.97,1,1,123.46,28.27,24.16,8.92,22.24,78.76,24.53,11.02,2,critical_care,<5_years,low,0,0
V984,gdt,23.37,1,1,134.63,30.17,29.12,11.39,23.72,79.5,25.59,11.72,3,critical_care,<5_years,low,0,1
V984,bm25,22.66,1,1,215.9,37.49,45.65,7.55,38.5,71.31,42.32,19.59,4,critical_care,<5_years,low,0,0
V984,control,23.5,1,1,205.74,39.05,46.41,8.12,42.89,64.75,43.64,28.5,5,critical_care,<5_years,low,0,0
V984,cma,20.47,1,1,136.7,30.93,28.45,14.0,28.01,75.41,29.28,10.44,6,critical_care,<5_years,low,0,1
V984,graphcare,18.39,1,1,173.51,30.42,29.83,9.93,21.51,77.55,30.91,12.76,7,critical_care,<5_years,low,0,0
V984,sdt,18.31,1,1,91.31,23.42,20.42,6.16,9.0,82.95,20.51,1.48,8,critical_care,<5_years,low,0,1
V984,llm_rag,19.59,1,1,141.82,29.95,20.33,10.92,24.55,83.92,25.24,14.72,9,critical_care,<5_years,low,0,0
V578,sdt,90.54,1,5,114.07,44.4,58.58,15.31,48.82,59.21,63.56,20.93,1,critical_care,>=5_years,high,2,1
V578,control,113.07,1,5,181.78,59.23,80.19,22.74,78.59,53.13,76.06,44.66,2,critical_care,>=5_years,high,2,0
V578,graphcare,99.86,1,5,148.59,47.4,56.0,21.85,55.15,54.87,65.27,31.28,3,critical_care,>=5_years,high,2,0
V578,gdt,98.96,1,5,130.06,48.7,62.5,18.0,57.12,64.42,56.66,33.5,4,critical_care,>=5_years,high,2,1
V578,cma,98.27,1,5,141.22,48.69,61.67,21.02,50.66,57.75,62.76,38.25,5,critical_care,>=5_years,high,2,1
V578,llm_rag,95.12,1,5,156.27,45.93,57.41,19.52,54.05,57.96,54.82,31.84,6,critical_care,>=5_years,high,2,0
V578,medcpt,97.97,1,5,131.36,46.36,62.8,15.61,50.16,54.76,58.54,36.28,7,critical_care,>=5_years,high,2,0
V578,colbert,101.84,1,5,145.88,51.51,66.05,18.36,61.28,57.58,63.49,42.28,8,critical_care,>=5_years,high,2,0
V578,bm25,115.26,1,5,196.76,61.89,89.72,19.83,83.67,50.63,76.46,51.04,9,critical_care,>=5_years,high,2,0
V103,control,181.0,0,3,189.77,66.41,100.0,21.83,89.12,38.42,95.64,53.48,1,hospital_medicine,>=5_years,low,0,0
V103,cma,148.51,0,3,136.29,52.54,73.92,16.2,68.85,47.86,70.49,37.94,2,hospital_medicine,>=5_years,low,0,1
V103,gdt,150.21,0,3,122.37,54.09,76.74,20.71,69.89,53.09,67.71,36.4,3,hospital_medicine,>=5_years,low,0,1
V103,graphcare,147.94,0,3,150.8,55.18,73.03,18.53,72.31,54.52,77.46,35.21,4,hospital_medicine,>=5_years,low,0,0
V103,colbert,155.45,0,3,147.8,58.4,80.62,24.21,77.94,46.71,78.31,42.6,5,hospital_medicine,>=5_years,low,0,0
V103,bm25,300.0,0,3,188.42,69.26,100.0,28.89,100.0,11.78,100.0,74.9,6,hospital_medicine,>=5_years,low,0,0
V103,sdt,152.35,0,3,115.6,48.03,65.68,18.13,57.55,55.18,60.1,31.56,7,hospital_medicine,>=5_years,low,0,1
V103,medcpt,158.88,0,3,147.74,56.23,77.43,19.41,63.41,54.12,80.04,42.99,8,hospital_medicine,>=5_years,low,0,0
V103,llm_rag,156.27,0,3,165.12,53.35,72.5,15.09,71.79,47.26,74.92,38.51,9,hospital_medicine,>=5_years,low,0,0
V101,bm25,89.36,1,4,174.33,54.68,70.53,26.26,68.82,49.81,67.71,44.95,1,critical_care,<5_years,high,3,0
V101,control,90.28,1,4,199.81,53.59,70.61,20.85,72.06,49.34,67.27,41.41,2,critical_care,<5_years,high,3,0
V101,colbert,83.67,1,4,181.61,44.55,58.79,17.76,49.82,65.26,46.71,28.98,3,critical_care,<5_years,high,3,0
V101,medcpt,79.24,1,4,152.98,45.88,50.64,20.96,48.08,64.53,61.06,30.02,4,critical_care,<5_years,high,3,0
V101,graphcare,73.19,1,4,139.92,43.39,46.72,13.76,47.34,66.6,56.45,29.48,5,critical_care,<5_years,high,3,0
V101,sdt,76.41,1,4,110.67,41.03,45.35,7.63,49.64,72.24,51.87,19.47,6,critical_care,<5_years,high,3,1
V101,llm_rag,72.33,1,4,196.28,41.13,40.59,8.29,50.94,67.25,52.11,27.58,7,critical_care,<5_years,high,3,0
V101,cma,89.12,1,4,143.2,47.11,60.44,17.06,52.48,61.23,58.23,33.21,8,critical_care,<5_years,high,3,1
V101,gdt,77.01,1,4,127.17,41.7,48.61,15.47,38.83,66.74,48.11,32.43,9,critical_care,<5_years,high,3,1
V858,control,76.32,1,3,182.27,52.4,67.2,25.55,52.97,59.58,63.04,46.07,1,hospital_medicine,>=5_years,high,2,0
V858,graphcare,62.69,1,3,148.45,38.17,44.96,12.57,39.54,65.81,40.83,25.29,2,hospital_medicine,>=5_years,high,2,0
V858,sdt,57.06,1,3,105.24,35.36,36.38,15.04,33.67,82.53,29.11,15.46,3,hospital_medicine,>=5_years,high,2,1
V858,cma,60.46,1,3,157.58,42.75,51.6,12.9,44.68,67.21,51.42,28.7,4,hospital_medicine,>=5_years,high,2,1
V858,bm25,71.32,1,3,189.78,49.02,65.47,16.17,59.73,55.97,58.95,37.8,5,hospital_medicine,>=5_years,high,2,0
V858,medcpt,58.67,1,3,142.79,41.51,54.11,20.76,43.45,62.03,48.91,19.83,6,hospital_medicine,>=5_years,high,2,0
V858,llm_rag,166.7,0,3,153.98,58.71,74.42,23.27,72.93,46.45,86.9,48.31,7,hospital_medicine,>=5_years,high,2,0
V858,gdt,56.01,1,3,127.92,41.16,45.77,16.39,42.81,73.44,46.19,22.36,8,hospital_medicine,>=5_years,high,2,1
V858,colbert,60.29,1,3,157.91,39.23,45.98,15.9,41.78,68.47,42.92,20.35,9,hospital_medicine,>=5_years,high,2,0
V135,colbert,19.92,1,1,157.22,30.77,29.59,8.8,29.16,83.74,23.18,10.16,1,emergency,>=5_years,low,0,0
V135,medcpt,19.38,1,1,153.47,31.48,27.2,14.26,25.63,86.61,24.52,10.68,2,emergency,>=5_years,low,0,0
V135,gdt,17.0,1,1,146.2,30.44,24.19,6.32,29.35,83.49,27.35,11.96,3,emergency,>=5_years,low,0,1
V135,cma,21.45,1,1,138.22,31.78,32.36,3.09,30.39,75.95,31.72,17.14,4,emergency,>=5_years,low,0,1
V135,sdt,15.91,1,1,127.08,26.56,23.91,6.65,11.26,87.88,16.69,12.96,5,emergency,>=5_years,low,0,1
V135,control,18.84,1,1,163.12,41.59,54.45,5.43,43.68,74.27,42.73,28.99,6,emergency,>=5_years,low,0,0
V135,graphcare,20.68,1,1,156.65,28.16,29.09,4.45,24.96,76.8,19.81,13.86,7,emergency,>=5_years,low,0,0
V135,bm25,26.58,1,1,150.1,40.34,56.25,8.6,42.77,68.67,43.25,22.49,8,emergency,>=5_years,low,0,0
V135,llm_rag,18.97,1,1,159.2,29.17,26.33,13.93,20.91,79.2,22.13,12.54,9,emergency,>=5_years,low,0,0
V168,colbert,20.34,1,1,137.45,28.93,27.4,11.92,27.19,76.26,17.82,12.98,1,internal_medicine,>=5_years,low,0,0
V168,sdt,15.63,1,1,117.96,24.67,24.89,8.51,10.93,80.92,16.0,6.76,2,internal_medicine,>=5_years,low,0,1
V168,control,21.5,1,1,181.0,37.72,43.48,16.14,36.26,73.41,32.58,24.46,3,internal_medicine,>=5_years,low,0,0
V168,gdt,20.22,1,1,127.9,31.76,32.88,5.65,28.62,82.99,28.69,11.74,4,internal_medicine,>=5_years,low,0,1
V168,medcpt,18.91,1,1,147.22,29.05,27.23,10.62,15.51,78.59,28.36,13.99,5,internal_medicine,>=5_years,low,0,0
V168,bm25,21.07,1,1,194.65,38.72,46.44,0.33,49.51,69.21,40.97,25.87,6,internal_medicine,>=5_years,low,0,0
V168,graphcare,16.11,1,1,148.15,27.83,21.39,11.51,20.12,78.28,19.84,15.87,7,internal_medicine,>=5_years,low,0,0
V168,llm_rag,128.24,0,1,169.53,49.07,66.68,20.58,59.72,58.98,57.24,31.21,8,internal_medicine,>=5_years,low,0,0
V168,cma,19.81,1,1,144.94,31.38,28.13,11.64,24.23,75.46,35.5,13.32,9,internal_medicine,>=5_years,low,0,1
V309,control,124.38,1,5,188.94,59.53,77.15,25.18,75.63,46.92,86.69,45.61,1,emergency,<5_years,high,2,0
V309,sdt,93.87,1,5,109.27,41.48,50.5,13.78,46.33,62.9,49.13,26.22,2,emergency,<5_years,high,2,1
V309,llm_rag,100.4,1,5,170.05,46.47,60.86,11.5,59.36,56.83,61.9,28.38,3,emergency,<5_years,high,2,0
V309,cma,97.92,1,5,138.11,49.69,67.73,19.77,59.55,57.31,58.1,35.67,4,emergency,<5_years,high,2,1
V309,colbert,98.13,1,5,166.48,48.46,64.79,18.11,50.91,54.51,67.27,35.19,5,emergency,<5_years,high,2,0
V309,bm25,117.48,1,5,178.84,59.33,82.1,22.9,79.19,47.65,78.76,45.37,6,emergency,<5_years,high,2,0
V309,graphcare,93.88,1,5,152.61,47.76,71.29,13.33,51.53,60.87,59.21,30.37,7,emergency,<5_years,high,2,0
V309,gdt,90.06,1,5,125.35,45.64,64.13,9.85,57.65,62.14,49.67,30.41,8,emergency,<5_years,high,2,1
V309,medcpt,98.8,1,5,127.76,47.67,67.8,11.25,55.78,62.91,55.25,33.02,9,emergency,<5_years,high,2,0
V477,cma,58.39,1,3,154.19,38.26,39.49,8.32,43.1,62.44,45.46,30.74,1,internal_medicine,<5_years,low,1,1
V477,medcpt,60.6,1,3,150.28,39.02,45.67,16.59,42.04,63.06,40.48,26.26,2,internal_medicine,<5_years,low,1,0
V477,colbert,57.32,1,3,144.78,41.18,48.14,17.28,41.7,72.11,44.17,23.68,3,internal_medicine,<5_years,low,1,0
V477,gdt,58.62,1,3,123.86,36.73,39.61,15.3,37.12,70.93,37.56,19.83,4,internal_medicine,<5_years,low,1,1
V477,bm25,73.11,1,3,191.15,48.51,64.25,17.03,52.71,59.44,64.5,33.15,5,internal_medicine,<5_years,low,1,0
V477,sdt,53.44,1,3,111.59,33.18,33.71,12.58,34.91,75.52,31.46,10.91,6,internal_medicine,<5_years,low,1,1
V477,llm_rag,60.43,1,3,167.19,40.05,39.47,7.7,44.9,69.86,45.68,32.69,7,internal_medicine,<5_years,low,1,0
V477,control,66.2,1,3,187.45,47.4,54.18,17.89,58.82,56.22,59.77,37.51,8,internal_medicine,<5_years,low,1,0
V477,graphcare,61.86,1,3,137.04,38.11,44.3,7.93,38.3,67.57,46.12,24.44,9,internal_medicine,<5_years,low,1,0
V063,cma,65.81,1,3,151.77,42.23,51.1,4.89,47.66,67.8,52.4,29.54,1,emergency,<5_years,low,0,1
V063,colbert,62.85,1,3,166.66,38.6,42.12,12.89,37.36,74.41,46.89,17.95,2,emergency,<5_years,low,0,0
V063,gdt,58.55,1,3,129.53,38.07,44.02,10.01,38.33,72.84,40.73,22.47,3,emergency,<5_years,low,0,1
V063,sdt,51.37,1,3,111.96,31.14,26.84,10.2,29.64,78.28,33.02,8.86,4,emergency,<5_years,low,0,1
V063,control,70.01,1,3,192.62,49.62,58.3,17.19,60.89,59.57,63.42,38.37,5,emergency,<5_years,low,0,0
V063,graphcare,56.72,1,3,144.22,40.73,44.94,15.4,38.68,69.25,49.2,26.88,6,emergency,<5_years,low,0,0
V063,llm_rag,65.53,1,3,178.29,40.46,43.25,17.76,41.85,73.37,44.03,22.51,7,emergency,<5_years,low,0,0
V063,medcpt,61.2,1,3,141.53,39.78,40.67,8.32,49.83,65.34,46.35,28.16,8,emergency,<5_years,low,0,0
V063,bm25,73.97,1,3,198.97,47.11,61.63,12.53,55.37,57.69,60.29,35.16,9,emergency,<5_years,low,0,0
V013,sdt,91.62,1,5,110.84,44.78,54.34,15.04,48.97,68.5,50.7,31.12,1,internal_medicine,>=5_years,high,4,1
V013,control,123.34,1,5,196.18,61.57,85.82,21.86,84.41,51.82,76.85,48.69,2,internal_medicine,>=5_years,high,4,0
V013,medcpt,97.59,1,5,148.88,48.39,58.53,18.68,57.06,59.26,56.29,40.51,3,internal_medicine,>=5_years,high,4,0
V013,cma,102.94,1,5,139.59,50.11,66.51,18.63,58.65,55.31,61.76,39.83,4,internal_medicine,>=5_years,high,4,1
V013,llm_rag,96.92,1,5,146.37,48.11,63.24,17.82,54.62,58.52,61.01,33.43,5,internal_medicine,>=5_years,high,4,0
V013,graphcare,93.34,1,5,157.15,46.03,57.39,14.97,57.48,63.75,59.14,23.47,6,internal_medicine,>=5_years,high,4,0
V013,gdt,92.52,1,5,122.82,46.96,56.07,20.1,55.0,58.89,58.53,33.17,7,internal_medicine,>=5_years,high,4,1
V013,bm25,120.12,1,5,185.2,60.06,85.02,26.58,75.12,44.45,84.23,44.97,8,internal_medicine,>=5_years,high,4,0
V013,colbert,96.79,1,5,141.85,49.59,68.77,11.37,57.47,59.54,63.41,37.02,9,internal_medicine,>=5_years,high,4,0
V037,sdt,51.52,1,3,105.32,31.42,33.78,5.73,34.45,75.65,30.38,8.5,1,internal_medicine,>=5_years,low,1,1
V037,colbert,164.08,0,3,158.05,58.34,80.79,16.9,73.33,51.23,82.26,45.51,2,internal_medicine,>=5_years,low,1,0
V037,cma,157.33,0,3,148.4,57.66,83.77,16.33,69.58,49.14,86.03,41.09,3,internal_medicine,>=5_years,low,1,1
V037,gdt,163.46,0,3,118.61,55.79,76.14,21.94,77.48,52.74,74.18,32.29,4,internal_medicine,>=5_years,low,1,1
V037,control,182.39,0,3,198.44,67.12,100.0,26.39,97.09,38.74,87.37,53.16,5,internal_medicine,>=5_years,low,1,0
V037,llm_rag,149.61,0,3,159.18,52.55,70.68,15.72,70.69,50.38,71.76,36.05,6,internal_medicine,>=5_years,low,1,0
V037,graphcare,53.55,1,3,149.73,36.31,43.59,11.88,35.95,63.12,37.48,25.82,7,internal_medicine,>=5_years,low,1,0
V037,bm25,170.1,0,3,184.14,65.69,92.01,23.5,91.11,36.81,88.84,61.87,8,internal_medicine,>=5_years,low,1,0
V037,medcpt,152.11,0,3,138.57,53.16,81.41,16.11,62.02,48.74,70.68,40.02,9,internal_medicine,>=5_years,low,1,0
V668,graphcare,19.05,1,1,153.62,29.46,25.22,5.54,26.31,81.92,26.93,10.86,1,critical_care,>=5_years,low,0,0
V668,llm_rag,19.92,1,1,161.29,31.81,26.66,17.18,24.04,81.45,27.88,13.66,2,critical_care,>=5_years,low,0,0
V668,bm25,23.69,1,1,184.85,41.29,45.84,11.64,41.91,68.1,53.03,27.22,3,critical_care,>=5_years,low,0,0
V668,colbert,18.07,1,1,167.11,29.5,31.35,13.01,22.94,73.29,29.22,7.19,4,critical_care,>=5_years,low,0,0
V668,gdt,22.75,1,1,161.24,28.0,27.87,0.0,19.91,85.04,24.7,10.51,5,critical_care,>=5_years,low,0,1
V668,medcpt,19.3,1,1,139.75,29.07,29.86,6.84,24.91,83.31,19.15,10.34,6,critical_care,>=5_years,low,0,0
V668,cma,19.81,1,1,136.57,27.08,24.87,12.08,22.49,73.89,24.31,4.86,7,critical_care,>=5_years,low,0,1
V668,control,23.73,1,1,174.41,38.86,41.47,15.88,36.39,70.11,50.24,19.07,8,critical_care,>=5_years,low,0,0
V668,sdt,17.99,1,1,118.62,25.34,16.22,9.41,10.33,84.23,20.01,11.81,9,critical_care,>=5_years,low,0,1
V605,sdt,37.64,1,2,123.58,29.85,31.95,8.75,26.84,76.62,31.19,3.75,1,hospital_medicine,>=5_years,low,1,1
V605,control,49.22,1,2,183.42,45.61,61.53,13.9,50.41,59.64,56.5,31.68,2,hospital_medicine,>=5_years,low,1,0
V605,gdt,35.99,1,2,127.04,32.97,38.43,9.79,27.73,77.1,29.63,15.11,3,hospital_medicine,>=5_years,low,1,1
V605,colbert,40.85,1,2,151.37,34.94,32.62,13.44,34.78,76.19,30.05,22.55,4,hospital_medicine,>=5_years,low,1,0
V605,medcpt,40.78,1,2,137.53,34.88,36.8,11.05,35.6,74.62,36.97,14.25,5,hospital_medicine,>=5_years,low,1,0
V605,cma,37.8,1,2,146.13,32.39,35.74,3.93,28.63,73.03,37.13,15.89,6,hospital_medicine,>=5_years,low,1,1
V605,graphcare,42.99,1,2,155.05,36.13,36.82,9.29,29.22,82.29,37.15,22.03,7,hospital_medicine,>=5_years,low,1,0
V605,llm_rag,41.65,1,2,153.92,35.67,34.97,3.99,36.76,76.0,33.56,28.77,8,hospital_medicine,>=5_years,low,1,0
V605,bm25,45.71,1,2,187.36,46.29,54.94,17.1,47.06,61.11,58.42,39.08,9,hospital_medicine,>=5_years,low,1,0
V749,graphcare,53.83,1,3,145.73,37.88,44.13,16.96,34.75,69.69,39.91,21.86,1,internal_medicine,>=5_years,high,2,0
V749,control,69.35,1,3,184.34,48.72,63.7,18.99,59.93,62.51,59.3,27.88,2,internal_medicine,>=5_years,high,2,0
V749,gdt,59.61,1,3,118.6,38.8,43.85,14.66,39.67,70.56,43.4,20.67,3,internal_medicine,>=5_years,high,2,1
V749,cma,57.22,1,3,160.92,38.55,48.31,12.62,40.22,68.7,43.06,18.4,4,internal_medicine,>=5_years,high,2,1
V749,colbert,56.59,1,3,152.77,40.12,46.7,4.58,42.64,70.19,48.98,27.62,5,internal_medicine,>=5_years,high,2,0
V749,bm25,176.11,0,3,189.78,68.73,100.0,17.31,90.48,41.62,97.22,65.77,6,internal_medicine,>=5_years,high,2,0
V749,llm_rag,61.83,1,3,150.88,37.38,43.32,12.47,38.07,65.95,42.53,21.95,7,internal_medicine,>=5_years,high,2,0
V749,medcpt,62.99,1,3,147.95,40.37,51.04,22.03,40.0,65.05,39.67,24.43,8,internal_medicine,>=5_years,high,2,0
V749,sdt,55.05,1,3,117.01,35.75,41.37,9.45,29.64,82.17,32.75,19.1,9,internal_medicine,>=5_years,high,2,1
V351,sdt,76.76,1,4,116.38,35.73,45.04,7.5,36.64,69.68,39.72,15.8,1,emergency,>=5_years,high,3,1
V351,graphcare,81.05,1,4,145.15,41.14,52.51,15.36,42.69,61.32,45.77,29.22,2,emergency,>=5_years,high,3,0
V351,control,96.39,1,4,189.66,57.32,81.09,17.66,73.59,53.16,72.25,46.17,3,emergency,>=5_years,high,3,0
V351,bm25,96.32,1,4,192.54,55.26,68.41,17.25,76.04,56.77,72.15,40.95,4,emergency,>=5_years,high,3,0
V351,medcpt,78.36,1,4,131.58,45.63,59.43,18.11,48.79,65.58,56.04,25.85,5,emergency,>=5_years,high,3,0
V351,gdt,76.96,1,4,128.84,42.34,50.08,11.75,53.35,65.11,52.56,21.18,6,emergency,>=5_years,high,3,1
V351,cma,79.66,1,4,143.72,42.19,47.53,15.58,51.74,55.42,52.2,30.66,7,emergency,>=5_years,high,3,1
V351,colbert,80.72,1,4,163.37,47.97,53.86,24.21,56.66,64.93,55.4,32.77,8,emergency,>=5_years,high,3,0
V351,llm_rag,73.67,1,4,157.78,39.96,49.26,15.69,39.85,67.77,43.31,23.88,9,emergency,>=5_years,high,3,0
V560,graphcare,98.16,1,5,148.29,46.85,63.61,17.75,47.51,54.97,64.04,33.22,1,critical_care,<5_years,high,4,0
V560,control,114.19,1,5,186.48,58.83,79.88,17.16,79.47,49.91,81.43,45.12,2,critical_care,<5_years,high,4,0
V560,cma,101.18,1,5,154.39,47.74,51.61,16.25,60.5,54.59,62.11,41.39,3,critical_care,<5_years,high,4,1
V560,gdt,96.38,1,5,130.44,46.72,65.84,19.82,53.31,50.58,61.67,29.13,4,critical_care,<5_years,high,4,1
V560,sdt,92.48,1,5,112.65,43.67,53.78,17.15,45.24,59.67,55.68,30.51,5,critical_care,<5_years,high,4,1
V560,medcpt,105.24,1,5,124.58,51.88,67.34,28.13,54.23,59.74,62.77,39.1,6,critical_care,<5_years,high,4,0
V560,bm25,107.47,1,5,176.07,57.54,81.35,20.77,75.89,46.54,73.26,47.44,7,critical_care,<5_years,high,4,0
V560,llm_rag,101.59,1,5,160.56,51.06,61.97,20.08,65.0,54.28,67.74,37.29,8,critical_care,<5_years,high,4,0
V560,colbert,98.66,1,5,155.91,47.7,64.81,12.11,55.11,57.87,61.49,34.82,9,critical_care,<5_years,high,4,0
V288,control,26.1,1,1,211.01,38.58,39.63,8.39,38.19,76.56,40.08,28.62,1,critical_care,<5_years,low,0,0
V288,bm25,26.49,1,1,193.11,37.54,37.99,8.84,40.27,67.07,48.4,22.66,2,critical_care,<5_years,low,0,0
V288,colbert,17.3,1,1,197.33,29.55,31.77,7.88,24.47,76.83,24.08,12.26,3,critical_care,<5_years,low,0,0
V288,gdt,18.21,1,1,114.01,29.53,25.08,7.18,22.18,86.29,25.32,11.1,4,critical_care,<5_years,low,0,1
V288,llm_rag,18.44,1,1,155.45,31.97,31.86,11.74,28.94,77.04,23.6,18.66,5,critical_care,<5_years,low,0,0
V288,graphcare,17.76,1,1,160.26,30.89,25.45,8.4,25.28,90.51,28.01,7.71,6,critical_care,<5_years,low,0,0
V288,sdt,21.01,1,1,112.8,26.31,20.07,1.07,17.93,81.78,24.64,12.37,7,critical_care,<5_years,low,0,1
V288,medcpt,19.55,1,1,140.83,27.88,29.43,0.68,24.57,76.08,22.21,14.29,8,critical_care,<5_years,low,0,0
V288,cma,21.44,1,1,130.82,31.95,27.53,10.92,28.8,77.37,26.66,20.4,9,critical_care,<5_years,low,0,1
V904,cma,97.83,1,5,141.38,48.57,69.29,17.38,59.21,54.46,59.07,32.02,1,internal_medicine,<5_years,high,3,1
V904,llm_rag,105.44,1,5,181.91,48.06,65.04,18.64,57.56,50.67,61.97,34.46,2,internal_medicine,<5_years,high,3,0
V904,medcpt,100.19,1,5,160.6,48.38,63.05,13.44,64.28,56.51,59.94,33.03,3,internal_medicine,<5_years,high,3,0
V904,colbert,96.18,1,5,155.67,46.67,61.69,16.5,50.17,59.07,61.58,31.01,4,internal_medicine,<5_years,high,3,0
V904,bm25,112.49,1,5,180.59,58.28,78.46,18.48,73.53,51.99,81.11,46.12,5,internal_medicine,<5_years,high,3,0
V904,sdt,93.92,1,5,110.72,41.86,50.76,12.56,46.86,62.08,55.15,23.73,6,internal_medicine,<5_years,high,3,1
V904,control,110.78,1,5,200.74,56.25,82.92,19.39,66.84,44.75,70.62,52.99,7,internal_medicine,<5_years,high,3,0
V904,gdt,93.17,1,5,126.53,44.74,52.82,10.79,57.27,59.38,53.14,35.03,8,internal_medicine,<5_years,high,3,1
V904,graphcare,94.7,1,5,153.09,47.78,62.69,22.59,50.92,59.2,57.3,33.97,9,internal_medicine,<5_years,high,3,0
V006,gdt,65.44,1,3,121.17,38.56,48.14,13.25,36.17,68.96,42.84,21.99,1,internal_medicine,<5_years,low,1,1
V006,bm25,70.63,1,3,190.83,50.9,67.53,15.7,62.34,62.16,66.12,31.58,2,internal_medicine,<5_years,low,1,0
V006,cma,53.15,1,3,153.38,39.81,50.1,6.45,44.82,66.44,42.07,28.96,3,internal_medicine,<5_years,low,1,1
V006,control,71.03,1,3,187.97,51.95,66.11,20.77,67.03,52.94,65.53,39.34,4,internal_medicine,<5_years,low,1,0
V006,colbert,60.43,1,3,170.32,40.01,50.88,10.42,39.24,72.52,42.58,24.43,5,internal_medicine,<5_years,low,1,0
V006,medcpt,61.12,1,3,145.42,38.49,49.12,10.58,40.99,63.69,45.99,20.6,6,internal_medicine,<5_years,low,1,0
V006,llm_rag,55.35,1,3,151.08,39.45,49.78,13.8,36.8,71.56,42.71,22.03,7,internal_medicine,<5_years,low,1,0
V006,graphcare,59.5,1,3,149.92,36.54,39.16,6.72,43.37,68.97,39.11,21.9,8,internal_medicine,<5_years,low,1,0
V006,sdt,61.77,1,3,111.24,34.62,41.37,11.29,36.88,65.32,34.01,18.83,9,internal_medicine,<5_years,low,1,1
V824,graphcare,24.71,1,1,155.65,32.08,35.74,8.96,21.94,82.74,28.46,14.64,1,internal_medicine,<5_years,low,0,0
V824,colbert,19.34,1,1,140.53,27.37,28.1,11.05,19.54,73.17,24.57,7.81,2,internal_medicine,<5_years,low,0,0
V824,cma,17.38,1,1,156.76,30.67,27.13,14.57,30.66,76.26,24.48,10.91,3,internal_medicine,<5_years,low,0,1
V824,gdt,18.63,1,1,127.29,26.53,12.48,6.63,26.34,77.77,26.05,9.91,4,internal_medicine,<5_years,low,0,1
V824,medcpt,20.89,1,1,145.9,28.46,25.34,11.44,21.49,70.73,25.08,16.68,5,internal_medicine,<5_years,low,0,0
V824,control,26.16,1,1,197.1,38.49,42.9,11.89,43.68,72.72,37.4,22.33,6,internal_medicine,<5_years,low,0,0
V824,sdt,19.56,1,1,124.0,25.5,24.48,8.22,15.75,79.01,23.13,2.4,7,internal_medicine,<5_years,low,0,1
V824,llm_rag,20.94,1,1,148.26,27.74,24.62,10.52,20.61,75.18,23.54,11.94,8,internal_medicine,<5_years,low,0,0
V824,bm25,19.8,1,1,176.83,40.91,42.24,15.67,44.44,77.1,41.44,24.54,9,internal_medicine,<5_years,low,0,0
V734,graphcare,20.63,1,1,131.24,30.99,25.89,8.16,27.33,78.01,23.61,22.96,1,internal_medicine,>=5_years,low,0,0
V734,bm25,23.03,1,1,184.37,40.72,50.7,5.47,39.05,77.62,43.0,28.5,2,internal_medicine,>=5_years,low,0,0
V734,colbert,17.09,1,1,138.06,29.57,32.67,3.89,21.79,80.02,28.07,10.96,3,internal_medicine,>=5_years,low,0,0
V734,cma,17.0,1,1,145.69,31.3,36.95,6.28,25.51,79.73,28.9,10.44,4,internal_medicine,>=5_years,low,0,1
V734,llm_rag,21.46,1,1,167.08,29.83,33.13,10.44,16.83,75.2,34.98,8.42,5,internal_medicine,>=5_years,low,0,0
V734,gdt,17.37,1,1,106.19,28.89,25.1,3.42,22.91,75.02,30.01,16.88,6,internal_medicine,>=5_years,low,0,1
V734,sdt,18.65,1,1,107.93,26.28,19.24,8.86,17.39,81.88,17.34,12.95,7,internal_medicine,>=5_years,low,0,1
V734,control,19.84,1,1,189.14,39.2,45.3,17.11,39.87,76.28,36.09,20.58,8,internal_medicine,>=5_years,low,0,0
V734,medcpt,19.61,1,1,129.91,31.26,27.73,13.48,21.31,82.06,30.77,12.2,9,internal_medicine,>=5_years,low,0,0
V652,medcpt,95.65,1,5,147.64,51.73,65.17,19.2,63.1,65.1,60.89,36.94,1,critical_care,<5_years,high,4,0
V652,control,110.35,1,5,191.69,59.02,84.03,21.93,79.76,42.83,74.27,51.31,2,critical_care,<5_years,high,4,0
V652,sdt,89.33,1,5,119.08,44.08,45.64,19.98,50.13,64.87,54.34,29.49,3,critical_care,<5_years,high,4,1
V652,cma,96.09,1,5,156.08,48.3,65.87,15.09,61.07,52.53,60.88,34.34,4,critical_care,<5_years,high,4,1
V652,bm25,115.67,1,5,199.33,59.1,83.36,30.12,79.2,45.1,75.93,40.9,5,critical_care,<5_years,high,4,0
V652,gdt,98.38,1,5,135.84,45.92,54.72,13.37,52.24,58.11,59.43,37.63,6,critical_care,<5_years,high,4,1
V652,colbert,87.61,1,5,159.98,46.05,57.26,13.16,48.37,66.21,56.06,35.24,7,critical_care,<5_years,high,4,0
V652,llm_rag,100.77,1,5,157.66,47.21,64.92,12.75,57.56,58.68,56.45,32.88,8,critical_care,<5_years,high,4,0
V652,graphcare,102.0,1,5,155.47,48.79,66.99,18.71,56.81,61.24,58.69,30.31,9,critical_care,<5_years,high,4,0
V291,colbert,19.68,1,1,167.86,28.85,27.62,12.47,18.83,79.53,28.1,6.54,1,emergency,<5_years,low,0,0
V291,control,24.11,1,1,178.69,40.97,48.67,8.55,45.77,75.25,40.53,27.08,2,emergency,<5_years,low,0,0
V291,medcpt,16.35,1,1,148.74,28.92,31.94,3.54,29.32,72.65,25.9,10.15,3,emergency,<5_years,low,0,0
V291,bm25,22.05,1,1,170.19,38.85,41.77,15.92,39.94,72.93,39.78,22.74,4,emergency,<5_years,low,0,0
V291,gdt,19.03,1,1,144.98,28.39,30.9,0.0,19.03,82.69,30.24,7.48,5,emergency,<5_years,low,0,1
V291,sdt,16.58,1,1,135.15,24.91,24.89,8.55,18.31,79.11,11.77,6.83,6,emergency,<5_years,low,0,1
V291,graphcare,19.01,1,1,156.95,28.7,25.54,11.59,22.34,79.03,24.65,9.08,7,emergency,<5_years,low,0,0
V291,cma,22.09,1,1,138.24,31.87,31.86,10.15,28.37,78.99,29.67,12.18,8,emergency,<5_years,low,0,1
V291,llm_rag,15.03,1,1,161.64,29.48,23.9,9.58,18.17,83.91,32.12,9.24,9,emergency,<5_years,low,0,0
V294,cma,40.53,1,2,134.13,33.72,41.99,11.51,24.6,71.19,37.46,15.57,1,internal_medicine,<5_years,low,0,1
V294,medcpt,45.22,1,2,135.54,35.91,36.24,16.91,33.57,71.86,37.3,19.6,2,internal_medicine,<5_years,low,0,0
V294,llm_rag,42.1,1,2,151.7,35.77,38.2,12.61,29.97,77.76,37.1,18.99,3,internal_medicine,<5_years,low,0,0
V294,gdt,35.56,1,2,127.37,33.27,29.13,13.68,29.76,75.08,32.56,19.41,4,internal_medicine,<5_years,low,0,1
V294,colbert,40.91,1,2,162.01,37.68,40.0,11.21,32.93,73.88,43.01,25.04,5,internal_medicine,<5_years,low,0,0
V294,bm25,38.27,1,2,190.64,44.81,59.24,16.29,46.57,72.62,47.37,26.75,6,internal_medicine,<5_years,low,0,0
V294,sdt,34.77,1,2,118.38,26.91,22.32,7.05,19.59,80.39,22.28,9.85,7,internal_medicine,<5_years,low,0,1
V294,control,50.26,1,2,194.02,45.67,52.91,13.34,59.44,65.78,53.29,29.25,8,internal_medicine,<5_years,low,0,0
V294,graphcare,40.84,1,2,153.6,36.78,34.71,19.69,35.35,74.87,36.68,19.41,9,internal_medicine,<5_years,low,0,0
V693,cma,18.62,1,1,149.16,31.16,30.54,9.35,28.35,72.12,34.15,12.43,1,critical_care,<5_years,low,0,1
V693,bm25,26.9,1,1,165.08,39.89,41.88,12.32,36.47,74.78,46.46,27.43,2,critical_care,<5_years,low,0,0
V693,medcpt,17.22,1,1,149.26,27.96,21.9,3.86,20.34,79.6,26.56,15.51,3,critical_care,<5_years,low,0,0
V693,gdt,17.59,1,1,119.67,30.29,31.73,7.44,26.22,82.29,25.49,8.57,4,critical_care,<5_years,low,0,1
V693,sdt,15.07,1,1,112.95,23.9,19.92,1.63,14.35,83.76,17.5,6.26,5,critical_care,<5_years,low,0,1
V693,graphcare,18.45,1,1,150.17,28.27,30.56,3.0,15.9,84.53,31.12,4.51,6,critical_care,<5_years,low,0,0
V693,llm_rag,21.73,1,1,189.4,28.28,25.77,4.47,26.05,82.58,21.38,9.43,7,critical_care,<5_years,low,0,0
V693,control,24.5,1,1,190.85,39.58,39.51,13.42,42.04,73.03,38.38,31.1,8,critical_care,<5_years,low,0,0
V693,colbert,16.03,1,1,194.63,28.76,27.11,8.19,16.84,86.36,20.83,13.2,9,critical_care,<5_years,low,0,0
V873,sdt,19.95,1,1,109.37,23.0,19.98,6.71,16.17,76.62,17.19,1.31,1,internal_medicine,>=5_years,low,0,1
V873,gdt,21.86,1,1,163.8,28.91,31.95,2.58,20.33,83.95,22.35,12.31,2,internal_medicine,>=5_years,low,0,1
V873,cma,18.71,1,1,151.24,29.52,35.94,0.0,20.42,83.04,33.2,4.53,3,internal_medicine,>=5_years,low,0,1
V873,control,26.27,1,1,161.64,39.36,49.92,11.03,36.77,69.34,42.49,26.63,4,internal_medicine,>=5_years,low,0,0
V873,graphcare,21.87,1,1,131.72,31.13,28.1,7.12,31.39,75.16,34.39,10.61,5,internal_medicine,>=5_years,low,0,0
V873,llm_rag,21.2,1,1,164.86,31.39,31.45,8.84,21.8,83.71,25.37,17.17,6,internal_medicine,>=5_years,low,0,0
V873,colbert,19.81,1,1,148.25,27.19,25.19,6.24,14.27,72.94,30.66,13.84,7,internal_medicine,>=5_years,low,0,0
V873,medcpt,21.77,1,1,122.2,31.35,32.77,4.53,32.46,75.04,27.09,16.22,8,internal_medicine,>=5_years,low,0,0
V873,bm25,21.0,1,1,210.8,38.98,42.54,6.07,43.66,71.33,43.93,26.34,9,internal_medicine,>=5_years,low,0,0
V487,control,88.25,1,4,186.2,53.14,65.71,23.3,68.3,50.72,70.6,40.19,1,internal_medicine,<5_years,high,2,0
V487,cma,79.52,1,4,143.1,45.12,57.46,14.55,54.45,62.78,45.94,35.54,2,internal_medicine,<5_years,high,2,1
V487,llm_rag,84.87,1,4,162.84,44.82,62.86,22.18,35.48,70.63,47.62,30.16,3,internal_medicine,<5_years,high,2,0
V487,graphcare,75.99,1,4,138.76,44.54,52.99,13.58,45.41,66.92,61.62,26.71,4,internal_medicine,<5_years,high,2,0
V487,colbert,83.81,1,4,170.77,44.05,53.41,21.45,45.44,63.09,54.47,26.44,5,internal_medicine,<5_years,high,2,0
V487,bm25,93.43,1,4,180.68,52.47,74.2,13.07,65.09,51.56,65.44,45.44,6,internal_medicine,<5_years,high,2,0
V487,medcpt,76.03,1,4,138.08,45.61,60.47,17.71,50.64,67.64,51.57,25.64,7,internal_medicine,<5_years,high,2,0
V487,gdt,86.67,1,4,135.77,43.28,53.93,10.06,44.6,69.63,49.9,31.57,8,internal_medicine,<5_years,high,2,1
V487,sdt,70.75,1,4,110.25,40.24,41.24,9.66,43.96,75.73,43.38,27.45,9,internal_medicine,<5_years,high,2,1
V214,gdt,54.29,1,3,130.68,35.95,42.84,12.14,32.28,69.15,41.25,18.04,1,internal_medicine,<5_years,high,2,1
V214,colbert,63.3,1,3,163.06,40.61,46.26,23.71,41.32,64.4,44.58,23.4,2,internal_medicine,<5_years,high,2,0
V214,graphcare,58.43,1,3,148.38,39.85,46.45,14.03,39.96,72.81,43.27,22.55,3,internal_medicine,<5_years,high,2,0
V214,bm25,74.62,1,3,213.91,52.0,67.05,25.05,61.27,63.61,59.67,35.32,4,internal_medicine,<5_years,high,2,0
V214,control,69.5,1,3,203.47,47.26,55.79,10.07,60.19,52.21,69.57,35.73,5,internal_medicine,<5_years,high,2,0
V214,sdt,54.3,1,3,112.22,32.71,34.75,7.64,31.04,74.44,33.1,15.28,6,internal_medicine,<5_years,high,2,1
V214,medcpt,61.0,1,3,144.31,36.65,41.19,9.42,43.11,67.35,35.79,23.01,7,internal_medicine,<5_years,high,2,0
V214,cma,65.12,1,3,151.56,39.61,52.04,10.99,52.94,55.78,39.85,26.04,8,internal_medicine,<5_years,high,2,1
V214,llm_rag,57.88,1,3,171.66,38.64,48.7,21.04,38.85,62.94,40.12,20.17,9,internal_medicine,<5_years,high,2,0
V256,medcpt,62.73,1,3,136.78,39.49,44.69,12.36,39.61,67.48,48.27,24.52,1,hospital_medicine,>=5_years,high,2,0
V256,sdt,59.75,1,3,101.44,34.36,44.36,11.82,26.45,67.92,32.29,23.31,2,hospital_medicine,>=5_years,high,2,1
V256,colbert,51.38,1,3,166.61,39.73,54.21,15.32,35.3,76.64,47.99,8.92,3,hospital_medicine,>=5_years,high,2,0
V256,graphcare,57.28,1,3,140.12,39.26,38.2,13.19,40.74,78.22,43.68,21.54,4,hospital_medicine,>=5_years,high,2,0
V256,control,63.6,1,3,198.49,46.96,59.19,16.72,54.53,63.11,59.44,28.77,5,hospital_medicine,>=5_years,high,2,0
V256,bm25,72.81,1,3,163.58,51.37,63.62,10.33,67.97,58.92,66.82,40.57,6,hospital_medicine,>=5_years,high,2,0
V256,gdt,56.82,1,3,139.01,38.13,43.64,9.18,35.34,78.7,44.16,17.75,7,hospital_medicine,>=5_years,high,2,1
V256,llm_rag,59.04,1,3,173.15,39.39,43.72,15.77,36.96,72.63,41.14,26.16,8,hospital_medicine,>=5_years,high,2,0
V256,cma,58.21,1,3,152.45,39.8,48.86,11.77,45.93,61.3,48.64,22.3,9,hospital_medicine,>=5_years,high,2,1
V286,colbert,23.57,1,1,138.84,27.98,21.89,13.03,28.02,71.94,23.7,9.28,1,internal_medicine,>=5_years,low,0,0
V286,gdt,19.86,1,1,133.16,26.86,24.86,6.41,15.71,79.83,28.98,5.39,2,internal_medicine,>=5_years,low,0,1
V286,sdt,18.96,1,1,125.08,24.38,19.28,1.54,15.38,81.47,19.58,9.0,3,internal_medicine,>=5_years,low,0,1
V286,bm25,22.57,1,1,207.07,38.38,45.1,12.57,41.63,69.25,38.64,23.1,4,internal_medicine,>=5_years,low,0,0
V286,medcpt,24.94,1,1,142.78,32.28,33.63,11.47,26.02,78.68,30.2,13.65,5,internal_medicine,>=5_years,low,0,0
V286,control,23.92,1,1,188.48,40.92,42.47,12.4,42.89,78.35,40.28,29.15,6,internal_medicine,>=5_years,low,0,0
V286,llm_rag,18.29,1,1,159.28,28.96,27.67,5.9,20.0,85.15,23.35,11.67,7,internal_medicine,>=5_years,low,0,0
V286,cma,22.71,1,1,119.94,30.92,27.37,12.73,18.04,81.44,27.3,18.65,8,internal_medicine,>=5_years,low,0,1
V286,graphcare,21.05,1,1,156.6,29.9,33.18,5.64,25.48,78.44,23.88,12.8,9,internal_medicine,>=5_years,low,0,0
V157,graphcare,57.48,1,3,146.9,39.73,46.04,9.35,40.75,75.4,39.81,27.03,1,internal_medicine,>=5_years,low,0,0
V157,control,77.35,1,3,194.82,49.97,61.28,19.72,61.06,57.39,59.39,40.98,2,internal_medicine,>=5_years,low,0,0
V157,llm_rag,253.99,0,3,156.61,67.15,100.0,28.42,97.71,27.69,100.0,49.04,3,internal_medicine,>=5_years,low,0,0
V157,cma,60.05,1,3,143.93,41.17,47.32,14.07,43.02,71.44,44.27,26.89,4,internal_medicine,>=5_years,low,0,1
V157,sdt,60.43,1,3,112.72,32.35,26.99,13.75,31.03,74.4,34.24,13.69,5,internal_medicine,>=5_years,low,0,1
V157,colbert,62.39,1,3,164.85,39.4,50.75,7.98,45.41,68.92,42.21,21.13,6,internal_medicine,>=5_years,low,0,0
V157,bm25,76.54,1,3,186.72,51.95,69.17,17.88,62.94,61.43,60.5,39.74,7,internal_medicine,>=5_years,low,0,0
V157,medcpt,60.23,1,3,135.5,39.49,46.55,13.71,43.58,68.32,40.28,24.49,8,internal_medicine,>=5_years,low,0,0
V157,gdt,56.13,1,3,113.89,36.66,36.14,10.6,41.97,69.0,38.42,23.81,9,internal_medicine,>=5_years,low,0,1
V513,cma,75.99,1,4,151.33,44.28,59.86,15.86,48.36,63.47,52.6,25.51,1,hospital_medicine,>=5_years,high,2,1
V513,sdt,79.55,1,4,105.57,38.09,43.55,13.59,36.45,66.18,46.87,21.91,2,hospital_medicine,>=5_years,high,2,1
V513,graphcare,76.28,1,4,145.78,44.51,51.9,17.3,54.35,62.8,49.72,31.0,3,hospital_medicine,>=5_years,high,2,0
V513,medcpt,79.8,1,4,134.8,44.1,47.96,18.25,45.74,64.74,59.61,28.33,4,hospital_medicine,>=5_years,high,2,0
V513,gdt,80.09,1,4,125.46,41.88,52.04,14.4,45.27,65.66,48.9,25.03,5,hospital_medicine,>=5_years,high,2,1
V513,control,88.68,1,4,188.29,56.0,71.93,20.3,67.29,60.11,73.7,42.7,6,hospital_medicine,>=5_years,high,2,0
V513,bm25,96.61,1,4,202.95,54.46,75.88,21.02,68.41,52.42,64.77,44.25,7,hospital_medicine,>=5_years,high,2,0
V513,llm_rag,82.3,1,4,162.97,43.59,57.06,12.51,49.59,67.45,49.86,25.08,8,hospital_medicine,>=5_years,high,2,0
V513,colbert,75.57,1,4,159.78,40.85,46.26,17.2,49.39,57.72,49.94,24.6,9,hospital_medicine,>=5_years,high,2,0
V091,sdt,69.58,1,4,107.38,39.48,40.81,12.6,40.2,71.24,44.25,27.77,1,hospital_medicine,>=5_years,high,3,1
V091,llm_rag,76.69,1,4,168.12,44.12,50.95,18.74,45.09,67.56,54.63,27.72,2,hospital_medicine,>=5_years,high,3,0
V091,colbert,77.11,1,4,158.56,43.42,55.05,19.97,44.82,64.06,48.73,27.91,3,hospital_medicine,>=5_years,high,3,0
V091,control,102.02,1,4,182.01,56.88,69.72,25.17,72.53,54.47,75.05,44.34,4,hospital_medicine,>=5_years,high,3,0
V091,gdt,85.17,1,4,125.01,43.87,57.66,11.22,47.5,62.68,58.96,25.19,5,hospital_medicine,>=5_years,high,3,1
V091,medcpt,84.53,1,4,144.54,47.5,64.36,11.38,54.38,63.6,60.45,30.84,6,hospital_medicine,>=5_years,high,3,0
V091,graphcare,76.32,1,4,136.68,43.9,58.04,20.22,48.72,66.57,47.19,22.66,7,hospital_medicine,>=5_years,high,3,0
V091,bm25,96.43,1,4,191.84,53.82,68.82,17.41,70.71,49.09,72.34,44.53,8,hospital_medicine,>=5_years,high,3,0
V091,cma,77.19,1,4,157.03,44.27,55.71,11.81,52.13,59.75,56.11,30.09,9,hospital_medicine,>=5_years,high,3,1
V707,colbert,55.22,1,3,152.18,37.09,41.77,13.03,34.2,70.03,38.94,24.54,1,emergency,>=5_years,high,2,0
V707,medcpt,63.53,1,3,133.05,40.81,54.91,18.61,50.91,61.96,39.13,19.36,2,emergency,>=5_years,high,2,0
V707,llm_rag,62.03,1,3,166.46,38.23,48.04,14.63,38.17,65.89,43.33,19.31,3,emergency,>=5_years,high,2,0
V707,graphcare,57.22,1,3,147.86,38.52,42.08,14.03,37.91,71.56,41.86,23.71,4,emergency,>=5_years,high,2,0
V707,bm25,67.64,1,3,179.54,52.33,64.02,21.71,54.09,71.43,61.28,41.42,5,emergency,>=5_years,high,2,0
V707,gdt,58.43,1,3,132.13,40.8,44.08,10.2,40.21,76.36,49.32,24.6,6,emergency,>=5_years,high,2,1
V707,sdt,55.2,1,3,107.3,34.37,34.95,10.56,33.57,75.11,44.56,7.46,7,emergency,>=5_years,high,2,1
V707,cma,67.68,1,3,142.79,40.56,53.88,15.25,36.12,66.12,41.12,30.86,8,emergency,>=5_years,high,2,1
V707,control,75.29,1,3,190.65,50.91,64.23,9.81,67.53,61.02,62.89,39.98,9,emergency,>=5_years,high,2,0
V936,medcpt,22.34,1,1,173.96,33.11,31.94,10.69,28.67,77.14,37.89,12.34,1,critical_care,>=5_years,low,0,0
V936,cma,21.12,1,1,157.32,31.93,35.51,16.77,21.25,78.93,25.29,13.87,2,critical_care,>=5_years,low,0,1
V936,control,21.04,1,1,205.98,38.68,41.82,9.11,40.8,73.02,40.61,26.71,3,critical_care,>=5_years,low,0,0
V936,sdt,20.48,1,1,116.46,26.6,20.8,15.87,19.67,87.42,15.84,0.0,4,critical_care,>=5_years,low,0,1
V936,llm_rag,18.37,1,1,161.42,28.82,27.52,8.54,18.79,75.79,28.7,13.6,5,critical_care,>=5_years,low,0,0
V936,bm25,28.09,1,1,170.99,39.59,49.53,11.51,39.36,70.61,45.51,21.06,6,critical_care,>=5_years,low,0,0
V936,graphcare,21.32,1,1,123.84,31.72,28.83,16.33,24.1,82.0,27.73,11.32,7,critical_care,>=5_years,low,0,0
V936,colbert,18.24,1,1,152.4,30.53,36.77,9.99,26.52,78.0,18.57,13.31,8,critical_care,>=5_years,low,0,0
V936,gdt,20.35,1,1,127.45,30.18,23.43,18.43,27.67,78.49,22.27,10.78,9,critical_care,>=5_years,low,0,1
V827,control,113.68,1,5,184.58,59.9,75.72,18.23,82.09,54.84,79.4,49.14,1,hospital_medicine,<5_years,high,2,0
V827,bm25,117.22,1,5,208.61,59.21,80.72,19.84,75.13,43.21,79.41,56.96,2,hospital_medicine,<5_years,high,2,0
V827,gdt,95.7,1,5,135.28,49.93,64.1,17.67,45.23,65.17,69.55,37.89,3,hospital_medicine,<5_years,high,2,1
V827,llm_rag,94.34,1,5,164.33,45.6,54.02,22.34,52.85,62.14,56.52,25.7,4,hospital_medicine,<5_years,high,2,0
V827,medcpt,100.05,1,5,134.52,48.75,65.54,18.89,56.43,62.0,66.12,23.54,5,hospital_medicine,<5_years,high,2,0
V827,cma,100.83,1,5,156.87,50.37,73.9,17.52,52.65,57.4,66.22,34.55,6,hospital_medicine,<5_years,high,2,1
V827,colbert,91.89,1,5,152.88,47.3,58.78,13.4,54.68,63.72,61.21,32.03,7,hospital_medicine,<5_years,high,2,0
V827,graphcare,101.11,1,5,144.6,46.52,51.31,22.35,56.65,54.06,64.83,29.92,8,hospital_medicine,<5_years,high,2,0
V827,sdt,93.81,1,5,109.39,42.66,52.71,18.41,45.85,64.4,51.85,22.76,9,hospital_medicine,<5_years,high,2,1
V919,bm25,43.59,1,2,189.44,41.42,44.03,16.58,46.22,66.71,52.34,22.65,1,internal_medicine,<5_years,low,1,0
V919,medcpt,40.46,1,2,137.61,36.93,47.66,10.59,32.47,74.43,37.64,18.77,2,internal_medicine,<5_years,low,1,0
V919,sdt,37.57,1,2,109.98,29.76,31.77,7.54,18.68,85.9,23.33,11.35,3,internal_medicine,<5_years,low,1,1
V919,llm_rag,38.36,1,2,176.11,34.45,36.01,9.21,33.59,82.39,32.66,12.8,4,internal_medicine,<5_years,low,1,0
V919,gdt,38.77,1,2,138.85,32.11,31.75,10.99,28.68,78.06,27.49,15.72,5,internal_medicine,<5_years,low,1,1
V919,control,48.44,1,2,182.45,46.27,52.03,17.93,56.68,67.94,51.05,31.97,6,internal_medicine,<5_years,low,1,0
V919,colbert,40.46,1,2,163.62,34.16,37.49,6.09,37.85,78.86,32.22,12.44,7,internal_medicine,<5_years,low,1,0
V919,graphcare,34.77,1,2,151.54,35.94,30.34,12.38,35.06,81.27,36.06,20.51,8,internal_medicine,<5_years,low,1,0
V919,cma,36.1,1,2,136.66,34.77,37.97,7.9,41.65,75.36,28.45,17.31,9,internal_medicine,<5_years,low,1,1
V473,cma,81.46,1,4,140.95,46.44,58.09,13.65,55.49,66.82,50.03,34.55,1,hospital_medicine,<5_years,high,2,1
V473,graphcare,72.97,1,4,141.48,41.48,49.73,18.7,44.19,63.64,48.41,24.24,2,hospital_medicine,<5_years,high,2,0
V473,gdt,79.35,1,4,132.62,42.13,56.59,10.25,49.11,66.97,52.64,17.24,3,hospital_medicine,<5_years,high,2,1
V473,llm_rag,274.74,0,4,163.02,72.38,100.0,32.0,100.0,30.2,100.0,72.08,4,hospital_medicine,<5_years,high,2,0
V473,bm25,95.42,1,4,188.11,55.55,70.76,20.81,71.46,57.68,70.44,42.14,5,hospital_medicine,<5_years,high,2,0
V473,sdt,69.51,1,4,119.16,36.09,38.41,10.95,31.28,73.59,45.6,16.72,6,hospital_medicine,<5_years,high,2,1
V473,control,88.81,1,4,196.62,52.78,74.47,23.87,57.35,54.89,68.74,37.37,7,hospital_medicine,<5_years,high,2,0
V473,medcpt,76.68,1,4,141.71,43.82,51.17,15.78,55.62,67.5,47.79,25.05,8,hospital_medicine,<5_years,high,2,0
V473,colbert,79.41,1,4,152.84,44.89,55.85,15.43,49.85,59.16,57.94,31.11,9,hospital_medicine,<5_years,high,2,0
V573,cma,185.74,0,4,145.01,63.3,94.51,18.89,87.37,40.21,88.55,50.25,1,critical_care,>=5_years,high,1,1
V573,llm_rag,300.0,0,4,166.78,71.31,100.0,38.11,100.0,21.24,100.0,68.51,2,critical_care,>=5_years,high,1,0
V573,control,208.35,0,4,188.65,69.49,100.0,23.12,100.0,33.59,100.0,60.25,3,critical_care,>=5_years,high,1,0
V573,medcpt,184.09,0,4,132.82,61.65,89.31,27.7,74.39,38.82,82.76,56.92,4,critical_care,>=5_years,high,1,0
V573,sdt,70.14,1,4,113.79,36.32,36.85,15.59,36.57,70.44,41.37,17.08,5,critical_care,>=5_years,high,1,1
V573,bm25,195.38,0,4,177.35,71.27,100.0,29.04,100.0,32.81,100.0,65.75,6,critical_care,>=5_years,high,1,0
V573,graphcare,180.74,0,4,156.8,60.88,89.72,20.92,82.72,45.42,79.25,47.28,7,critical_care,>=5_years,high,1,0
V573,gdt,182.23,0,4,125.52,60.04,82.96,10.5,86.5,44.91,85.65,49.7,8,critical_care,>=5_years,high,1,1
V573,colbert,283.44,0,4,160.71,70.48,100.0,33.31,100.0,26.67,100.0,62.88,9,critical_care,>=5_years,high,1,0
V104,llm_rag,93.79,1,5,171.01,49.7,67.9,15.44,59.79,63.43,58.08,33.55,1,internal_medicine,>=5_years,high,4,0
V104,sdt,89.1,1,5,113.33,44.11,52.44,15.91,48.07,64.56,49.26,34.39,2,internal_medicine,>=5_years,high,4,1
V104,colbert,98.73,1,5,145.12,47.65,59.45,13.69,56.91,61.39,62.78,31.67,3,internal_medicine,>=5_years,high,4,0
V104,cma,102.26,1,5,139.38,50.22,63.02,23.35,61.6,61.73,61.29,30.35,4,internal_medicine,>=5_years,high,4,1
V104,medcpt,99.23,1,5,132.67,47.79,60.13,14.62,57.58,62.39,59.22,32.81,5,internal_medicine,>=5_years,high,4,0
V104,control,109.11,1,5,171.74,55.13,68.21,22.02,73.96,53.23,75.49,37.89,6,internal_medicine,>=5_years,high,4,0
V104,graphcare,96.56,1,5,142.02,48.65,62.5,19.15,57.5,56.51,59.48,36.75,7,internal_medicine,>=5_years,high,4,0
V104,bm25,115.71,1,5,180.29,60.2,84.11,21.84,79.11,49.15,77.15,49.82,8,internal_medicine,>=5_years,high,4,0
V104,gdt,91.72,1,5,143.03,42.98,53.58,17.05,45.28,55.85,59.16,26.95,9,internal_medicine,>=5_years,high,4,1
V254,colbert,38.58,1,2,173.49,31.71,30.36,10.58,25.61,73.79,29.51,20.41,1,critical_care,<5_years,low,1,0
V254,control,39.64,1,2,178.57,42.19,44.92,14.73,45.19,65.35,51.92,31.02,2,critical_care,<5_years,low,1,0
V254,llm_rag,39.36,1,2,156.41,32.33,38.33,6.21,26.56,79.25,31.65,11.96,3,critical_care,<5_years,low,1,0
V254,cma,39.25,1,2,137.35,32.84,35.63,11.93,29.39,76.57,30.98,12.56,4,critical_care,<5_years,low,1,1
V254,bm25,48.46,1,2,167.1,44.71,59.13,9.1,56.2,60.87,48.88,34.07,5,critical_care,<5_years,low,1,0
V254,graphcare,37.45,1,2,152.89,34.88,38.64,9.95,33.42,76.74,34.5,16.03,6,critical_care,<5_years,low,1,0
V254,gdt,40.46,1,2,131.41,33.68,34.84,7.49,33.85,69.03,39.18,17.66,7,critical_care,<5_years,low,1,1
V254,medcpt,36.49,1,2,158.55,35.16,34.13,7.13,31.04,79.87,34.18,24.62,8,critical_care,<5_years,low,1,0
V254,sdt,38.11,1,2,104.56,28.84,29.96,9.75,25.31,77.38,21.0,9.65,9,critical_care,<5_years,low,1,1
V672,graphcare,36.14,1,2,136.07,33.27,30.06,8.29,36.18,72.34,33.35,19.39,1,hospital_medicine,<5_years,low,0,0
V672,control,44.76,1,2,204.95,43.68,49.47,12.36,51.38,60.85,52.58,35.46,2,hospital_medicine,<5_years,low,0,0
V672,colbert,35.61,1,2,170.0,34.34,39.86,11.39,26.41,74.98,33.56,19.84,3,hospital_medicine,<5_years,low,0,0
V672,llm_rag,40.36,1,2,163.81,35.08,38.2,6.3,26.22,78.9,32.64,28.22,4,hospital_medicine,<5_years,low,0,0
V672,bm25,39.49,1,2,171.44,44.22,52.11,16.81,52.46,66.06,50.48,27.38,5,hospital_medicine,<5_years,low,0,0
V672,gdt,35.24,1,2,136.99,31.59,37.08,5.78,30.08,76.79,28.75,11.09,6,hospital_medicine,<5_years,low,0,1
V672,medcpt,37.58,1,2,131.7,39.56,42.56,15.92,39.4,75.62,41.78,22.09,7,hospital_medicine,<5_years,low,0,0
V672,sdt,38.36,1,2,121.75,32.4,32.66,17.27,33.7,74.47,24.35,11.93,8,hospital_medicine,<5_years,low,0,1
V672,cma,42.41,1,2,171.05,34.73,40.49,6.63,33.0,65.14,42.23,20.88,9,hospital_medicine,<5_years,low,0,1
V562,cma,114.64,1,5,160.32,51.68,70.5,12.37,66.56,55.45,69.32,35.87,1,hospital_medicine,>=5_years,high,3,1
V562,sdt,90.36,1,5,117.5,40.23,56.47,14.69,45.87,59.44,45.26,19.66,2,hospital_medicine,>=5_years,high,3,1
V562,control,113.21,1,5,188.56,60.91,80.31,23.19,76.19,53.08,76.71,56.02,3,hospital_medicine,>=5_years,high,3,0
V562,colbert,104.05,1,5,154.27,49.55,62.02,21.29,60.57,57.26,60.42,35.77,4,hospital_medicine,>=5_years,high,3,0
V562,medcpt,98.97,1,5,134.5,48.25,63.77,15.9,54.02,64.48,60.48,30.85,5,hospital_medicine,>=5_years,high,3,0
V562,bm25,116.6,1,5,187.72,57.98,80.7,15.03,78.12,49.83,80.2,43.99,6,hospital_medicine,>=5_years,high,3,0
V562,llm_rag,98.33,1,5,170.55,47.57,68.31,13.68,56.76,52.32,61.81,32.56,7,hospital_medicine,>=5_years,high,3,0
V562,gdt,97.33,1,5,124.78,48.42,64.66,18.19,51.99,61.54,57.3,36.82,8,hospital_medicine,>=5_years,high,3,1
V562,graphcare,94.42,1,5,154.49,49.11,54.66,24.5,56.81,61.49,58.95,38.28,9,hospital_medicine,>=5_years,high,3,0
V813,bm25,92.62,1,4,190.54,54.28,72.59,13.32,70.94,54.85,70.31,43.66,1,internal_medicine,>=5_years,high,3,0
V813,gdt,76.09,1,4,124.61,44.54,59.13,18.27,50.37,64.71,50.71,24.04,2,internal_medicine,>=5_years,high,3,1
V813,graphcare,81.31,1,4,166.85,43.05,48.95,15.91,47.24,56.65,56.76,32.77,3,internal_medicine,>=5_years,high,3,0
V813,llm_rag,74.66,1,4,176.9,42.38,45.1,13.48,53.17,67.35,52.55,22.63,4,internal_medicine,>=5_years,high,3,0
V813,colbert,73.2,1,4,159.05,44.81,59.44,18.46,41.18,67.28,51.65,30.85,5,internal_medicine,>=5_years,high,3,0
V813,control,93.25,1,4,211.09,55.97,71.67,21.86,77.75,58.24,65.62,40.64,6,internal_medicine,>=5_years,high,3,0
V813,sdt,78.38,1,4,102.16,41.19,50.11,5.43,38.24,75.89,52.7,24.75,7,internal_medicine,>=5_years,high,3,1
V813,medcpt,77.29,1,4,134.49,41.99,59.17,11.66,44.36,59.91,43.66,33.15,8,internal_medicine,>=5_years,high,3,0
V813,cma,82.94,1,4,146.57,46.35,66.73,16.47,57.41,57.77,49.15,30.6,9,internal_medicine,>=5_years,high,3,1
V045,bm25,68.83,1,3,171.27,48.89,66.26,15.04,61.51,60.11,59.67,30.71,1,critical_care,>=5_years,low,0,0
V045,control,70.45,1,3,194.21,48.99,63.8,15.45,61.38,58.33,60.89,34.08,2,critical_care,>=5_years,low,0,0
V045,medcpt,59.74,1,3,140.56,39.09,48.26,10.09,38.66,70.19,46.27,21.06,3,critical_care,>=5_years,low,0,0
V045,colbert,57.52,1,3,157.39,39.86,50.49,10.31,42.45,71.22,40.89,23.82,4,critical_care,>=5_years,low,0,0
V045,graphcare,61.83,1,3,141.79,39.36,43.03,13.12,38.34,69.75,46.07,25.86,5,critical_care,>=5_years,low,0,0
V045,cma,60.39,1,3,152.24,40.36,52.46,9.73,36.35,73.57,45.75,24.3,6,critical_care,>=5_years,low,0,1
V045,sdt,56.37,1,3,102.49,31.6,34.04,14.91,27.42,67.41,30.56,15.23,7,critical_care,>=5_years,low,0,1
V045,llm_rag,58.92,1,3,168.14,40.09,49.6,9.58,42.02,71.23,44.91,23.21,8,critical_care,>=5_years,low,0,0
V045,gdt,61.26,1,3,133.47,41.75,43.42,15.64,44.44,74.82,41.82,30.33,9,critical_care,>=5_years,low,0,1
V751,cma,96.87,1,5,147.6,49.58,59.99,18.32,65.42,58.36,64.72,30.65,1,critical_care,<5_years,high,4,1
V751,bm25,114.56,1,5,201.98,61.33,86.36,24.4,77.69,53.72,80.42,45.41,2,critical_care,<5_years,high,4,0
V751,llm_rag,300.0,0,5,166.56,68.71,100.0,37.3,100.0,11.15,100.0,63.8,3,critical_care,<5_years,high,4,0
V751,control,110.65,1,5,177.54,57.65,77.14,21.29,71.89,52.08,78.14,45.36,4,critical_care,<5_years,high,4,0
V751,medcpt,105.01,1,5,142.23,50.29,66.64,18.28,65.06,53.05,64.14,34.58,5,critical_care,<5_years,high,4,0
V751,colbert,102.67,1,5,161.5,49.69,69.05,12.96,60.01,55.08,63.11,37.95,6,critical_care,<5_years,high,4,0
V751,graphcare,96.15,1,5,161.48,45.52,54.43,13.72,57.48,58.17,57.96,31.37,7,critical_care,<5_years,high,4,0
V751,sdt,91.82,1,5,116.96,43.55,53.44,18.23,43.86,73.34,46.56,25.85,8,critical_care,<5_years,high,4,1
V751,gdt,91.26,1,5,136.45,45.23,53.64,19.19,51.05,56.31,56.85,34.36,9,critical_care,<5_years,high,4,1
V012,bm25,181.44,0,3,185.15,69.75,100.0,32.87,93.36,36.67,100.0,55.62,1,critical_care,<5_years,high,2,0
V012,llm_rag,161.44,0,3,174.39,57.93,76.35,19.13,74.64,53.07,71.79,52.63,2,critical_care,<5_years,high,2,0
V012,control,178.98,0,3,167.37,68.53,96.43,25.32,90.13,43.77,97.57,57.96,3,critical_care,<5_years,high,2,0
V012,colbert,61.42,1,3,154.59,39.62,47.01,14.01,43.75,67.2,42.35,23.39,4,critical_care,<5_years,high,2,0
V012,gdt,61.06,1,3,121.79,38.68,42.91,13.29,36.2,71.13,40.86,27.67,5,critical_care,<5_years,high,2,1
V012,sdt,53.78,1,3,111.78,33.08,30.09,7.61,28.26,73.67,36.96,21.9,6,critical_care,<5_years,high,2,1
V012,graphcare,58.29,1,3,134.39,39.46,49.38,10.23,45.08,71.15,41.39,19.52,7,critical_care,<5_years,high,2,0
V012,medcpt,154.65,0,3,142.24,53.91,78.38,17.65,70.17,50.35,72.73,34.16,8,critical_care,<5_years,high,2,0
V012,cma,157.56,0,3,139.45,56.89,78.82,20.42,75.77,42.46,74.94,48.94,9,critical_care,<5_years,high,2,1
V713,sdt,51.45,1,3,120.02,31.35,28.83,10.03,25.51,72.36,34.83,16.56,1,critical_care,>=5_years,high,2,1
V713,llm_rag,58.88,1,3,163.81,39.65,46.76,17.99,37.42,73.24,38.81,23.69,2,critical_care,>=5_years,high,2,0
V713,gdt,54.38,1,3,128.27,39.53,41.18,7.67,39.47,82.98,42.73,23.15,3,critical_care,>=5_years,high,2,1
V713,control,69.54,1,3,181.82,47.55,55.4,14.99,61.08,57.93,59.3,36.58,4,critical_care,>=5_years,high,2,0
V713,medcpt,57.04,1,3,132.45,42.31,52.87,12.48,44.41,73.38,43.74,26.98,5,critical_care,>=5_years,high,2,0
V713,graphcare,61.39,1,3,135.73,39.85,48.09,15.31,42.59,69.61,41.89,21.61,6,critical_care,>=5_years,high,2,0
V713,bm25,64.64,1,3,185.33,48.38,53.88,16.32,60.56,66.22,63.8,29.48,7,critical_care,>=5_years,high,2,0
V713,cma,61.77,1,3,162.62,44.72,49.3,9.61,54.69,70.95,53.37,30.42,8,critical_care,>=5_years,high,2,1
V713,colbert,60.19,1,3,152.66,40.62,43.85,12.98,38.12,77.24,44.19,27.34,9,critical_care,>=5_years,high,2,0
V375,colbert,37.74,1,2,167.39,34.34,35.54,6.93,26.16,81.43,37.08,18.88,1,emergency,>=5_years,low,0,0
V375,medcpt,37.76,1,2,142.11,36.65,33.12,11.84,34.99,75.66,44.63,19.68,2,emergency,>=5_years,low,0,0
V375,gdt,38.8,1,2,121.73,32.56,34.46,10.17,26.87,77.41,33.68,12.76,3,emergency,>=5_years,low,0,1
V375,llm_rag,37.35,1,2,158.1,33.71,36.56,9.01,24.28,76.55,35.69,20.16,4,emergency,>=5_years,low,0,0
V375,control,49.3,1,2,206.18,41.83,57.35,11.88,47.79,61.76,48.21,23.97,5,emergency,>=5_years,low,0,0
V375,sdt,32.72,1,2,123.75,29.03,25.47,0.71,25.26,79.13,32.63,10.99,6,emergency,>=5_years,low,0,1
V375,graphcare,36.61,1,2,140.99,34.81,39.68,8.64,38.75,76.99,28.43,16.35,7,emergency,>=5_years,low,0,0
V375,bm25,46.69,1,2,182.09,42.21,51.3,10.78,45.52,69.77,52.99,22.89,8,emergency,>=5_years,low,0,0
V375,cma,38.27,1,2,148.87,36.6,37.27,8.16,35.33,76.09,37.93,24.83,9,emergency,>=5_years,low,0,1
V266,graphcare,151.32,0,3,143.68,54.59,76.69,19.41,68.36,46.59,69.34,47.16,1,emergency,>=5_years,high,2,0
V266,control,173.83,0,3,198.73,67.39,100.0,19.26,96.27,40.33,91.83,56.63,2,emergency,>=5_years,high,2,0
V266,colbert,265.71,0,3,159.02,70.21,100.0,22.97,100.0,29.21,100.0,69.07,3,emergency,>=5_years,high,2,0
V266,sdt,55.4,1,3,102.64,33.93,36.66,13.31,23.69,79.01,39.13,11.8,4,emergency,>=5_years,high,2,1
V266,bm25,163.07,0,3,201.26,62.34,90.67,26.67,84.34,35.45,89.3,47.62,5,emergency,>=5_years,high,2,0
V266,cma,148.73,0,3,142.7,55.57,82.97,17.2,71.32,49.24,65.62,47.04,6,emergency,>=5_years,high,2,1
V266,gdt,54.67,1,3,127.08,35.5,40.45,6.53,41.66,66.59,34.88,22.92,7,emergency,>=5_years,high,2,1
V266,medcpt,155.14,0,3,147.82,56.02,81.33,20.78,69.09,46.14,76.63,42.18,8,emergency,>=5_years,high,2,0
V266,llm_rag,149.8,0,3,161.67,55.87,73.72,23.34,75.04,51.48,69.47,42.19,9,emergency,>=5_years,high,2,0
V970,medcpt,81.73,1,4,134.93,47.0,59.56,19.79,56.01,63.92,48.86,33.87,1,emergency,<5_years,high,0,0
V970,sdt,70.63,1,4,116.1,37.12,44.59,13.26,35.37,69.06,41.93,18.52,2,emergency,<5_years,high,0,1
V970,cma,79.9,1,4,131.96,44.37,55.32,17.97,48.95,63.83,52.08,28.06,3,emergency,<5_years,high,0,1
V970,graphcare,80.61,1,4,149.41,43.79,55.77,12.37,52.04,67.88,48.53,26.17,4,emergency,<5_years,high,0,0
V970,gdt,80.59,1,4,144.52,43.44,51.13,14.91,49.26,66.49,49.62,29.23,5,emergency,<5_years,high,0,1
V970,colbert,81.9,1,4,167.49,41.9,45.21,17.24,52.53,67.27,43.36,25.78,6,emergency,<5_years,high,0,0
V970,bm25,90.29,1,4,201.36,54.13,74.18,15.65,66.06,61.32,61.22,46.37,7,emergency,<5_years,high,0,0
V970,control,95.92,1,4,194.9,52.33,69.65,18.53,67.28,46.56,67.69,44.25,8,emergency,<5_years,high,0,0
V970,llm_rag,78.96,1,4,165.72,43.45,53.51,11.87,51.59,61.31,52.95,29.45,9,emergency,<5_years,high,0,0
V991,llm_rag,282.15,0,5,155.86,70.07,100.0,36.36,100.0,20.16,100.0,63.87,1,hospital_medicine,>=5_years,high,2,0
V991,colbert,189.76,0,5,160.08,62.73,89.94,20.05,86.75,40.22,86.43,53.02,2,hospital_medicine,>=5_years,high,2,0
V991,cma,209.6,0,5,146.46,69.54,100.0,29.08,93.47,38.84,97.65,58.2,3,hospital_medicine,>=5_years,high,2,1
V991,bm25,300.0,0,5,180.43,72.29,100.0,37.03,100.0,15.31,100.0,81.37,4,hospital_medicine,>=5_years,high,2,0
V991,graphcare,196.97,0,5,153.83,65.14,96.75,25.63,85.65,35.2,97.95,49.68,5,hospital_medicine,>=5_years,high,2,0
V991,medcpt,192.6,0,5,143.05,68.72,92.96,32.2,93.52,44.25,96.48,52.9,6,hospital_medicine,>=5_years,high,2,0
V991,control,229.58,0,5,181.56,69.08,100.0,33.59,100.0,16.5,100.0,64.41,7,hospital_medicine,>=5_years,high,2,0
V991,gdt,94.02,1,5,124.9,47.9,61.46,20.82,54.66,57.68,59.62,33.17,8,hospital_medicine,>=5_years,high,2,1
V991,sdt,87.19,1,5,116.55,38.31,51.72,13.67,42.06,60.35,42.18,19.88,9,hospital_medicine,>=5_years,high,2,1
V964,control,118.66,1,5,187.51,57.68,87.66,20.7,72.53,41.96,80.95,42.26,1,critical_care,>=5_years,high,4,0
V964,gdt,100.31,1,5,123.13,47.27,56.67,19.13,51.96,68.14,59.76,27.95,2,critical_care,>=5_years,high,4,1
V964,cma,101.59,1,5,154.15,47.99,60.95,19.44,55.04,55.79,59.46,37.25,3,critical_care,>=5_years,high,4,1
V964,graphcare,103.24,1,5,140.32,50.79,64.79,23.25,56.82,60.65,63.93,35.27,4,critical_care,>=5_years,high,4,0
V964,sdt,86.72,1,5,110.65,43.39,54.09,13.01,45.51,67.06,52.64,27.99,5,critical_care,>=5_years,high,4,1
V964,medcpt,97.47,1,5,144.99,46.23,69.72,15.04,49.64,63.19,48.46,31.32,6,critical_care,>=5_years,high,4,0
V964,colbert,95.68,1,5,150.76,46.77,64.14,16.19,55.68,58.7,56.77,29.12,7,critical_care,>=5_years,high,4,0
V964,llm_rag,97.85,1,5,168.23,47.24,61.84,18.96,51.61,55.09,65.26,30.68,8,critical_care,>=5_years,high,4,0
V964,bm25,115.18,1,5,173.78,60.27,77.14,22.83,75.89,51.22,82.18,52.34,9,critical_care,>=5_years,high,4,0
V769,llm_rag,41.79,1,2,156.88,35.99,38.37,12.6,28.62,76.88,40.97,18.46,1,internal_medicine,>=5_years,low,1,0
V769,cma,37.98,1,2,150.14,34.18,34.13,6.82,35.1,81.9,33.19,13.95,2,internal_medicine,>=5_years,low,1,1
V769,bm25,44.64,1,2,187.73,40.7,48.0,9.97,43.59,62.41,50.66,29.56,3,internal_medicine,>=5_years,low,1,0
V769,gdt,40.26,1,2,141.07,36.06,35.21,7.99,38.48,75.47,38.74,20.46,4,internal_medicine,>=5_years,low,1,1
V769,sdt,35.63,1,2,117.25,30.66,24.67,9.44,18.4,84.96,29.67,16.84,5,internal_medicine,>=5_years,low,1,1
V769,graphcare,39.9,1,2,156.06,34.75,40.6,10.64,32.51,74.21,32.12,18.39,6,internal_medicine,>=5_years,low,1,0
V769,medcpt,39.07,1,2,148.71,35.64,37.13,12.38,39.01,70.38,39.7,15.22,7,internal_medicine,>=5_years,low,1,0
V769,colbert,34.95,1,2,151.6,33.76,39.02,14.42,22.9,75.82,30.51,19.88,8,internal_medicine,>=5_years,low,1,0
V769,control,46.45,1,2,173.82,42.12,53.41,11.73,49.3,58.31,49.01,30.98,9,internal_medicine,>=5_years,low,1,0
V507,colbert,16.1,1,1,170.19,29.63,27.48,8.09,19.62,84.83,30.46,7.3,1,hospital_medicine,<5_years,low,0,0
V507,bm25,20.82,1,1,182.05,36.54,41.77,13.24,40.27,64.79,32.99,26.17,2,hospital_medicine,<5_years,low,0,0
V507,sdt,18.59,1,1,99.83,23.41,18.46,4.63,16.12,79.16,22.1,0.0,3,hospital_medicine,<5_years,low,0,1
V507,graphcare,19.35,1,1,135.99,29.39,26.6,3.74,26.52,78.86,24.34,16.3,4,hospital_medicine,<5_years,low,0,0
V507,control,22.03,1,1,169.36,40.35,47.85,5.4,42.74,78.12,39.11,28.85,5,hospital_medicine,<5_years,low,0,0
V507,gdt,20.08,1,1,111.12,29.96,23.06,7.26,25.76,85.3,28.55,9.8,6,hospital_medicine,<5_years,low,0,1
V507,llm_rag,115.33,0,1,176.43,46.78,62.5,10.85,53.79,56.94,59.13,37.44,7,hospital_medicine,<5_years,low,0,0
V507,medcpt,21.49,1,1,135.41,29.69,25.26,6.87,27.23,76.09,29.76,12.92,8,hospital_medicine,<5_years,low,0,0
V507,cma,18.17,1,1,141.3,31.38,32.64,5.69,24.88,77.03,30.49,17.55,9,hospital_medicine,<5_years,low,0,1
V247,graphcare,20.37,1,1,147.07,30.51,29.33,4.61,20.3,83.9,29.04,15.84,1,emergency,<5_years,low,0,0
V247,bm25,23.46,1,1,213.73,37.98,43.69,5.94,41.48,67.15,43.97,25.62,2,emergency,<5_years,low,0,0
V247,medcpt,19.11,1,1,124.0,34.2,31.39,13.15,28.76,80.02,31.9,19.99,3,emergency,<5_years,low,0,0
V247,llm_rag,22.99,1,1,208.29,31.04,26.2,7.33,25.33,83.13,24.8,19.47,4,emergency,<5_years,low,0,0
V247,gdt,20.77,1,1,132.82,27.77,23.4,6.17,21.19,85.62,23.1,7.15,5,emergency,<5_years,low,0,1
V247,colbert,19.24,1,1,141.45,31.54,32.41,0.0,32.42,84.98,25.67,13.76,6,emergency,<5_years,low,0,0
V247,cma,18.9,1,1,147.48,32.52,33.52,11.56,29.48,73.96,31.37,15.2,7,emergency,<5_years,low,0,1
V247,control,25.49,1,1,195.83,40.87,45.6,11.61,44.98,71.51,49.31,22.23,8,emergency,<5_years,low,0,0
V247,sdt,19.36,1,1,106.57,26.02,23.73,11.78,11.67,83.58,17.93,7.46,9,emergency,<5_years,low,0,1
V883,medcpt,39.82,1,2,149.35,37.86,37.71,10.43,39.46,77.8,38.03,23.77,1,emergency,>=5_years,low,0,0
V883,sdt,37.3,1,2,121.4,28.59,21.89,8.18,25.42,78.55,25.48,12.04,2,emergency,>=5_years,low,0,1
V883,gdt,32.87,1,2,128.32,32.9,31.61,7.8,32.01,77.66,31.87,16.48,3,emergency,>=5_years,low,0,1
V883,colbert,36.88,1,2,163.45,35.34,34.29,15.35,31.98,82.07,33.13,15.21,4,emergency,>=5_years,low,0,0
V883,cma,39.74,1,2,141.4,35.4,39.84,14.15,36.59,70.01,33.54,18.25,5,emergency,>=5_years,low,0,1
V883,graphcare,36.21,1,2,151.79,36.85,38.33,7.4,32.18,81.94,35.51,25.75,6,emergency,>=5_years,low,0,0
V883,control,42.45,1,2,186.51,42.91,52.8,9.12,49.06,71.53,47.17,27.77,7,emergency,>=5_years,low,0,0
V883,bm25,44.32,1,2,174.0,42.14,50.51,12.36,55.13,62.63,43.71,28.49,8,emergency,>=5_years,low,0,0
V883,llm_rag,36.65,1,2,161.73,32.31,35.24,2.71,28.26,79.06,33.0,15.56,9,emergency,>=5_years,low,0,0
V971,gdt,56.09,1,3,134.69,36.53,43.49,11.88,32.52,74.22,41.78,15.29,1,internal_medicine,<5_years,high,2,1
V971,sdt,56.46,1,3,105.3,33.18,36.3,8.1,34.61,77.46,27.79,14.83,2,internal_medicine,<5_years,high,2,1
V971,colbert,58.1,1,3,153.54,39.49,43.45,15.98,36.8,65.06,50.65,24.99,3,internal_medicine,<5_years,high,2,0
V971,cma,58.55,1,3,154.15,40.59,42.5,16.75,40.98,66.04,46.05,31.22,4,internal_medicine,<5_years,high,2,1
V971,medcpt,63.01,1,3,137.23,41.05,50.39,10.96,49.29,69.34,40.77,25.55,5,internal_medicine,<5_years,high,2,0
V971,control,66.14,1,3,177.92,45.14,58.46,7.16,52.28,60.28,61.05,31.64,6,internal_medicine,<5_years,high,2,0
V971,graphcare,61.43,1,3,155.74,40.11,46.1,14.61,35.02,67.14,46.4,31.41,7,internal_medicine,<5_years,high,2,0
V971,bm25,75.12,1,3,179.62,51.16,66.1,18.08,60.03,68.61,59.33,34.82,8,internal_medicine,<5_years,high,2,0
V971,llm_rag,58.95,1,3,159.24,38.21,45.16,14.3,36.04,66.13,44.89,22.71,9,internal_medicine,<5_years,high,2,0
V907,llm_rag,79.29,1,4,154.95,44.88,53.63,13.62,47.93,73.45,49.59,31.04,1,critical_care,>=5_years,high,1,0
V907,control,86.1,1,4,177.24,53.7,72.56,12.0,72.88,54.23,72.31,38.2,2,critical_care,>=5_years,high,1,0
V907,gdt,76.88,1,4,112.38,41.79,44.68,15.18,49.89,66.58,50.82,23.58,3,critical_care,>=5_years,high,1,1
V907,graphcare,78.61,1,4,141.85,43.51,52.81,12.65,47.84,64.82,55.77,27.15,4,critical_care,>=5_years,high,1,0
V907,sdt,72.33,1,4,110.05,37.44,40.15,15.81,40.44,64.01,41.26,22.97,5,critical_care,>=5_years,high,1,1
V907,medcpt,76.54,1,4,141.99,44.71,58.47,17.58,47.7,66.77,46.44,31.32,6,critical_care,>=5_years,high,1,0
V907,colbert,184.02,0,4,151.26,62.58,92.42,23.62,84.67,36.21,84.44,54.09,7,critical_care,>=5_years,high,1,0
V907,bm25,90.14,1,4,176.14,53.87,69.84,11.7,74.0,46.54,76.96,44.2,8,critical_care,>=5_years,high,1,0
V907,cma,77.84,1,4,136.83,42.07,49.42,10.02,48.2,67.66,49.86,27.24,9,critical_care,>=5_years,high,1,1
V959,bm25,21.39,1,1,197.37,35.89,43.37,5.41,32.62,69.78,42.13,22.01,1,hospital_medicine,>=5_years,low,0,0
V959,medcpt,19.86,1,1,135.48,29.81,26.63,8.53,23.66,81.2,30.14,8.69,2,hospital_medicine,>=5_years,low,0,0
V959,cma,19.0,1,1,150.97,32.33,34.1,6.86,34.76,76.67,30.91,10.7,3,hospital_medicine,>=5_years,low,0,1
V959,control,21.99,1,1,188.51,38.84,43.72,11.49,41.6,73.79,42.96,19.48,4,hospital_medicine,>=5_years,low,0,0
V959,gdt,20.48,1,1,118.95,25.03,19.86,1.32,17.98,82.86,20.29,7.88,5,hospital_medicine,>=5_years,low,0,1
V959,colbert,113.66,0,1,183.86,49.67,58.62,21.83,57.81,60.41,57.09,42.24,6,hospital_medicine,>=5_years,low,0,0
V959,sdt,18.0,1,1,107.94,26.45,21.14,9.3,10.98,83.31,22.96,10.99,7,hospital_medicine,>=5_years,low,0,1
V959,graphcare,21.35,1,1,126.13,29.57,28.22,4.83,25.93,81.26,23.79,13.41,8,hospital_medicine,>=5_years,low,0,0
V959,llm_rag,17.15,1,1,182.22,29.65,25.71,10.15,19.61,85.41,26.92,10.06,9,hospital_medicine,>=5_years,low,0,0
V068,colbert,92.7,1,5,157.28,46.84,60.9,12.52,52.53,63.91,57.43,33.76,1,hospital_medicine,>=5_years,high,2,0
V068,cma,107.35,1,5,141.83,48.69,59.62,16.06,68.57,48.18,66.93,32.78,2,hospital_medicine,>=5_years,high,2,1
V068,control,108.78,1,5,193.97,60.75,82.47,25.08,80.71,53.5,77.67,45.09,3,hospital_medicine,>=5_years,high,2,0
V068,medcpt,102.81,1,5,133.94,48.86,72.51,12.69,64.4,51.89,58.09,33.56,4,hospital_medicine,>=5_years,high,2,0
V068,graphcare,98.29,1,5,150.78,48.84,59.48,25.96,57.04,60.89,60.95,28.7,5,hospital_medicine,>=5_years,high,2,0
V068,gdt,94.7,1,5,130.42,44.32,56.01,16.64,53.58,58.03,53.71,27.93,6,hospital_medicine,>=5_years,high,2,1
V068,bm25,119.14,1,5,190.49,61.06,86.8,23.85,79.72,45.29,76.9,53.78,7,hospital_medicine,>=5_years,high,2,0
V068,sdt,92.83,1,5,114.05,44.68,56.65,17.91,45.45,65.4,57.87,24.8,8,hospital_medicine,>=5_years,high,2,1
V068,llm_rag,97.09,1,5,158.83,47.85,60.23,15.54,55.54,61.03,57.53,37.25,9,hospital_medicine,>=5_years,high,2,0
V370,colbert,64.7,1,3,172.87,40.18,44.89,16.61,41.99,72.96,43.15,21.48,1,internal_medicine,>=5_years,low,1,0
V370,gdt,58.98,1,3,133.45,35.48,46.07,14.29,34.43,65.63,37.58,14.9,2,internal_medicine,>=5_years,low,1,1
V370,sdt,57.58,1,3,104.27,35.78,42.41,12.44,30.39,78.34,33.01,18.09,3,internal_medicine,>=5_years,low,1,1
V370,graphcare,60.57,1,3,147.52,41.46,44.85,11.73,47.84,71.4,42.4,30.54,4,internal_medicine,>=5_years,low,1,0
V370,control,78.75,1,3,200.7,50.59,66.62,14.94,63.34,58.52,59.84,40.25,5,internal_medicine,>=5_years,low,1,0
V370,cma,63.32,1,3,148.99,40.9,43.28,21.99,44.42,67.71,45.32,22.67,6,internal_medicine,>=5_years,low,1,1
V370,bm25,68.01,1,3,187.39,51.9,64.84,24.55,62.04,56.91,65.93,37.16,7,internal_medicine,>=5_years,low,1,0
V370,llm_rag,60.7,1,3,163.04,38.91,46.3,12.68,37.16,68.93,43.71,24.69,8,internal_medicine,>=5_years,low,1,0
V370,medcpt,62.14,1,3,146.12,41.63,53.09,21.39,43.32,68.0,43.3,20.66,9,internal_medicine,>=5_years,low,1,0
V100,gdt,60.86,1,3,135.02,37.26,45.72,8.95,34.46,69.34,41.51,23.57,1,internal_medicine,>=5_years,low,1,1
V100,graphcare,58.2,1,3,148.87,39.76,50.52,15.56,35.48,74.2,43.35,19.42,2,internal_medicine,>=5_years,low,1,0
V100,medcpt,64.79,1,3,134.0,37.17,42.88,7.32,40.9,69.2,40.18,22.52,3,internal_medicine,>=5_years,low,1,0
V100,control,71.43,1,3,173.84,49.4,59.64,17.04,63.0,65.78,58.42,32.51,4,internal_medicine,>=5_years,low,1,0
V100,llm_rag,55.31,1,3,154.95,36.98,41.0,10.45,37.09,72.0,38.22,23.13,5,internal_medicine,>=5_years,low,1,0
V100,cma,55.68,1,3,143.47,38.27,48.7,10.06,38.61,75.53,35.89,20.8,6,internal_medicine,>=5_years,low,1,1
V100,bm25,77.5,1,3,166.9,48.15,66.32,10.24,57.46,58.57,60.43,35.89,7,internal_medicine,>=5_years,low,1,0
V100,sdt,54.56,1,3,112.55,34.1,30.15,11.8,29.69,84.38,32.58,16.02,8,internal_medicine,>=5_years,low,1,1
V100,colbert,60.68,1,3,145.72,39.01,46.94,11.65,37.2,69.81,53.3,15.18,9,internal_medicine,>=5_years,low,1,0
V582,cma,18.78,1,1,147.36,30.22,25.75,8.07,28.06,84.07,25.04,10.33,1,emergency,<5_years,low,0,1
V582,control,26.62,1,1,159.83,36.89,40.05,11.71,43.49,64.85,36.42,24.82,2,emergency,<5_years,low,0,0
V582,medcpt,19.05,1,1,143.86,31.35,33.07,12.56,24.76,77.3,28.4,11.99,3,emergency,<5_years,low,0,0
V582,bm25,123.8,0,1,168.99,54.46,72.4,16.3,70.69,60.07,70.3,36.98,4,emergency,<5_years,low,0,0
V582,graphcare,18.61,1,1,158.97,32.0,29.18,16.65,25.49,79.37,22.27,19.03,5,emergency,<5_years,low,0,0
V582,colbert,17.98,1,1,138.12,29.09,30.75,4.77,24.49,79.48,20.79,14.3,6,emergency,<5_years,low,0,0
V582,gdt,17.76,1,1,116.13,29.83,26.1,12.18,24.59,78.79,25.64,11.68,7,emergency,<5_years,low,0,1
V582,sdt,109.4,0,1,100.67,42.72,54.8,17.43,45.78,66.27,51.89,20.15,8,emergency,<5_years,low,0,1
V582,llm_rag,119.03,0,1,149.92,47.3,57.76,15.5,60.86,61.14,64.22,24.31,9,emergency,<5_years,low,0,0
V981,gdt,78.05,1,4,126.85,41.31,48.6,15.72,46.11,67.5,48.59,21.34,1,critical_care,<5_years,high,2,1
V981,sdt,69.54,1,4,111.15,36.6,43.3,16.62,31.51,67.3,44.11,16.78,2,critical_care,<5_years,high,2,1
V981,medcpt,77.49,1,4,134.59,45.34,58.38,15.06,54.66,62.53,58.32,23.07,3,critical_care,<5_years,high,2,0
V981,bm25,98.15,1,4,196.11,56.24,76.44,17.21,77.62,51.72,71.34,43.11,4,critical_care,<5_years,high,2,0
V981,graphcare,72.09,1,4,142.74,42.76,48.0,9.07,47.09,73.68,51.84,26.9,5,critical_care,<5_years,high,2,0
V981,control,91.49,1,4,193.7,52.62,74.28,12.34,66.71,56.9,65.94,39.51,6,critical_care,<5_years,high,2,0
V981,colbert,81.79,1,4,142.22,46.58,57.58,10.98,53.95,68.7,56.36,31.94,7,critical_care,<5_years,high,2,0
V981,llm_rag,78.07,1,4,174.04,43.22,59.16,16.79,51.46,60.99,42.85,28.08,8,critical_care,<5_years,high,2,0
V981,cma,80.2,1,4,158.85,46.23,58.08,17.95,55.19,66.14,54.72,25.31,9,critical_care,<5_years,high,2,1
V394,llm_rag,78.61,1,4,166.99,41.74,48.64,11.46,43.75,62.92,51.31,32.37,1,internal_medicine,<5_years,high,3,0
V394,medcpt,179.75,0,4,143.2,63.64,89.67,25.34,84.39,42.49,88.82,51.11,2,internal_medicine,<5_years,high,3,0
V394,control,92.6,1,4,186.49,54.24,67.62,19.63,69.95,58.51,70.95,38.81,3,internal_medicine,<5_years,high,3,0
V394,colbert,173.8,0,4,151.7,59.86,81.04,27.03,80.2,46.58,80.2,44.13,4,internal_medicine,<5_years,high,3,0
V394,sdt,70.93,1,4,113.07,36.18,37.72,6.58,41.13,69.34,38.44,23.89,5,internal_medicine,<5_years,high,3,1
V394,bm25,99.24,1,4,199.02,54.94,71.9,27.09,68.34,50.14,70.03,42.17,6,internal_medicine,<5_years,high,3,0
V394,gdt,77.95,1,4,136.36,41.47,51.6,12.47,41.3,63.62,52.42,27.41,7,internal_medicine,<5_years,high,3,1
V394,graphcare,168.2,0,4,149.84,58.29,80.71,22.72,74.97,42.01,81.5,47.84,8,internal_medicine,<5_years,high,3,0
V394,cma,83.54,1,4,136.18,48.04,56.55,13.14,61.68,64.01,60.72,32.14,9,internal_medicine,<5_years,high,3,1
V566,cma,37.04,1,2,139.97,31.59,38.2,2.22,29.91,72.07,34.12,13.02,1,critical_care,<5_years,low,1,1
V566,medcpt,37.15,1,2,148.95,33.52,32.27,7.86,30.34,78.51,37.1,15.04,2,critical_care,<5_years,low,1,0
V566,bm25,44.79,1,2,178.92,44.13,55.48,12.88,47.81,67.49,51.5,29.63,3,critical_care,<5_years,low,1,0
V566,llm_rag,150.82,0,2,173.64,50.82,73.05,12.21,59.14,53.79,69.51,37.2,4,critical_care,<5_years,low,1,0
V566,control,51.12,1,2,181.43,48.77,59.53,21.35,47.75,67.4,55.84,40.75,5,critical_care,<5_years,low,1,0
V566,sdt,35.61,1,2,116.07,30.31,29.35,9.79,23.32,85.12,20.75,13.53,6,critical_care,<5_years,low,1,1
V566,colbert,33.75,1,2,138.93,34.85,35.98,14.85,35.08,70.61,34.51,18.09,7,critical_care,<5_years,low,1,0
V566,gdt,39.97,1,2,133.86,34.85,30.36,16.42,33.19,73.46,35.6,20.06,8,critical_care,<5_years,low,1,1
V566,graphcare,32.36,1,2,147.28,30.8,31.49,6.32,27.59,74.12,28.36,16.93,9,critical_care,<5_years,low,1,0
V280,sdt,33.78,1,2,102.31,26.68,27.62,0.42,16.62,80.45,22.64,12.33,1,critical_care,<5_years,low,1,1
V280,graphcare,39.92,1,2,141.33,35.87,38.22,12.08,33.88,77.43,32.06,21.53,2,critical_care,<5_years,low,1,0
V280,colbert,34.08,1,2,155.74,34.56,31.6,15.26,36.97,70.11,34.34,19.08,3,critical_care,<5_years,low,1,0
V280,gdt,39.68,1,2,133.39,34.52,38.77,11.49,27.89,80.86,26.93,21.19,4,critical_care,<5_years,low,1,1
V280,control,47.82,1,2,209.22,43.19,57.89,12.13,41.34,67.08,52.63,28.1,5,critical_care,<5_years,low,1,0
V280,bm25,45.31,1,2,169.81,43.24,55.67,11.63,51.61,66.07,48.99,25.44,6,critical_care,<5_years,low,1,0
V280,cma,40.49,1,2,167.16,38.47,43.92,19.39,33.43,79.38,37.1,17.62,7,critical_care,<5_years,low,1,1
V280,medcpt,37.63,1,2,143.01,35.36,35.1,11.65,34.68,75.38,32.57,22.81,8,critical_care,<5_years,low,1,0
V280,llm_rag,32.8,1,2,172.89,31.47,35.51,12.32,29.36,75.01,26.28,10.37,9,critical_care,<5_years,low,1,0
V264,control,93.04,1,4,180.0,56.7,73.14,20.13,74.16,59.5,68.02,45.23,1,internal_medicine,<5_years,high,2,0
V264,bm25,92.71,1,4,183.68,53.15,67.81,21.73,68.34,53.91,66.59,40.55,2,internal_medicine,<5_years,high,2,0
V264,sdt,73.76,1,4,122.94,37.58,44.74,12.84,37.28,71.88,44.39,14.37,3,internal_medicine,<5_years,high,2,1
V264,llm_rag,69.97,1,4,167.26,39.87,44.78,22.41,42.86,61.27,45.8,22.11,4,internal_medicine,<5_years,high,2,0
V264,medcpt,75.03,1,4,162.52,43.45,52.25,17.35,47.94,67.24,54.0,21.9,5,internal_medicine,<5_years,high,2,0
V264,graphcare,76.15,1,4,159.13,41.55,46.24,7.18,46.38,67.41,54.87,27.19,6,internal_medicine,<5_years,high,2,0
V264,colbert,76.06,1,4,166.4,41.99,53.83,16.07,47.21,55.96,50.02,28.83,7,internal_medicine,<5_years,high,2,0
V264,cma,78.79,1,4,136.98,40.97,48.21,12.79,41.26,61.98,54.22,27.36,8,internal_medicine,<5_years,high,2,1
V264,gdt,82.4,1,4,119.07,43.01,51.19,17.87,54.2,67.58,44.68,22.55,9,internal_medicine,<5_years,high,2,1
V398,control,67.49,1,3,183.28,51.84,69.08,20.81,58.79,61.27,64.3,36.8,1,internal_medicine,<5_years,high,2,0
V398,graphcare,55.31,1,3,150.49,39.72,43.65,16.16,52.82,68.71,41.78,15.17,2,internal_medicine,<5_years,high,2,0
V398,gdt,57.27,1,3,122.39,35.59,41.42,9.63,36.46,62.57,43.3,20.15,3,internal_medicine,<5_years,high,2,1
V398,cma,53.43,1,3,138.78,41.34,45.82,12.36,40.74,70.14,49.97,28.97,4,internal_medicine,<5_years,high,2,1
V398,llm_rag,56.16,1,3,166.45,38.29,43.83,4.56,40.92,72.68,42.55,25.19,5,internal_medicine,<5_years,high,2,0
V398,sdt,54.84,1,3,121.48,35.17,42.55,15.5,29.62,72.12,36.72,14.53,6,internal_medicine,<5_years,high,2,1
V398,colbert,57.28,1,3,172.89,38.03,42.94,12.51,38.12,72.21,42.09,20.3,7,internal_medicine,<5_years,high,2,0
V398,bm25,61.93,1,3,181.84,46.27,64.16,12.69,53.59,60.61,50.94,35.62,8,internal_medicine,<5_years,high,2,0
V398,medcpt,59.56,1,3,146.29,42.21,47.94,20.12,37.67,74.0,50.07,23.45,9,internal_medicine,<5_years,high,2,0
V467,control,283.57,0,4,179.29,69.85,100.0,30.49,100.0,14.31,100.0,74.31,1,internal_medicine,>=5_years,high,1,0
V467,llm_rag,76.74,1,4,175.54,43.75,47.21,25.91,49.92,65.14,45.92,28.39,2,internal_medicine,>=5_years,high,1,0
V467,cma,267.68,0,4,145.9,69.15,100.0,28.31,100.0,22.34,100.0,64.27,3,internal_medicine,>=5_years,high,1,1
V467,graphcare,271.07,0,4,138.83,70.92,100.0,27.71,100.0,29.8,100.0,68.01,4,internal_medicine,>=5_years,high,1,0
V467,bm25,299.08,0,4,183.69,73.63,100.0,40.78,100.0,15.13,100.0,85.87,5,internal_medicine,>=5_years,high,1,0
V467,gdt,78.11,1,4,129.2,40.43,49.32,12.26,44.35,66.64,44.66,25.34,6,internal_medicine,>=5_years,high,1,1
V467,medcpt,76.72,1,4,146.82,44.75,55.27,12.13,48.49,69.57,53.07,29.97,7,internal_medicine,>=5_years,high,1,0
V467,colbert,78.34,1,4,163.29,45.26,57.5,20.76,45.68,67.52,51.94,28.14,8,internal_medicine,>=5_years,high,1,0
V467,sdt,72.64,1,4,104.72,40.73,52.89,17.45,38.34,73.39,42.48,19.83,9,internal_medicine,>=5_years,high,1,1
V440,colbert,62.18,1,3,147.47,38.39,46.25,7.92,42.54,72.14,45.96,15.53,1,hospital_medicine,>=5_years,low,1,0
V440,control,68.54,1,3,171.87,47.41,60.94,16.54,58.31,64.02,50.04,34.64,2,hospital_medicine,>=5_years,low,1,0
V440,llm_rag,54.73,1,3,160.65,38.69,42.28,13.31,35.2,73.64,42.82,24.86,3,hospital_medicine,>=5_years,low,1,0
V440,cma,59.86,1,3,131.28,42.06,45.38,9.17,46.6,73.23,53.54,24.44,4,hospital_medicine,>=5_years,low,1,1
V440,graphcare,60.61,1,3,147.18,43.47,46.23,23.14,47.83,70.86,47.68,25.1,5,hospital_medicine,>=5_years,low,1,0
V440,medcpt,53.86,1,3,138.86,38.17,45.08,18.18,40.5,64.82,39.1,21.32,6,hospital_medicine,>=5_years,low,1,0
V440,sdt,53.25,1,3,116.53,33.8,36.44,14.54,26.96,80.95,34.1,9.78,7,hospital_medicine,>=5_years,low,1,1
V440,bm25,66.79,1,3,189.39,50.96,68.25,21.7,51.57,65.11,58.06,41.09,8,hospital_medicine,>=5_years,low,1,0
V440,gdt,59.79,1,3,123.78,34.95,36.7,9.81,35.33,65.71,46.01,16.15,9,hospital_medicine,>=5_years,low,1,1
V683,llm_rag,97.88,1,5,159.29,46.58,60.71,13.4,52.39,68.26,56.24,28.45,1,internal_medicine,>=5_years,high,3,0
V683,graphcare,89.06,1,5,152.9,46.32,62.36,14.15,58.98,57.3,51.85,33.3,2,internal_medicine,>=5_years,high,3,0
V683,gdt,100.07,1,5,119.81,47.27,64.56,15.24,55.71,64.9,57.98,25.23,3,internal_medicine,>=5_years,high,3,1
V683,sdt,90.02,1,5,104.07,42.49,59.94,15.99,45.59,60.84,52.55,20.02,4,internal_medicine,>=5_years,high,3,1
V683,colbert,99.82,1,5,158.87,49.8,66.41,15.76,61.52,54.5,63.49,37.12,5,internal_medicine,>=5_years,high,3,0
V683,cma,101.85,1,5,145.31,48.43,65.3,16.88,58.07,55.51,56.24,38.57,6,internal_medicine,>=5_years,high,3,1
V683,medcpt,105.01,1,5,137.93,47.68,66.17,19.13,58.56,56.99,58.17,27.06,7,internal_medicine,>=5_years,high,3,0
V683,control,118.05,1,5,198.65,57.74,74.36,27.19,74.25,44.31,76.96,49.38,8,internal_medicine,>=5_years,high,3,0
V683,bm25,116.52,1,5,179.31,59.07,84.96,22.64,75.99,47.54,78.12,45.19,9,internal_medicine,>=5_years,high,3,0
V956,gdt,98.31,1,5,128.26,45.86,59.21,12.31,55.09,57.63,60.86,30.05,1,internal_medicine,>=5_years,high,4,1
V956,control,117.9,1,5,200.68,58.49,83.06,23.41,83.04,45.06,79.81,36.53,2,internal_medicine,>=5_years,high,4,0
V956,cma,102.62,1,5,156.5,47.04,58.81,11.6,57.35,64.99,57.76,31.73,3,internal_medicine,>=5_years,high,4,1
V956,graphcare,103.36,1,5,147.69,48.12,63.39,17.2,58.53,55.25,58.22,36.11,4,internal_medicine,>=5_years,high,4,0
V956,colbert,96.37,1,5,155.04,48.63,66.38,16.6,56.52,54.91,58.46,38.89,5,internal_medicine,>=5_years,high,4,0
V956,llm_rag,98.38,1,5,175.88,47.51,54.47,18.8,60.87,60.35,54.74,35.81,6,internal_medicine,>=5_years,high,4,0
V956,sdt,88.69,1,5,122.53,44.94,59.93,15.76,58.73,62.09,49.35,23.81,7,internal_medicine,>=5_years,high,4,1
V956,bm25,103.05,1,5,189.48,56.82,78.17,21.47,73.26,49.3,72.11,46.61,8,internal_medicine,>=5_years,high,4,0
V956,medcpt,95.76,1,5,144.4,45.84,64.77,4.04,48.97,61.48,64.2,31.6,9,internal_medicine,>=5_years,high,4,0
V776,colbert,59.58,1,3,151.59,40.36,46.52,13.04,41.68,75.49,44.75,20.66,1,emergency,<5_years,low,1,0
V776,control,70.67,1,3,183.98,48.94,55.19,12.35,60.13,64.21,64.28,37.51,2,emergency,<5_years,low,1,0
V776,graphcare,59.38,1,3,145.31,38.12,45.09,7.11,36.26,67.13,49.04,24.09,3,emergency,<5_years,low,1,0
V776,bm25,62.17,1,3,195.25,49.59,63.43,23.09,56.83,60.15,53.94,40.08,4,emergency,<5_years,low,1,0
V776,medcpt,60.06,1,3,144.85,40.57,46.01,11.47,41.15,74.32,41.84,28.64,5,emergency,<5_years,low,1,0
V776,gdt,59.03,1,3,130.95,36.99,41.2,18.71,39.16,68.42,35.18,19.28,6,emergency,<5_years,low,1,1
V776,cma,61.99,1,3,127.99,40.54,44.76,15.3,40.7,71.11,44.55,26.82,7,emergency,<5_years,low,1,1
V776,sdt,52.68,1,3,100.47,30.29,33.82,6.2,26.18,77.13,24.6,13.82,8,emergency,<5_years,low,1,1
V776,llm_rag,56.79,1,3,164.47,36.71,44.81,12.91,40.79,67.8,38.49,15.46,9,emergency,<5_years,low,1,0
V209,llm_rag,19.5,1,1,148.7,28.19,26.88,10.18,16.82,82.79,28.99,3.5,1,emergency,<5_years,low,0,0
V209,gdt,17.7,1,1,130.4,29.7,23.5,15.91,16.72,82.49,30.06,9.5,2,emergency,<5_years,low,0,1
V209,sdt,17.24,1,1,100.84,20.39,16.63,4.53,8.95,80.32,8.97,2.92,3,emergency,<5_years,low,0,1
V209,colbert,20.48,1,1,177.6,30.94,27.08,14.14,20.04,79.15,31.65,13.58,4,emergency,<5_years,low,0,0
V209,control,24.52,1,1,200.65,39.66,43.93,15.84,35.39,70.86,43.46,28.49,5,emergency,<5_years,low,0,0
V209,graphcare,21.96,1,1,134.02,28.07,24.37,6.44,25.74,84.32,23.28,4.24,6,emergency,<5_years,low,0,0
V209,bm25,22.53,1,1,156.43,41.3,50.74,17.65,38.31,74.11,40.57,26.44,7,emergency,<5_years,low,0,0
V209,medcpt,18.23,1,1,159.13,31.76,28.6,9.35,30.06,82.89,28.5,11.16,8,emergency,<5_years,low,0,0
V209,cma,20.45,1,1,140.54,30.49,36.1,5.42,25.35,76.18,24.71,15.16,9,emergency,<5_years,low,0,1
V551,graphcare,124.2,0,1,133.03,47.93,63.29,17.97,59.65,57.56,54.88,34.22,1,critical_care,<5_years,low,0,0
V551,bm25,123.0,0,1,178.5,58.41,71.9,22.62,68.23,55.67,76.65,55.38,2,critical_care,<5_years,low,0,0
V551,control,125.02,0,1,205.55,56.86,82.07,12.12,71.48,53.08,77.75,44.65,3,critical_care,<5_years,low,0,0
V551,llm_rag,119.57,0,1,167.03,47.07,57.73,15.72,50.16,61.93,64.19,32.7,4,critical_care,<5_years,low,0,0
V551,cma,128.41,0,1,127.42,49.93,61.6,21.87,65.16,59.1,60.81,31.02,5,critical_care,<5_years,low,0,1
V551,sdt,105.31,0,1,100.97,40.11,50.14,8.76,41.91,71.84,47.47,20.57,6,critical_care,<5_years,low,0,1
V551,gdt,118.43,0,1,154.62,46.31,62.77,16.56,51.02,59.43,56.89,31.2,7,critical_care,<5_years,low,0,1
V551,colbert,120.18,0,1,151.8,47.76,61.82,16.28,62.26,56.59,59.29,30.35,8,critical_care,<5_years,low,0,0
V551,medcpt,123.66,0,1,151.63,50.27,61.38,19.74,60.66,58.97,64.57,36.32,9,critical_care,<5_years,low,0,0
V404,llm_rag,16.26,1,1,165.69,31.09,27.55,10.7,26.76,87.98,21.12,12.44,1,internal_medicine,>=5_years,low,0,0
V404,gdt,18.05,1,1,133.86,32.38,28.18,7.41,24.46,92.83,24.65,16.76,2,internal_medicine,>=5_years,low,0,1
V404,sdt,18.09,1,1,149.01,25.25,18.49,0.0,17.99,89.16,19.04,6.84,3,internal_medicine,>=5_years,low,0,1
V404,bm25,27.65,1,1,168.61,41.17,45.81,12.65,46.52,71.14,43.58,27.31,4,internal_medicine,>=5_years,low,0,0
V404,colbert,20.13,1,1,163.28,29.13,27.85,10.59,23.42,80.18,29.01,3.75,5,internal_medicine,>=5_years,low,0,0
V404,control,22.91,1,1,177.56,38.62,45.87,8.5,38.02,69.75,39.28,30.31,6,internal_medicine,>=5_years,low,0,0
V404,medcpt,18.12,1,1,125.67,29.06,27.66,3.07,22.63,82.41,27.49,11.13,7,internal_medicine,>=5_years,low,0,0
V404,graphcare,20.6,1,1,170.28,29.49,24.61,4.13,24.66,81.8,34.34,7.43,8,internal_medicine,>=5_years,low,0,0
V404,cma,25.55,1,1,136.87,32.37,25.95,8.33,32.35,76.98,32.22,18.39,9,internal_medicine,>=5_years,low,0,1
V356,llm_rag,292.43,0,5,152.38,69.87,100.0,31.14,100.0,19.95,100.0,68.11,1,internal_medicine,>=5_years,high,4,0
V356,gdt,181.5,0,5,125.98,57.83,88.3,22.4,78.91,30.68,78.89,47.82,2,internal_medicine,>=5_years,high,4,1
V356,sdt,80.94,1,5,110.1,38.8,51.36,5.74,44.74,64.11,48.6,18.25,3,internal_medicine,>=5_years,high,4,1
V356,cma,209.46,0,5,136.8,66.67,100.0,35.06,90.87,38.28,93.0,42.83,4,internal_medicine,>=5_years,high,4,1
V356,bm25,229.58,0,5,204.14,71.06,100.0,25.76,100.0,31.97,100.0,68.62,5,internal_medicine,>=5_years,high,4,0
V356,medcpt,196.57,0,5,150.22,64.89,91.89,29.19,86.41,34.48,95.4,51.96,6,internal_medicine,>=5_years,high,4,0
V356,control,217.0,0,5,168.49,69.15,100.0,27.69,100.0,24.38,100.0,62.81,7,internal_medicine,>=5_years,high,4,0
V356,colbert,290.58,0,5,142.79,69.32,100.0,33.63,100.0,11.23,100.0,71.07,8,internal_medicine,>=5_years,high,4,0
V356,graphcare,184.69,0,5,149.22,65.15,95.16,18.69,86.96,45.58,92.99,51.48,9,internal_medicine,>=5_years,high,4,0
V099,gdt,56.37,1,3,135.92,36.73,44.21,10.07,36.63,72.0,38.83,18.66,1,critical_care,>=5_years,low,1,1
V099,bm25,189.91,0,3,190.43,70.28,100.0,25.01,94.4,30.83,98.19,73.26,2,critical_care,>=5_years,low,1,0
V099,colbert,158.46,0,3,159.98,57.93,75.57,18.37,75.91,55.05,74.21,48.45,3,critical_care,>=5_years,low,1,0
V099,control,177.48,0,3,178.76,67.7,100.0,20.68,85.0,40.06,97.17,63.27,4,critical_care,>=5_years,low,1,0
V099,graphcare,154.48,0,3,158.51,52.78,76.43,15.33,72.54,43.85,70.79,37.77,5,critical_care,>=5_years,low,1,0
V099,cma,160.71,0,3,158.9,55.29,83.09,14.35,69.92,45.13,73.36,45.91,6,critical_care,>=5_years,low,1,1
V099,llm_rag,255.82,0,3,158.01,71.18,100.0,32.41,100.0,35.37,100.0,59.31,7,critical_care,>=5_years,low,1,0
V099,medcpt,154.89,0,3,151.4,58.15,84.02,17.37,72.86,46.88,76.56,51.19,8,critical_care,>=5_years,low,1,0
V099,sdt,53.32,1,3,107.44,32.13,28.22,12.82,33.54,72.27,30.03,15.93,9,critical_care,>=5_years,low,1,1
V459,cma,79.82,1,4,146.89,43.05,45.5,15.43,51.79,60.94,55.86,28.76,1,critical_care,<5_years,high,0,1
V459,sdt,74.39,1,4,106.8,36.33,39.52,5.25,33.02,72.35,44.2,23.67,2,critical_care,<5_years,high,0,1
V459,llm_rag,77.0,1,4,152.5,44.32,61.81,17.93,47.58,67.63,45.8,25.17,3,critical_care,<5_years,high,0,0
V459,graphcare,81.22,1,4,141.58,43.52,52.95,20.91,46.12,58.11,56.33,26.69,4,critical_care,<5_years,high,0,0
V459,colbert,78.91,1,4,150.08,44.39,54.85,18.71,49.75,62.35,50.8,29.85,5,critical_care,<5_years,high,0,0
V459,control,97.16,1,4,173.48,54.14,70.82,17.25,79.37,52.51,67.09,37.8,6,critical_care,<5_years,high,0,0
V459,medcpt,82.03,1,4,152.57,44.62,53.29,10.24,50.22,65.48,57.84,30.67,7,critical_care,<5_years,high,0,0
V459,gdt,81.48,1,4,125.31,43.14,51.53,14.16,52.62,59.56,52.62,28.35,8,critical_care,<5_years,high,0,1
V459,bm25,88.57,1,4,191.93,54.12,70.29,21.2,72.43,57.03,68.5,35.3,9,critical_care,<5_years,high,0,0
V974,control,112.32,1,5,205.13,61.25,79.08,21.34,83.46,55.76,82.91,44.93,1,critical_care,>=5_years,high,4,0
V974,medcpt,89.37,1,5,140.0,48.51,52.37,18.72,54.44,64.49,65.95,35.1,2,critical_care,>=5_years,high,4,0
V974,bm25,123.69,1,5,192.79,60.92,83.03,18.63,81.28,53.32,79.29,49.96,3,critical_care,>=5_years,high,4,0
V974,cma,90.62,1,5,138.34,48.78,61.61,16.73,56.94,62.41,64.83,30.13,4,critical_care,>=5_years,high,4,1
V974,llm_rag,93.4,1,5,155.46,48.06,59.14,12.55,52.73,66.13,60.59,37.25,5,critical_care,>=5_years,high,4,0
V974,gdt,91.99,1,5,134.4,47.43,56.23,19.74,54.46,61.29,59.79,33.06,6,critical_care,>=5_years,high,4,1
V974,colbert,98.9,1,5,164.55,49.23,60.4,26.42,52.68,62.79,67.55,25.52,7,critical_care,>=5_years,high,4,0
V974,graphcare,99.6,1,5,149.31,45.3,62.19,13.14,51.22,55.68,59.39,30.19,8,critical_care,>=5_years,high,4,0
V974,sdt,87.91,1,5,120.64,41.32,53.57,12.67,44.26,67.54,51.4,18.5,9,critical_care,>=5_years,high,4,1
V627,gdt,92.56,1,5,118.56,45.15,49.75,18.53,56.61,66.31,51.57,28.11,1,critical_care,>=5_years,high,0,1
V627,sdt,88.25,1,5,107.47,43.8,48.5,14.02,48.52,72.05,47.75,31.94,2,critical_care,>=5_years,high,0,1
V627,cma,94.78,1,5,153.53,48.03,59.81,14.86,57.47,58.14,65.96,31.96,3,critical_care,>=5_years,high,0,1
V627,bm25,112.08,1,5,193.62,59.36,86.21,25.01,76.27,50.04,78.73,39.89,4,critical_care,>=5_years,high,0,0
V627,control,114.36,1,5,200.34,57.96,79.82,13.58,75.51,55.16,74.99,48.71,5,critical_care,>=5_years,high,0,0
V627,graphcare,107.14,1,5,159.81,49.01,74.56,14.17,61.08,54.39,56.94,32.91,6,critical_care,>=5_years,high,0,0
V627,colbert,190.11,0,5,154.68,65.12,93.57,26.79,87.72,34.09,95.37,53.17,7,critical_care,>=5_years,high,0,0
V627,medcpt,94.83,1,5,147.04,48.86,62.77,17.22,58.0,59.0,58.61,37.55,8,critical_care,>=5_years,high,0,0
V627,llm_rag,95.43,1,5,161.7,45.74,50.23,15.93,59.39,56.39,58.1,34.41,9,critical_care,>=5_years,high,0,0
V136,llm_rag,37.26,1,2,151.05,34.39,39.35,6.33,24.18,82.21,36.46,17.79,1,emergency,<5_years,low,0,0
V136,gdt,36.93,1,2,125.0,33.15,35.36,8.64,28.56,78.12,35.23,13.0,2,emergency,<5_years,low,0,1
V136,control,46.57,1,2,187.97,44.21,48.7,16.37,52.7,69.21,52.84,25.43,3,emergency,<5_years,low,0,0
V136,sdt,36.59,1,2,105.38,30.14,26.49,13.3,21.91,78.37,25.94,14.82,4,emergency,<5_years,low,0,1
V136,colbert,32.49,1,2,149.2,34.09,33.74,11.35,29.59,78.62,30.28,20.97,5,emergency,<5_years,low,0,0
V136,medcpt,39.83,1,2,131.42,34.42,32.14,9.63,33.63,79.05,35.86,16.19,6,emergency,<5_years,low,0,0
V136,graphcare,38.13,1,2,161.0,34.14,32.82,9.5,30.94,77.8,29.46,24.31,7,emergency,<5_years,low,0,0
V136,cma,37.17,1,2,141.49,35.72,38.6,13.62,38.44,76.27,34.06,13.33,8,emergency,<5_years,low,0,1
V136,bm25,50.77,1,2,189.27,43.79,51.39,11.5,53.72,72.23,45.14,28.76,9,emergency,<5_years,low,0,0
V485,sdt,18.89,1,1,120.6,26.15,24.06,2.21,16.59,87.23,19.51,7.3,1,critical_care,<5_years,low,0,1
V485,llm_rag,119.85,0,1,179.67,47.99,63.87,17.66,52.48,54.49,62.12,37.29,2,critical_care,<5_years,low,0,0
V485,bm25,22.35,1,1,204.64,39.79,49.59,11.15,45.44,75.85,38.53,18.2,3,critical_care,<5_years,low,0,0
V485,graphcare,18.38,1,1,108.44,31.06,31.92,9.69,23.95,82.84,22.81,15.14,4,critical_care,<5_years,low,0,0
V485,gdt,20.83,1,1,121.48,29.98,27.35,12.11,21.49,83.66,23.92,11.35,5,critical_care,<5_years,low,0,1
V485,medcpt,20.64,1,1,151.75,30.69,30.14,0.11,23.93,88.22,25.55,16.2,6,critical_care,<5_years,low,0,0
V485,colbert,20.54,1,1,157.99,29.07,28.83,7.5,16.08,90.74,23.21,8.05,7,critical_care,<5_years,low,0,0
V485,control,26.19,1,1,188.15,39.77,45.15,11.49,44.96,67.01,41.16,28.86,8,critical_care,<5_years,low,0,0
V485,cma,18.29,1,1,136.65,34.29,34.14,11.13,30.96,76.38,32.47,20.68,9,critical_care,<5_years,low,0,1
V226,llm_rag,38.85,1,2,174.92,32.44,35.01,7.45,27.74,71.48,37.09,15.84,1,internal_medicine,>=5_years,low,1,0
V226,cma,40.1,1,2,147.49,36.64,35.5,6.82,40.26,74.53,42.12,20.59,2,internal_medicine,>=5_years,low,1,1
V226,control,47.37,1,2,183.9,46.34,44.88,17.9,57.04,66.61,58.79,32.81,3,internal_medicine,>=5_years,low,1,0
V226,medcpt,35.26,1,2,123.25,34.57,38.38,6.36,32.27,80.22,33.19,16.98,4,internal_medicine,>=5_years,low,1,0
V226,sdt,38.58,1,2,104.14,29.99,27.26,11.44,22.23,77.0,30.63,11.36,5,internal_medicine,>=5_years,low,1,1
V226,colbert,38.88,1,2,165.75,33.53,34.75,8.5,30.65,79.25,33.87,14.16,6,internal_medicine,>=5_years,low,1,0
V226,bm25,47.77,1,2,205.62,46.12,53.74,22.58,51.25,68.33,52.66,28.14,7,internal_medicine,>=5_years,low,1,0
V226,graphcare,42.69,1,2,144.63,34.15,34.2,5.01,41.41,85.26,28.37,10.68,8,internal_medicine,>=5_years,low,1,0
V226,gdt,37.0,1,2,126.21,32.49,34.14,9.2,29.43,71.36,27.8,23.02,9,internal_medicine,>=5_years,low,1,1
V517,cma,21.55,1,1,133.6,31.53,33.61,10.35,32.97,76.64,19.64,15.96,1,critical_care,<5_years,low,0,1
V517,llm_rag,17.23,1,1,172.41,30.19,31.92,5.5,19.73,76.84,31.63,15.51,2,critical_care,<5_years,low,0,0
V517,control,22.53,1,1,169.59,41.47,51.29,12.86,40.77,71.1,45.44,27.39,3,critical_care,<5_years,low,0,0
V517,sdt,16.95,1,1,106.38,24.09,17.13,10.75,12.63,87.36,8.9,7.75,4,critical_care,<5_years,low,0,1
V517,gdt,16.4,1,1,107.89,28.19,30.7,1.67,18.4,82.76,25.68,9.95,5,critical_care,<5_years,low,0,1
V517,colbert,19.1,1,1,160.72,27.14,25.15,4.2,22.08,76.23,23.55,11.66,6,critical_care,<5_years,low,0,0
V517,graphcare,19.55,1,1,148.56,30.25,25.82,6.27,26.26,79.7,30.69,12.77,7,critical_care,<5_years,low,0,0
V517,medcpt,16.96,1,1,132.84,30.22,34.38,0.0,23.84,77.18,27.84,18.04,8,critical_care,<5_years,low,0,0
V517,bm25,23.19,1,1,207.09,39.74,45.33,7.85,39.7,71.09,46.68,27.78,9,critical_care,<5_years,low,0,0
V816,gdt,76.75,1,4,127.1,41.75,50.67,15.1,51.89,56.55,53.33,22.96,1,internal_medicine,<5_years,high,0,1
V816,medcpt,77.3,1,4,142.18,41.52,51.64,10.11,52.18,62.72,46.05,26.42,2,internal_medicine,<5_years,high,0,0
V816,sdt,75.63,1,4,111.98,36.95,46.98,9.63,37.7,66.42,39.4,21.56,3,internal_medicine,<5_years,high,0,1
V816,cma,76.36,1,4,131.99,45.47,54.64,10.4,57.34,68.15,53.83,28.47,4,internal_medicine,<5_years,high,0,1
V816,bm25,99.75,1,4,186.99,55.1,75.02,16.46,66.64,54.3,76.87,41.3,5,internal_medicine,<5_years,high,0,0
V816,graphcare,80.57,1,4,151.35,44.9,60.54,15.58,46.62,66.93,51.59,28.17,6,internal_medicine,<5_years,high,0,0
V816,colbert,83.82,1,4,145.93,43.06,54.82,14.62,55.32,59.42,48.36,25.84,7,internal_medicine,<5_years,high,0,0
V816,control,95.46,1,4,189.87,55.09,75.13,19.17,69.87,56.01,67.83,42.55,8,internal_medicine,<5_years,high,0,0
V816,llm_rag,79.76,1,4,158.76,41.18,46.98,15.27,48.74,60.45,48.12,27.54,9,internal_medicine,<5_years,high,0,0
V025,llm_rag,99.61,1,5,159.14,45.79,63.12,11.6,53.57,56.71,56.89,32.83,1,critical_care,<5_years,high,2,0
V025,graphcare,93.82,1,5,146.01,46.3,59.42,13.39,59.05,60.79,61.08,24.07,2,critical_care,<5_years,high,2,0
V025,sdt,89.47,1,5,118.34,41.73,45.75,14.05,49.93,64.19,58.0,18.44,3,critical_care,<5_years,high,2,1
V025,gdt,94.94,1,5,120.95,44.6,56.07,16.87,49.48,62.06,55.34,27.79,4,critical_care,<5_years,high,2,1
V025,cma,102.53,1,5,154.19,50.69,63.82,24.43,63.56,54.05,67.11,31.15,5,critical_care,<5_years,high,2,1
V025,medcpt,93.3,1,5,150.99,50.22,62.05,20.02,53.55,63.54,62.84,39.32,6,critical_care,<5_years,high,2,0
V025,bm25,117.93,1,5,204.26,61.78,87.64,23.73,83.02,51.02,76.99,48.32,7,critical_care,<5_years,high,2,0
V025,control,115.81,1,5,184.99,57.32,73.69,18.9,83.65,50.76,71.55,45.36,8,critical_care,<5_years,high,2,0
V025,colbert,102.93,1,5,164.42,51.83,65.76,21.51,61.48,61.78,61.42,39.06,9,critical_care,<5_years,high,2,0
V223,gdt,74.87,1,4,124.15,39.62,49.24,9.16,50.42,64.42,46.72,17.77,1,critical_care,>=5_years,high,2,1
V223,medcpt,74.26,1,4,143.6,42.19,52.77,11.48,51.32,60.67,49.16,27.73,2,critical_care,>=5_years,high,2,0
V223,colbert,78.9,1,4,168.65,43.41,52.65,21.45,48.71,60.1,46.44,31.09,3,critical_care,>=5_years,high,2,0
V223,bm25,96.93,1,4,181.73,58.1,76.58,21.99,73.72,63.44,70.58,42.29,4,critical_care,>=5_years,high,2,0
V223,cma,78.82,1,4,157.2,44.82,55.11,22.16,45.18,61.95,57.2,27.29,5,critical_care,>=5_years,high,2,1
V223,llm_rag,71.0,1,4,161.07,43.04,49.72,19.41,39.88,72.3,43.64,33.26,6,critical_care,>=5_years,high,2,0
V223,graphcare,77.87,1,4,160.78,45.95,54.79,11.59,57.82,64.81,52.84,33.83,7,critical_care,>=5_years,high,2,0
V223,sdt,69.95,1,4,111.35,37.33,43.82,6.79,36.29,69.57,41.96,25.55,8,critical_care,>=5_years,high,2,1
V223,control,103.21,1,4,201.29,58.99,72.52,19.66,82.23,56.32,75.02,48.2,9,critical_care,>=5_years,high,2,0
V522,llm_rag,61.34,1,3,158.11,36.97,37.41,16.4,39.5,63.28,50.06,15.15,1,hospital_medicine,<5_years,high,2,0
V522,control,77.52,1,3,202.99,51.93,70.77,14.53,63.42,55.11,63.97,43.81,2,hospital_medicine,<5_years,high,2,0
V522,bm25,67.65,1,3,180.26,52.19,60.95,22.27,62.47,67.01,57.66,42.76,3,hospital_medicine,<5_years,high,2,0
V522,gdt,61.41,1,3,125.33,40.49,50.97,9.09,39.73,68.06,50.25,24.82,4,hospital_medicine,<5_years,high,2,1
V522,graphcare,61.88,1,3,153.98,37.56,52.58,6.88,35.55,66.28,41.82,22.24,5,hospital_medicine,<5_years,high,2,0
V522,cma,59.8,1,3,151.24,40.43,53.11,9.95,49.97,69.94,37.82,21.8,6,hospital_medicine,<5_years,high,2,1
V522,sdt,57.56,1,3,111.8,33.93,35.69,11.76,33.58,76.46,25.72,20.36,7,hospital_medicine,<5_years,high,2,1
V522,colbert,154.95,0,3,159.39,56.59,74.9,22.67,70.97,50.32,73.58,47.11,8,hospital_medicine,<5_years,high,2,0
V522,medcpt,59.78,1,3,156.03,40.58,37.77,17.43,48.16,68.19,45.21,26.72,9,hospital_medicine,<5_years,high,2,0
V576,sdt,75.64,1,4,104.68,39.37,49.34,11.06,39.86,70.8,40.69,24.48,1,hospital_medicine,>=5_years,high,2,1
V576,cma,78.09,1,4,142.86,41.36,53.49,10.45,48.82,57.76,45.13,32.48,2,hospital_medicine,>=5_years,high,2,1
V576,colbert,74.19,1,4,169.3,43.31,53.21,13.14,47.0,69.72,44.3,32.5,3,hospital_medicine,>=5_years,high,2,0
V576,llm_rag,300.0,0,4,148.74,70.77,100.0,37.19,100.0,19.8,100.0,67.66,4,hospital_medicine,>=5_years,high,2,0
V576,medcpt,186.53,0,4,143.25,62.98,95.42,30.28,80.52,43.14,85.11,43.41,5,hospital_medicine,>=5_years,high,2,0
V576,control,90.29,1,4,189.57,54.78,72.63,23.64,69.44,50.99,72.6,39.36,6,hospital_medicine,>=5_years,high,2,0
V576,bm25,98.2,1,4,173.29,55.08,73.11,26.63,69.76,47.68,68.67,44.64,7,hospital_medicine,>=5_years,high,2,0
V576,graphcare,78.94,1,4,154.33,41.29,55.18,14.07,49.12,61.44,46.04,21.89,8,hospital_medicine,>=5_years,high,2,0
V576,gdt,75.5,1,4,125.01,42.5,54.76,15.1,49.15,64.32,44.63,27.04,9,hospital_medicine,>=5_years,high,2,1
V296,control,122.67,1,5,185.91,60.67,87.56,23.81,79.07,40.52,78.45,54.59,1,critical_care,>=5_years,high,0,0
V296,graphcare,98.64,1,5,143.69,51.24,68.95,16.92,61.92,62.08,58.46,39.09,2,critical_care,>=5_years,high,0,0
V296,llm_rag,95.54,1,5,170.29,51.46,65.68,19.42,53.42,63.94,65.21,41.11,3,critical_care,>=5_years,high,0,0
V296,bm25,109.13,1,5,178.02,59.06,80.84,20.82,73.79,45.78,83.7,49.4,4,critical_care,>=5_years,high,0,0
V296,colbert,201.08,0,5,155.91,65.64,100.0,26.58,87.92,39.4,87.8,52.11,5,critical_care,>=5_years,high,0,0
V296,sdt,83.57,1,5,113.08,41.17,45.25,10.7,46.49,68.33,50.58,25.66,6,critical_care,>=5_years,high,0,1
V296,cma,103.17,1,5,156.24,49.11,65.27,10.59,61.54,58.6,63.12,35.53,7,critical_care,>=5_years,high,0,1
V296,gdt,91.44,1,5,123.92,46.37,56.29,15.82,59.21,57.6,59.51,29.77,8,critical_care,>=5_years,high,0,1
V296,medcpt,97.36,1,5,133.98,49.63,61.08,26.09,55.02,60.33,59.96,35.3,9,critical_care,>=5_years,high,0,0
V368,bm25,111.1,1,5,191.6,58.89,82.48,19.42,78.59,42.14,83.66,47.04,1,internal_medicine,>=5_years,high,3,0
V368,medcpt,115.15,1,5,145.48,52.36,72.87,21.4,67.81,51.7,63.55,36.85,2,internal_medicine,>=5_years,high,3,0
V368,graphcare,104.07,1,5,165.35,47.4,62.11,18.06,60.53,58.17,60.44,25.06,3,internal_medicine,>=5_years,high,3,0
V368,cma,102.27,1,5,138.15,50.36,63.26,17.19,59.8,54.53,71.1,36.28,4,internal_medicine,>=5_years,high,3,1
V368,llm_rag,96.3,1,5,159.03,47.66,60.2,15.52,57.91,61.23,63.21,27.9,5,internal_medicine,>=5_years,high,3,0
V368,control,109.05,1,5,188.66,57.41,75.68,30.74,74.18,48.46,73.66,41.76,6,internal_medicine,>=5_years,high,3,0
V368,colbert,100.47,1,5,170.66,51.44,65.08,21.94,61.77,61.81,60.54,37.46,7,internal_medicine,>=5_years,high,3,0
V368,gdt,95.66,1,5,124.6,45.28,58.21,19.47,57.27,56.97,47.58,32.17,8,internal_medicine,>=5_years,high,3,1
V368,sdt,86.31,1,5,112.56,42.44,56.16,17.0,46.22,63.45,52.42,19.4,9,internal_medicine,>=5_years,high,3,1
V651,control,92.51,1,4,185.87,50.12,67.07,7.46,66.87,47.67,70.19,41.46,1,emergency,<5_years,high,3,0
V651,sdt,71.02,1,4,112.46,34.53,41.44,9.58,40.15,66.86,31.7,17.45,2,emergency,<5_years,high,3,1
V651,cma,79.7,1,4,139.96,47.76,53.24,21.43,54.64,61.61,61.34,34.28,3,emergency,<5_years,high,3,1
V651,colbert,79.68,1,4,155.68,42.16,51.84,13.21,49.24,65.86,45.05,27.79,4,emergency,<5_years,high,3,0
V651,graphcare,81.12,1,4,158.89,46.97,54.51,27.08,51.58,69.35,54.13,25.16,5,emergency,<5_years,high,3,0
V651,gdt,79.87,1,4,137.56,43.17,56.61,16.37,41.25,65.0,51.28,28.54,6,emergency,<5_years,high,3,1
V651,medcpt,74.89,1,4,139.44,41.74,45.34,11.18,46.83,66.19,46.62,34.28,7,emergency,<5_years,high,3,0
V651,llm_rag,76.99,1,4,176.69,42.08,56.07,12.71,42.28,68.42,49.57,23.41,8,emergency,<5_years,high,3,0
V651,bm25,86.5,1,4,188.58,52.82,71.72,21.57,62.19,49.81,67.67,43.94,9,emergency,<5_years,high,3,0
V697,medcpt,64.4,1,3,150.67,38.78,42.55,16.48,45.68,64.38,38.69,24.93,1,hospital_medicine,>=5_years,high,2,0
V697,colbert,64.58,1,3,155.82,41.21,50.06,13.05,43.69,68.75,49.19,22.51,2,hospital_medicine,>=5_years,high,2,0
V697,bm25,74.57,1,3,195.65,49.99,68.2,10.81,67.53,59.86,60.7,32.85,3,hospital_medicine,>=5_years,high,2,0
V697,graphcare,53.77,1,3,160.08,38.95,40.62,17.0,42.31,70.2,40.6,22.94,4,hospital_medicine,>=5_years,high,2,0
V697,cma,62.23,1,3,140.45,39.07,47.3,5.75,44.19,69.76,43.77,23.68,5,hospital_medicine,>=5_years,high,2,1
V697,control,69.28,1,3,193.03,49.44,66.38,12.22,57.55,61.19,67.36,31.94,6,hospital_medicine,>=5_years,high,2,0
V697,gdt,59.46,1,3,126.07,35.58,46.84,11.36,34.18,74.93,34.4,11.76,7,hospital_medicine,>=5_years,high,2,1
V697,sdt,53.73,1,3,111.8,33.89,36.19,9.41,32.26,74.81,30.24,20.45,8,hospital_medicine,>=5_years,high,2,1
V697,llm_rag,59.07,1,3,167.76,37.41,41.76,4.01,44.97,63.71,47.5,22.55,9,hospital_medicine,>=5_years,high,2,0
V667,graphcare,53.03,1,3,162.52,37.03,42.32,11.75,37.25,69.86,38.05,22.94,1,emergency,>=5_years,high,2,0
V667,medcpt,59.73,1,3,133.29,42.57,47.89,14.35,40.5,69.65,47.03,36.0,2,emergency,>=5_years,high,2,0
V667,colbert,61.77,1,3,154.33,35.08,43.79,14.15,36.69,57.95,46.23,11.69,3,emergency,>=5_years,high,2,0
V667,gdt,53.96,1,3,133.25,37.69,35.27,9.26,38.26,77.06,46.19,20.09,4,emergency,>=5_years,high,2,1
V667,llm_rag,57.67,1,3,165.29,40.48,48.48,17.46,43.42,69.97,39.13,24.41,5,emergency,>=5_years,high,2,0
V667,control,73.72,1,3,188.67,45.3,60.65,10.01,61.49,49.43,52.72,37.51,6,emergency,>=5_years,high,2,0
V667,sdt,51.36,1,3,104.87,28.67,35.24,2.98,27.58,66.72,30.14,9.35,7,emergency,>=5_years,high,2,1
V667,cma,52.78,1,3,143.95,42.21,52.28,20.89,43.7,67.2,42.42,26.78,8,emergency,>=5_years,high,2,1
V667,bm25,65.55,1,3,170.85,48.29,62.56,21.62,53.77,63.51,50.69,37.61,9,emergency,>=5_years,high,2,0
V389,llm_rag,76.29,1,4,169.97,41.07,56.03,6.48,51.08,61.8,46.14,24.9,1,internal_medicine,>=5_years,high,2,0
V389,sdt,72.59,1,4,121.17,36.99,48.82,1.65,38.07,67.29,40.4,25.72,2,internal_medicine,>=5_years,high,2,1
V389,medcpt,78.09,1,4,135.74,42.98,51.67,12.38,46.73,65.16,60.18,21.74,3,internal_medicine,>=5_years,high,2,0
V389,colbert,78.2,1,4,164.03,47.09,57.56,15.81,59.05,63.73,57.18,29.23,4,internal_medicine,>=5_years,high,2,0
V389,bm25,97.05,1,4,182.68,59.02,80.94,23.93,72.57,58.22,73.81,44.66,5,internal_medicine,>=5_years,high,2,0
V389,gdt,76.99,1,4,132.94,42.74,56.98,10.92,45.25,61.96,47.53,33.76,6,internal_medicine,>=5_years,high,2,1
V389,cma,86.91,1,4,140.74,47.76,61.29,16.44,51.63,63.5,57.75,35.96,7,internal_medicine,>=5_years,high,2,1
V389,graphcare,77.15,1,4,155.74,43.22,56.74,13.77,52.17,67.44,47.86,21.34,8,internal_medicine,>=5_years,high,2,0
V389,control,96.22,1,4,178.09,56.23,75.51,20.24,76.59,50.16,72.23,42.66,9,internal_medicine,>=5_years,high,2,0
V344,cma,295.11,0,4,137.38,72.54,100.0,43.54,100.0,22.18,100.0,69.52,1,hospital_medicine,>=5_years,high,3,1
V344,control,300.0,0,4,190.57,73.54,100.0,41.22,100.0,19.07,100.0,80.94,2,hospital_medicine,>=5_years,high,3,0
V344,gdt,175.5,0,4,121.41,58.38,84.28,16.62,74.68,48.32,81.56,44.83,3,hospital_medicine,>=5_years,high,3,1
V344,colbert,278.7,0,4,153.73,70.83,100.0,32.58,100.0,20.49,100.0,71.92,4,hospital_medicine,>=5_years,high,3,0
V344,bm25,297.46,0,4,212.3,71.28,100.0,39.01,100.0,7.95,100.0,80.68,5,hospital_medicine,>=5_years,high,3,0
V344,medcpt,169.56,0,4,139.33,58.01,82.99,18.0,78.9,40.6,86.32,41.22,6,hospital_medicine,>=5_years,high,3,0
V344,llm_rag,300.0,0,4,155.52,70.23,100.0,34.37,100.0,13.96,100.0,73.02,7,hospital_medicine,>=5_years,high,3,0
V344,graphcare,259.11,0,4,143.01,70.19,100.0,32.88,100.0,26.18,100.0,62.06,8,hospital_medicine,>=5_years,high,3,0
V344,sdt,166.76,0,4,121.33,56.4,77.08,28.75,66.54,49.41,75.52,41.11,9,hospital_medicine,>=5_years,high,3,1
V098,control,226.49,0,5,192.39,69.95,100.0,28.78,100.0,29.4,100.0,61.51,1,critical_care,<5_years,high,4,0
V098,graphcare,293.65,0,5,146.99,70.78,100.0,37.37,100.0,19.83,100.0,67.48,2,critical_care,<5_years,high,4,0
V098,gdt,196.12,0,5,136.71,65.13,89.72,29.73,86.02,38.07,94.86,52.4,3,critical_care,<5_years,high,4,1
V098,colbert,185.95,0,5,156.48,66.96,94.59,20.56,92.76,46.2,95.68,51.97,4,critical_care,<5_years,high,4,0
V098,cma,220.32,0,5,147.85,70.33,100.0,37.46,93.16,28.96,100.0,62.43,5,critical_care,<5_years,high,4,1
V098,bm25,122.02,1,5,181.44,59.3,76.59,21.62,82.61,42.55,85.88,46.56,6,critical_care,<5_years,high,4,0
V098,sdt,88.06,1,5,103.64,39.59,47.67,8.82,43.98,69.88,45.53,21.63,7,critical_care,<5_years,high,4,1
V098,llm_rag,300.0,0,5,163.73,70.97,100.0,40.15,100.0,15.76,100.0,69.92,8,critical_care,<5_years,high,4,0
V098,medcpt,300.0,0,5,146.73,71.15,100.0,39.14,100.0,12.66,100.0,75.12,9,critical_care,<5_years,high,4,0
V374,sdt,55.21,1,3,110.84,35.64,37.2,16.96,29.67,74.88,36.53,18.63,1,critical_care,<5_years,low,0,1
V374,cma,59.65,1,3,124.42,41.81,43.9,13.05,43.99,72.75,49.08,28.08,2,critical_care,<5_years,low,0,1
V374,gdt,58.41,1,3,118.66,35.85,38.78,8.17,37.95,63.87,44.44,21.91,3,critical_care,<5_years,low,0,1
V374,graphcare,58.81,1,3,151.74,39.44,54.42,14.69,32.99,74.2,38.48,21.84,4,critical_care,<5_years,low,0,0
V374,medcpt,66.45,1,3,141.37,40.24,45.0,16.79,44.36,65.33,41.39,28.56,5,critical_care,<5_years,low,0,0
V374,bm25,300.0,0,3,200.79,71.1,100.0,32.33,100.0,13.14,100.0,81.11,6,critical_care,<5_years,low,0,0
V374,control,66.46,1,3,193.48,49.56,61.63,18.58,59.66,62.45,59.9,35.14,7,critical_care,<5_years,low,0,0
V374,colbert,64.56,1,3,147.95,37.96,44.22,11.65,44.77,70.86,39.76,16.51,8,critical_care,<5_years,low,0,0
V374,llm_rag,56.11,1,3,171.85,40.07,45.53,12.36,40.62,74.14,42.18,25.6,9,critical_care,<5_years,low,0,0
V315,llm_rag,79.51,1,4,162.25,42.79,55.01,14.28,38.32,62.22,51.7,35.24,1,internal_medicine,>=5_years,high,1,0
V315,graphcare,86.19,1,4,136.67,46.29,57.03,20.83,54.05,65.94,50.67,29.2,2,internal_medicine,>=5_years,high,1,0
V315,gdt,73.64,1,4,125.84,41.31,50.05,16.05,43.94,64.61,46.65,26.55,3,internal_medicine,>=5_years,high,1,1
V315,cma,75.88,1,4,155.71,44.36,57.99,10.57,51.9,58.92,52.68,34.12,4,internal_medicine,>=5_years,high,1,1
V315,colbert,77.69,1,4,150.99,42.78,51.63,10.54,43.8,65.66,56.19,28.89,5,internal_medicine,>=5_years,high,1,0
V315,sdt,71.74,1,4,107.96,38.03,41.73,6.62,42.71,66.35,51.24,19.51,6,internal_medicine,>=5_years,high,1,1
V315,medcpt,79.2,1,4,131.4,47.45,58.98,17.11,54.8,69.14,54.99,29.7,7,internal_medicine,>=5_years,high,1,0
V315,bm25,92.11,1,4,186.52,55.45,74.75,14.13,78.28,60.61,65.15,39.8,8,internal_medicine,>=5_years,high,1,0
V315,control,88.88,1,4,174.81,53.62,69.82,15.9,68.6,56.14,67.17,44.07,9,internal_medicine,>=5_years,high,1,0
V494,llm_rag,41.5,1,2,160.86,31.91,27.72,9.71,35.17,69.31,30.29,19.29,1,internal_medicine,>=5_years,low,1,0
V494,graphcare,35.65,1,2,168.01,35.37,34.52,8.34,32.44,77.34,38.44,21.16,2,internal_medicine,>=5_years,low,1,0
V494,gdt,37.31,1,2,147.98,31.54,28.97,6.91,30.06,76.13,31.49,15.66,3,internal_medicine,>=5_years,low,1,1
V494,bm25,44.11,1,2,196.88,42.62,55.87,12.97,42.05,68.85,49.85,26.15,4,internal_medicine,>=5_years,low,1,0
V494,control,50.33,1,2,179.49,47.13,53.09,22.99,50.81,63.35,58.52,34.03,5,internal_medicine,>=5_years,low,1,0
V494,cma,37.29,1,2,151.77,34.89,33.53,8.82,35.74,80.29,38.1,12.83,6,internal_medicine,>=5_years,low,1,1
V494,medcpt,40.69,1,2,162.1,37.55,43.43,12.58,32.63,75.35,42.17,19.14,7,internal_medicine,>=5_years,low,1,0
V494,sdt,36.67,1,2,138.35,28.75,27.89,5.14,20.38,84.87,22.69,11.54,8,internal_medicine,>=5_years,low,1,1
V494,colbert,38.64,1,2,150.16,31.08,36.68,6.45,25.81,70.7,29.08,17.74,9,internal_medicine,>=5_years,low,1,0
V765,colbert,37.5,1,2,152.37,35.36,43.05,14.38,30.46,71.03,36.34,16.91,1,hospital_medicine,<5_years,low,0,0
V765,bm25,46.51,1,2,201.31,47.4,53.45,18.82,52.95,72.26,54.19,32.73,2,hospital_medicine,<5_years,low,0,0
V765,graphcare,37.73,1,2,137.59,32.29,28.13,11.39,30.49,72.3,38.11,13.32,3,hospital_medicine,<5_years,low,0,0
V765,gdt,38.65,1,2,124.98,31.01,30.83,16.23,21.05,76.93,24.77,16.22,4,hospital_medicine,<5_years,low,0,1
V765,control,48.65,1,2,211.3,44.02,54.98,14.35,49.92,64.01,53.1,27.76,5,hospital_medicine,<5_years,low,0,0
V765,llm_rag,38.1,1,2,178.39,34.25,40.22,5.62,26.39,79.59,36.48,17.18,6,hospital_medicine,<5_years,low,0,0
V765,sdt,38.14,1,2,109.46,32.34,28.69,7.06,34.9,86.8,26.19,10.42,7,hospital_medicine,<5_years,low,0,1
V765,cma,42.15,1,2,139.5,36.02,34.26,10.77,36.72,71.75,43.47,19.13,8,hospital_medicine,<5_years,low,0,1
V765,medcpt,39.86,1,2,125.33,33.03,37.39,4.18,33.47,72.79,32.15,18.18,9,hospital_medicine,<5_years,low,0,0
V271,control,21.91,1,1,172.77,37.03,39.86,5.63,41.53,71.9,37.84,25.4,1,emergency,>=5_years,low,0,0
V271,sdt,18.53,1,1,111.93,27.25,23.3,14.71,16.44,85.37,20.98,2.71,2,emergency,>=5_years,low,0,1
V271,cma,20.75,1,1,142.5,29.32,30.54,9.54,25.35,76.47,18.92,15.13,3,emergency,>=5_years,low,0,1
V271,colbert,19.42,1,1,167.93,32.0,29.8,10.83,18.4,82.76,32.98,17.2,4,emergency,>=5_years,low,0,0
V271,gdt,20.12,1,1,132.15,28.79,30.07,7.11,20.58,80.63,21.58,12.77,5,emergency,>=5_years,low,0,1
V271,llm_rag,22.56,1,1,155.52,30.48,26.23,7.28,22.97,80.73,34.93,10.72,6,emergency,>=5_years,low,0,0
V271,medcpt,18.02,1,1,123.32,28.53,26.69,6.1,28.21,74.92,26.76,8.49,7,emergency,>=5_years,low,0,0
V271,graphcare,22.1,1,1,126.22,31.32,34.89,5.71,20.7,83.36,33.08,10.17,8,emergency,>=5_years,low,0,0
V271,bm25,24.32,1,1,155.27,36.95,46.18,7.6,37.71,71.66,40.47,18.11,9,emergency,>=5_years,low,0,0
V400,gdt,74.73,1,4,124.03,39.65,45.77,15.97,41.92,61.13,48.83,24.3,1,hospital_medicine,>=5_years,high,3,1
V400,cma,74.68,1,4,145.18,43.56,60.08,18.4,47.16,66.87,47.89,20.96,2,hospital_medicine,>=5_years,high,3,1
V400,llm_rag,174.63,0,4,162.94,58.8,82.08,29.06,78.8,39.63,80.51,42.75,3,hospital_medicine,>=5_years,high,3,0
V400,medcpt,79.46,1,4,135.13,42.76,50.48,6.98,46.87,64.84,58.02,29.39,4,hospital_medicine,>=5_years,high,3,0
V400,sdt,74.28,1,4,119.93,39.24,46.57,16.86,39.77,74.51,42.24,15.48,5,hospital_medicine,>=5_years,high,3,1
V400,control,99.58,1,4,183.2,59.57,72.03,31.26,74.7,61.42,76.78,41.24,6,hospital_medicine,>=5_years,high,3,0
V400,bm25,87.52,1,4,182.55,53.89,69.45,18.63,69.75,57.41,64.65,43.45,7,hospital_medicine,>=5_years,high,3,0
V400,graphcare,85.0,1,4,147.0,46.1,58.51,15.38,55.48,59.11,52.74,35.4,8,hospital_medicine,>=5_years,high,3,0
V400,colbert,78.16,1,4,158.6,42.83,58.18,8.59,53.27,61.53,50.55,24.87,9,hospital_medicine,>=5_years,high,3,0
V388,cma,40.54,1,2,142.29,36.32,39.89,15.94,35.7,80.54,30.08,15.81,1,internal_medicine,<5_years,low,1,1
V388,colbert,139.61,0,2,168.99,51.46,66.27,26.41,57.81,53.93,66.82,37.53,2,internal_medicine,<5_years,low,1,0
V388,medcpt,33.77,1,2,133.23,31.88,35.88,8.44,28.9,75.22,36.81,6.01,3,internal_medicine,<5_years,low,1,0
V388,llm_rag,34.6,1,2,149.38,34.09,34.75,10.21,28.71,80.92,36.33,13.62,4,internal_medicine,<5_years,low,1,0
V388,graphcare,35.67,1,2,142.59,35.33,31.28,14.59,36.91,80.32,30.43,18.46,5,internal_medicine,<5_years,low,1,0
V388,bm25,52.21,1,2,179.36,45.04,59.13,8.0,51.25,65.34,52.48,34.04,6,internal_medicine,<5_years,low,1,0
V388,sdt,35.58,1,2,111.61,28.94,26.98,9.78,19.59,79.96,21.65,15.66,7,internal_medicine,<5_years,low,1,1
V388,control,42.14,1,2,200.02,45.1,53.73,13.77,51.03,67.26,54.47,30.33,8,internal_medicine,<5_years,low,1,0
V388,gdt,39.11,1,2,112.6,31.37,33.58,9.82,31.27,71.6,30.39,11.56,9,internal_medicine,<5_years,low,1,1
V117,medcpt,38.25,1,2,131.81,34.55,31.12,8.93,40.88,70.4,35.29,20.71,1,emergency,<5_years,low,1,0
V117,control,49.53,1,2,195.55,41.28,51.67,13.55,49.25,62.56,44.77,25.86,2,emergency,<5_years,low,1,0
V117,graphcare,36.31,1,2,150.35,31.97,29.47,10.42,34.73,74.82,32.73,9.65,3,emergency,<5_years,low,1,0
V117,llm_rag,142.49,0,2,151.57,53.15,73.58,18.55,65.56,57.35,71.35,32.53,4,emergency,<5_years,low,1,0
V117,gdt,45.39,1,2,128.75,34.38,38.31,14.32,36.64,73.03,33.12,10.83,5,emergency,<5_years,low,1,1
V117,sdt,36.57,1,2,122.01,29.3,26.26,7.98,22.83,81.15,31.3,6.29,6,emergency,<5_years,low,1,1
V117,colbert,40.3,1,2,156.91,34.63,39.83,8.44,33.24,71.13,34.86,20.27,7,emergency,<5_years,low,1,0
V117,bm25,47.33,1,2,194.82,44.7,55.43,13.85,48.23,68.37,53.72,28.6,8,emergency,<5_years,low,1,0
V117,cma,37.08,1,2,114.09,39.64,42.84,18.6,41.62,71.23,40.27,23.28,9,emergency,<5_years,low,1,1
V466,bm25,69.26,1,3,168.73,51.0,66.87,16.4,69.41,59.2,59.44,34.69,1,critical_care,<5_years,low,1,0
V466,sdt,54.53,1,3,97.72,30.67,35.32,16.62,26.33,69.12,30.6,6.02,2,critical_care,<5_years,low,1,1
V466,cma,65.37,1,3,162.42,43.17,45.41,16.36,45.35,70.23,46.09,35.56,3,critical_care,<5_years,low,1,1
V466,control,75.7,1,3,196.41,51.09,60.04,18.22,61.71,56.62,63.87,46.08,4,critical_care,<5_years,low,1,0
V466,medcpt,61.05,1,3,143.9,38.49,43.94,10.22,41.49,67.32,41.65,26.32,5,critical_care,<5_years,low,1,0
V466,llm_rag,57.09,1,3,178.65,37.04,39.32,13.61,37.54,70.17,44.56,17.07,6,critical_care,<5_years,low,1,0
V466,graphcare,52.06,1,3,155.92,35.65,40.36,9.04,37.21,71.19,35.05,21.05,7,critical_care,<5_years,low,1,0
V466,gdt,55.34,1,3,123.94,37.3,40.57,14.62,38.76,75.27,37.07,17.52,8,critical_care,<5_years,low,1,1
V466,colbert,57.06,1,3,158.8,37.02,35.76,12.37,38.46,71.79,41.94,21.82,9,critical_care,<5_years,low,1,0
V215,bm25,21.96,1,1,207.1,39.2,43.1,7.04,39.86,75.2,40.73,29.29,1,hospital_medicine,<5_years,low,0,0
V215,control,22.48,1,1,185.29,38.65,42.95,9.36,35.09,71.45,46.02,27.04,2,hospital_medicine,<5_years,low,0,0
V215,colbert,20.86,1,1,148.25,27.25,27.82,4.73,20.97,69.87,27.24,12.85,3,hospital_medicine,<5_years,low,0,0
V215,llm_rag,107.69,0,1,165.0,45.4,54.23,12.83,51.89,64.63,57.34,31.45,4,hospital_medicine,<5_years,low,0,0
V215,medcpt,21.31,1,1,131.81,28.42,28.23,9.28,24.08,69.32,27.51,12.07,5,hospital_medicine,<5_years,low,0,0
V215,gdt,18.7,1,1,142.25,31.99,30.65,7.96,29.92,83.43,22.3,17.68,6,hospital_medicine,<5_years,low,0,1
V215,graphcare,17.73,1,1,154.44,26.73,13.42,12.28,18.31,82.68,20.47,13.21,7,hospital_medicine,<5_years,low,0,0
V215,cma,19.62,1,1,157.5,30.02,28.54,7.85,32.53,69.25,27.52,14.44,8,hospital_medicine,<5_years,low,0,1
V215,sdt,18.77,1,1,132.95,26.07,22.94,10.13,15.31,81.52,20.65,5.88,9,hospital_medicine,<5_years,low,0,1
V175,gdt,38.8,1,2,115.07,33.07,36.85,12.52,29.51,76.95,31.45,11.13,1,hospital_medicine,>=5_years,low,0,1
V175,control,47.94,1,2,160.34,48.95,60.53,17.09,59.81,68.79,56.74,30.73,2,hospital_medicine,>=5_years,low,0,0
V175,sdt,40.55,1,2,113.34,30.89,28.73,7.53,22.25,75.37,37.89,13.57,3,hospital_medicine,>=5_years,low,0,1
V175,cma,39.27,1,2,140.16,38.1,45.95,12.47,36.94,77.29,35.99,19.95,4,hospital_medicine,>=5_years,low,0,1
V175,llm_rag,36.63,1,2,180.69,32.48,37.28,6.39,28.71,73.98,31.74,16.78,5,hospital_medicine,>=5_years,low,0,0
V175,bm25,49.04,1,2,182.54,44.02,55.39,8.42,57.59,73.96,49.86,18.88,6,hospital_medicine,>=5_years,low,0,0
V175,graphcare,43.7,1,2,150.01,34.66,36.0,6.0,40.31,74.73,36.85,14.08,7,hospital_medicine,>=5_years,low,0,0
V175,colbert,38.9,1,2,160.83,32.77,35.24,9.93,23.92,69.3,34.09,24.14,8,hospital_medicine,>=5_years,low,0,0
V175,medcpt,40.24,1,2,151.43,32.42,31.26,7.69,28.21,75.1,37.77,14.48,9,hospital_medicine,>=5_years,low,0,0
V563,medcpt,96.56,1,5,141.32,49.75,64.63,17.8,67.02,59.79,57.27,31.98,1,internal_medicine,<5_years,high,4,0
V563,sdt,98.22,1,5,116.56,42.59,51.86,20.05,50.37,64.09,45.67,23.48,2,internal_medicine,<5_years,high,4,1
V563,llm_rag,101.06,1,5,164.73,46.92,65.02,19.82,53.33,54.72,55.04,33.6,3,internal_medicine,<5_years,high,4,0
V563,control,117.44,1,5,178.61,59.39,91.52,18.04,75.26,45.53,78.38,47.64,4,internal_medicine,<5_years,high,4,0
V563,bm25,113.11,1,5,190.62,59.23,87.62,16.26,74.98,50.32,77.65,48.57,5,internal_medicine,<5_years,high,4,0
V563,colbert,95.68,1,5,144.81,46.67,58.24,18.0,50.33,60.17,57.89,35.39,6,internal_medicine,<5_years,high,4,0
V563,graphcare,93.73,1,5,146.25,46.11,55.81,17.0,53.64,63.61,52.25,34.36,7,internal_medicine,<5_years,high,4,0
V563,cma,102.95,1,5,146.85,51.45,72.06,25.07,59.42,56.09,63.77,32.33,8,internal_medicine,<5_years,high,4,1
V563,gdt,90.88,1,5,122.1,46.75,55.25,22.29,55.95,58.18,55.89,32.92,9,internal_medicine,<5_years,high,4,1
V092,bm25,24.92,1,1,165.88,39.51,37.05,13.27,41.38,75.02,46.49,23.83,1,internal_medicine,>=5_years,low,0,0
V092,llm_rag,24.78,1,1,187.9,26.92,22.88,12.25,14.61,78.19,20.61,12.98,2,internal_medicine,>=5_years,low,0,0
V092,control,24.55,1,1,191.45,40.03,40.48,7.72,39.15,68.6,45.96,38.25,3,internal_medicine,>=5_years,low,0,0
V092,colbert,19.83,1,1,165.95,28.15,30.88,1.12,25.31,79.75,20.15,11.67,4,internal_medicine,>=5_years,low,0,0
V092,sdt,18.34,1,1,117.78,25.1,16.45,0.0,22.61,88.66,22.64,0.25,5,internal_medicine,>=5_years,low,0,1
V092,gdt,17.07,1,1,120.97,28.16,21.69,6.88,15.4,84.46,25.31,15.25,6,internal_medicine,>=5_years,low,0,1
V092,graphcare,18.06,1,1,144.77,29.52,28.83,7.17,25.35,80.35,19.21,16.22,7,internal_medicine,>=5_years,low,0,0
V092,cma,17.72,1,1,170.35,34.37,30.31,11.41,27.87,79.58,30.67,26.36,8,internal_medicine,>=5_years,low,0,1
V092,medcpt,22.81,1,1,130.14,29.69,30.49,1.02,26.43,81.0,27.04,12.17,9,internal_medicine,>=5_years,low,0,0
V735,gdt,38.1,1,2,124.78,33.52,34.3,11.18,33.29,74.49,32.26,15.62,1,critical_care,>=5_years,low,0,1
V735,cma,40.12,1,2,138.72,34.9,34.39,15.59,27.85,75.7,34.08,21.79,2,critical_care,>=5_years,low,0,1
V735,bm25,41.43,1,2,192.09,43.51,46.55,15.18,50.97,70.86,52.38,25.09,3,critical_care,>=5_years,low,0,0
V735,control,52.96,1,2,186.22,47.04,57.94,10.72,58.13,71.09,56.14,28.24,4,critical_care,>=5_years,low,0,0
V735,colbert,37.8,1,2,145.14,34.85,33.57,12.75,32.68,75.5,33.79,20.82,5,critical_care,>=5_years,low,0,0
V735,sdt,36.99,1,2,121.66,28.76,25.64,10.73,17.08,84.41,28.0,6.7,6,critical_care,>=5_years,low,0,1
V735,llm_rag,44.51,1,2,150.86,36.46,30.76,13.35,33.02,78.63,44.16,18.87,7,critical_care,>=5_years,low,0,0
V735,medcpt,43.37,1,2,152.25,32.41,33.85,9.95,30.47,68.16,34.64,17.38,8,critical_care,>=5_years,low,0,0
V735,graphcare,40.9,1,2,154.15,33.7,38.45,12.28,30.16,74.59,34.16,12.53,9,critical_care,>=5_years,low,0,0
V051,medcpt,92.51,1,5,139.85,51.64,65.18,21.76,70.2,60.94,58.71,33.04,1,critical_care,>=5_years,high,4,0
V051,bm25,115.83,1,5,194.82,60.58,81.57,20.94,83.7,45.7,78.91,52.65,2,critical_care,>=5_years,high,4,0
V051,sdt,88.21,1,5,112.44,40.21,45.56,10.57,40.06,62.7,47.35,35.02,3,critical_care,>=5_years,high,4,1
V051,colbert,96.24,1,5,158.08,49.19,63.63,19.15,62.18,56.04,58.66,35.46,4,critical_care,>=5_years,high,4,0
V051,graphcare,99.35,1,5,139.75,47.53,59.69,21.49,54.46,55.46,64.23,29.84,5,critical_care,>=5_years,high,4,0
V051,control,105.98,1,5,193.24,55.67,76.34,17.46,80.31,38.71,78.94,42.29,6,critical_care,>=5_years,high,4,0
V051,gdt,92.81,1,5,120.57,44.14,56.01,11.65,56.21,65.55,57.09,18.34,7,critical_care,>=5_years,high,4,1
V051,llm_rag,88.5,1,5,160.41,47.71,63.58,15.5,54.35,67.32,51.47,34.03,8,critical_care,>=5_years,high,4,0
V051,cma,103.76,1,5,144.65,50.1,59.33,18.97,59.5,61.07,62.92,38.82,9,critical_care,>=5_years,high,4,1
V690,sdt,188.98,0,5,110.18,59.41,88.66,25.95,76.51,41.05,83.05,41.26,1,hospital_medicine,>=5_years,high,3,1
V690,gdt,96.96,1,5,131.55,42.91,54.31,16.04,52.83,56.38,53.14,24.79,2,hospital_medicine,>=5_years,high,3,1
V690,llm_rag,280.03,0,5,186.18,70.52,100.0,34.58,100.0,24.03,100.0,64.54,3,hospital_medicine,>=5_years,high,3,0
V690,graphcare,98.82,1,5,150.7,50.56,60.11,25.66,62.94,57.55,60.81,36.29,4,hospital_medicine,>=5_years,high,3,0
V690,bm25,219.12,0,5,171.39,68.72,100.0,26.6,100.0,18.63,100.0,67.1,5,hospital_medicine,>=5_years,high,3,0
V690,medcpt,202.7,0,5,139.73,63.88,100.0,15.85,92.24,38.59,83.68,52.91,6,hospital_medicine,>=5_years,high,3,0
V690,cma,93.58,1,5,145.17,48.38,62.77,12.93,57.61,60.2,61.8,34.96,7,hospital_medicine,>=5_years,high,3,1
V690,colbert,189.73,0,5,149.63,62.61,90.33,27.93,91.44,35.06,80.13,50.76,8,hospital_medicine,>=5_years,high,3,0
V690,control,123.9,1,5,188.25,62.33,86.48,25.82,81.89,47.19,83.24,49.38,9,hospital_medicine,>=5_years,high,3,0
V798,gdt,185.65,0,4,134.03,60.47,84.65,23.8,80.9,40.77,81.98,50.74,1,critical_care,>=5_years,high,3,1
V798,colbert,281.49,0,4,164.95,68.91,100.0,28.71,100.0,18.13,100.0,66.62,2,critical_care,>=5_years,high,3,0
V798,cma,186.02,0,4,153.14,59.95,87.17,27.54,77.62,36.01,83.85,47.5,3,critical_care,>=5_years,high,3,1
V798,medcpt,172.37,0,4,138.25,60.95,88.9,20.8,81.27,43.01,78.98,52.72,4,critical_care,>=5_years,high,3,0
V798,control,205.25,0,4,180.08,70.37,100.0,23.82,100.0,32.05,100.0,66.36,5,critical_care,>=5_years,high,3,0
V798,llm_rag,73.9,1,4,167.2,42.41,50.16,14.69,53.53,64.09,46.09,25.88,6,critical_care,>=5_years,high,3,0
V798,bm25,201.67,0,4,182.85,71.29,100.0,27.62,100.0,36.39,100.0,63.7,7,critical_care,>=5_years,high,3,0
V798,graphcare,178.98,0,4,141.25,58.36,81.34,23.31,79.01,48.49,76.59,41.4,8,critical_care,>=5_years,high,3,0
V798,sdt,72.42,1,4,114.26,37.86,45.57,9.84,36.82,73.29,37.83,23.8,9,critical_care,>=5_years,high,3,1
V186,gdt,43.05,1,2,131.04,35.78,39.22,11.27,33.09,81.26,33.7,16.16,1,emergency,<5_years,low,1,1
V186,cma,40.99,1,2,134.82,37.59,36.4,13.79,30.59,80.83,46.24,17.67,2,emergency,<5_years,low,1,1
V186,bm25,43.8,1,2,224.97,41.16,48.87,9.61,44.93,65.62,48.54,29.41,3,emergency,<5_years,low,1,0
V186,llm_rag,40.53,1,2,192.33,35.67,39.61,16.55,29.51,76.05,32.81,19.51,4,emergency,<5_years,low,1,0
V186,medcpt,38.43,1,2,144.74,35.37,35.88,15.9,35.66,76.43,36.07,12.3,5,emergency,<5_years,low,1,0
V186,sdt,39.58,1,2,111.12,31.79,29.6,16.13,28.19,77.97,26.57,12.28,6,emergency,<5_years,low,1,1
V186,graphcare,37.63,1,2,161.21,32.88,34.19,10.78,29.8,74.2,37.24,11.05,7,emergency,<5_years,low,1,0
V186,colbert,35.99,1,2,153.1,32.98,37.89,14.13,24.4,73.89,29.84,17.72,8,emergency,<5_years,low,1,0
V186,control,46.21,1,2,183.25,43.15,51.31,12.48,50.05,66.16,48.16,30.72,9,emergency,<5_years,low,1,0
V272,sdt,79.36,1,4,119.56,39.78,43.43,2.58,45.81,70.22,49.12,27.5,1,critical_care,<5_years,high,3,1
V272,graphcare,85.14,1,4,147.48,44.86,52.79,21.01,53.13,63.98,53.51,24.74,2,critical_care,<5_years,high,3,0
V272,colbert,83.97,1,4,152.03,45.18,54.45,21.07,56.94,62.26,49.77,26.59,3,critical_care,<5_years,high,3,0
V272,bm25,92.53,1,4,189.7,56.14,74.15,22.22,74.17,49.65,71.78,44.9,4,critical_care,<5_years,high,3,0
V272,medcpt,75.48,1,4,155.74,41.81,49.08,10.68,51.42,64.67,50.95,24.07,5,critical_care,<5_years,high,3,0
V272,cma,79.81,1,4,148.27,42.54,48.74,9.78,49.26,67.57,47.71,32.18,6,critical_care,<5_years,high,3,1
V272,control,90.69,1,4,195.33,50.32,62.46,17.47,64.72,54.73,65.3,37.26,7,critical_care,<5_years,high,3,0
V272,llm_rag,178.86,0,4,174.32,59.64,84.03,26.23,74.8,41.84,85.95,45.0,8,critical_care,<5_years,high,3,0
V272,gdt,71.04,1,4,139.02,41.42,45.93,14.28,45.39,70.73,46.3,25.86,9,critical_care,<5_years,high,3,1
V622,cma,124.57,0,2,152.62,50.55,69.54,16.42,57.63,62.8,65.76,31.17,1,critical_care,<5_years,low,1,1
V622,medcpt,141.62,0,2,144.87,53.35,74.45,23.9,65.83,52.95,68.04,34.95,2,critical_care,<5_years,low,1,0
V622,llm_rag,244.66,0,2,188.58,68.8,100.0,25.31,98.97,36.41,98.18,53.96,3,critical_care,<5_years,low,1,0
V622,bm25,158.89,0,2,171.66,64.57,100.0,16.28,82.85,46.4,88.3,53.6,4,critical_care,<5_years,low,1,0
V622,graphcare,133.8,0,2,140.54,52.69,73.33,19.25,63.42,51.35,69.84,38.94,5,critical_care,<5_years,low,1,0
V622,colbert,132.8,0,2,158.06,48.63,67.39,18.69,57.91,51.99,60.63,35.19,6,critical_care,<5_years,low,1,0
V622,control,166.83,0,2,189.56,63.79,83.69,18.3,88.84,53.77,89.05,49.06,7,critical_care,<5_years,low,1,0
V622,gdt,142.74,0,2,125.7,50.02,68.37,21.9,63.05,55.78,63.04,27.94,8,critical_care,<5_years,low,1,1
V622,sdt,134.91,0,2,112.84,42.96,59.57,20.32,51.43,46.83,55.34,24.29,9,critical_care,<5_years,low,1,1
V909,medcpt,93.6,1,5,142.93,48.46,62.7,20.7,50.76,57.4,58.18,41.03,1,hospital_medicine,<5_years,high,3,0
V909,colbert,97.21,1,5,166.29,47.78,66.22,16.8,56.84,54.07,56.45,36.3,2,hospital_medicine,<5_years,high,3,0
V909,bm25,118.57,1,5,198.19,57.9,75.11,27.42,76.11,41.89,82.41,44.46,3,hospital_medicine,<5_years,high,3,0
V909,control,128.51,1,5,189.32,60.33,96.66,17.03,79.33,44.32,80.24,44.4,4,hospital_medicine,<5_years,high,3,0
V909,graphcare,99.31,1,5,150.51,49.25,58.67,20.01,61.05,59.47,64.28,32.04,5,hospital_medicine,<5_years,high,3,0
V909,cma,95.18,1,5,149.37,48.69,64.65,16.75,60.27,54.49,56.66,39.35,6,hospital_medicine,<5_years,high,3,1
V909,gdt,91.7,1,5,137.58,43.89,55.94,13.92,51.65,60.46,53.75,27.63,7,hospital_medicine,<5_years,high,3,1
V909,llm_rag,95.94,1,5,170.26,49.76,62.06,18.33,61.08,69.74,56.78,30.55,8,hospital_medicine,<5_years,high,3,0
V909,sdt,89.07,1,5,116.39,42.87,59.63,9.74,49.12,66.15,45.99,26.61,9,hospital_medicine,<5_years,high,3,1
V547,sdt,184.81,0,5,114.79,58.51,82.29,17.56,83.15,45.43,76.67,45.94,1,hospital_medicine,<5_years,high,4,1
V547,control,221.59,0,5,185.69,71.1,100.0,28.32,100.0,30.79,100.0,67.48,2,hospital_medicine,<5_years,high,4,0
V547,llm_rag,300.0,0,5,170.86,70.34,100.0,37.11,100.0,13.96,100.0,70.95,3,hospital_medicine,<5_years,high,4,0
V547,cma,195.74,0,5,133.78,66.56,99.35,30.62,84.77,36.69,92.26,55.67,4,hospital_medicine,<5_years,high,4,1
V547,medcpt,198.09,0,5,151.4,63.69,92.13,25.63,80.89,38.19,94.57,50.7,5,hospital_medicine,<5_years,high,4,0
V547,graphcare,185.79,0,5,146.37,64.22,98.93,27.37,78.05,39.61,87.4,53.98,6,hospital_medicine,<5_years,high,4,0
V547,colbert,300.0,0,5,152.77,73.08,100.0,37.53,100.0,20.93,100.0,80.0,7,hospital_medicine,<5_years,high,4,0
V547,bm25,300.0,0,5,192.38,70.12,100.0,33.89,100.0,3.07,100.0,83.77,8,hospital_medicine,<5_years,high,4,0
V547,gdt,195.17,0,5,135.7,64.83,98.4,29.92,83.06,39.19,90.69,47.73,9,hospital_medicine,<5_years,high,4,1
V739,llm_rag,22.46,1,1,185.29,30.03,27.76,6.05,27.55,78.89,28.73,11.2,1,hospital_medicine,>=5_years,low,0,0
V739,control,21.66,1,1,193.97,36.93,36.49,5.24,43.08,74.87,44.68,17.21,2,hospital_medicine,>=5_years,low,0,0
V739,cma,17.41,1,1,143.28,30.26,31.97,6.61,27.25,76.97,24.17,14.59,3,hospital_medicine,>=5_years,low,0,1
V739,sdt,18.81,1,1,116.25,25.68,18.75,10.22,11.87,90.95,9.81,12.52,4,hospital_medicine,>=5_years,low,0,1
V739,graphcare,22.65,1,1,132.35,32.02,23.72,11.8,28.84,83.04,30.04,14.7,5,hospital_medicine,>=5_years,low,0,0
V739,colbert,18.74,1,1,170.99,28.38,24.63,11.77,16.97,81.59,19.97,15.34,6,hospital_medicine,>=5_years,low,0,0
V739,medcpt,20.37,1,1,125.59,32.33,29.7,6.16,24.52,88.02,27.88,17.72,7,hospital_medicine,>=5_years,low,0,0
V739,gdt,17.61,1,1,122.31,28.86,20.91,8.55,19.37,84.42,23.47,16.43,8,hospital_medicine,>=5_years,low,0,1
V739,bm25,24.35,1,1,172.93,40.03,46.57,8.27,43.23,69.82,51.16,21.16,9,hospital_medicine,>=5_years,low,0,0
V808,graphcare,19.37,1,1,164.89,30.3,25.23,4.41,19.66,85.94,33.49,13.07,1,emergency,>=5_years,low,0,0
V808,colbert,20.15,1,1,171.74,31.53,29.03,8.9,29.7,87.19,19.68,14.67,2,emergency,>=5_years,low,0,0
V808,gdt,21.43,1,1,111.44,27.06,23.35,6.23,17.53,75.02,27.76,12.45,3,emergency,>=5_years,low,0,1
V808,llm_rag,22.26,1,1,189.3,29.02,25.4,5.99,22.52,84.03,24.72,11.43,4,emergency,>=5_years,low,0,0
V808,sdt,22.46,1,1,127.45,22.68,18.12,0.0,15.91,83.22,17.61,1.22,5,emergency,>=5_years,low,0,1
V808,control,28.82,1,1,237.35,41.2,45.19,11.7,41.62,77.62,40.61,30.47,6,emergency,>=5_years,low,0,0
V808,cma,17.72,1,1,105.79,31.06,27.97,7.39,21.5,77.31,36.22,15.94,7,emergency,>=5_years,low,0,1
V808,medcpt,17.79,1,1,137.5,29.23,32.42,13.45,20.36,78.65,22.32,8.18,8,emergency,>=5_years,low,0,0
V808,bm25,28.06,1,1,205.77,39.71,40.73,14.63,42.87,71.79,43.91,24.31,9,emergency,>=5_years,low,0,0
V026,bm25,64.68,1,3,197.15,48.47,64.08,12.56,57.26,56.9,60.78,39.25,1,critical_care,<5_years,high,2,0
V026,sdt,51.29,1,3,115.29,31.79,34.12,13.31,31.15,71.51,33.48,7.19,2,critical_care,<5_years,high,2,1
V026,llm_rag,57.06,1,3,152.88,40.0,45.15,12.21,40.69,72.57,49.06,20.31,3,critical_care,<5_years,high,2,0
V026,medcpt,59.92,1,3,140.84,40.89,42.31,16.17,41.08,70.35,47.76,27.69,4,critical_care,<5_years,high,2,0
V026,colbert,61.67,1,3,149.78,40.05,51.13,13.63,47.43,70.84,42.13,15.15,5,critical_care,<5_years,high,2,0
V026,cma,60.38,1,3,149.44,40.69,54.19,9.87,40.35,70.17,40.97,28.59,6,critical_care,<5_years,high,2,1
V026,gdt,55.83,1,3,131.39,40.81,43.34,14.25,45.07,74.94,42.79,24.47,7,critical_care,<5_years,high,2,1
V026,graphcare,60.5,1,3,134.7,37.51,50.36,10.74,39.41,69.35,35.27,19.91,8,critical_care,<5_years,high,2,0
V026,control,71.08,1,3,192.37,50.88,58.75,18.71,60.03,64.04,64.01,39.75,9,critical_care,<5_years,high,2,0
V771,sdt,16.1,1,1,118.83,22.63,20.97,0.16,16.98,82.44,15.18,0.05,1,critical_care,<5_years,low,0,1
V771,colbert,19.36,1,1,160.0,32.69,30.29,9.16,30.96,80.42,29.51,15.81,2,critical_care,<5_years,low,0,0
V771,bm25,20.76,1,1,198.77,42.54,45.68,14.11,43.17,78.97,46.88,26.41,3,critical_care,<5_years,low,0,0
V771,llm_rag,19.42,1,1,150.23,30.55,23.35,6.27,27.93,84.7,30.61,10.41,4,critical_care,<5_years,low,0,0
V771,control,24.27,1,1,208.1,38.36,45.82,11.17,40.74,75.61,36.18,20.64,5,critical_care,<5_years,low,0,0
V771,gdt,20.99,1,1,135.38,28.18,33.05,2.09,20.54,79.14,19.44,14.84,6,critical_care,<5_years,low,0,1
V771,medcpt,18.77,1,1,130.19,29.7,21.14,7.46,23.57,73.79,36.54,15.66,7,critical_care,<5_years,low,0,0
V771,graphcare,19.56,1,1,146.65,29.39,29.74,7.94,20.74,83.27,26.46,8.21,8,critical_care,<5_years,low,0,0
V771,cma,16.23,1,1,168.27,29.58,27.11,2.92,20.02,82.95,29.0,15.49,9,critical_care,<5_years,low,0,1
V819,sdt,53.8,1,3,104.68,32.68,33.3,8.24,27.87,75.16,30.45,21.03,1,internal_medicine,>=5_years,high,2,1
V819,cma,58.4,1,3,166.19,40.17,48.89,10.04,45.16,68.72,39.27,28.95,2,internal_medicine,>=5_years,high,2,1
V819,colbert,158.35,0,3,145.65,56.29,80.43,17.24,80.28,45.84,75.91,38.01,3,internal_medicine,>=5_years,high,2,0
V819,graphcare,60.86,1,3,139.11,37.05,42.82,12.02,34.53,68.38,45.59,18.95,4,internal_medicine,>=5_years,high,2,0
V819,gdt,58.44,1,3,110.85,39.93,41.69,17.41,40.01,70.25,42.7,27.51,5,internal_medicine,>=5_years,high,2,1
V819,bm25,70.2,1,3,197.63,49.88,69.74,19.93,57.21,57.37,59.53,35.51,6,internal_medicine,>=5_years,high,2,0
V819,llm_rag,165.12,0,3,175.31,56.98,85.07,17.05,70.49,45.69,81.09,42.47,7,internal_medicine,>=5_years,high,2,0
V819,control,67.26,1,3,191.62,50.94,68.08,15.02,58.26,66.0,64.67,33.6,8,internal_medicine,>=5_years,high,2,0
V819,medcpt,56.43,1,3,140.68,38.23,40.39,18.34,36.61,72.14,45.2,16.73,9,internal_medicine,>=5_years,high,2,0
V364,llm_rag,100.28,1,5,163.97,47.37,61.97,16.18,53.84,59.02,62.28,30.92,1,critical_care,>=5_years,high,2,0
V364,cma,104.48,1,5,147.49,50.07,69.47,14.57,61.76,57.3,62.57,34.75,2,critical_care,>=5_years,high,2,1
V364,medcpt,98.35,1,5,138.0,47.15,57.69,9.35,56.75,54.94,62.86,41.29,3,critical_care,>=5_years,high,2,0
V364,control,110.0,1,5,204.24,61.27,85.19,22.34,76.78,54.26,75.47,53.59,4,critical_care,>=5_years,high,2,0
V364,graphcare,100.55,1,5,145.26,49.05,64.11,18.12,53.69,61.1,58.56,38.73,5,critical_care,>=5_years,high,2,0
V364,bm25,113.38,1,5,174.31,60.07,84.71,22.64,81.36,45.01,80.42,46.3,6,critical_care,>=5_years,high,2,0
V364,colbert,102.36,1,5,164.82,51.53,65.38,26.34,68.09,60.47,58.55,30.37,7,critical_care,>=5_years,high,2,0
V364,sdt,88.99,1,5,105.11,38.96,53.37,10.24,39.3,62.91,46.05,21.88,8,critical_care,>=5_years,high,2,1
V364,gdt,90.77,1,5,124.89,45.01,59.91,12.03,50.84,52.43,61.04,33.8,9,critical_care,>=5_years,high,2,1
V939,bm25,111.04,1,5,190.01,57.66,84.35,24.31,70.49,44.95,78.68,43.17,1,hospital_medicine,<5_years,high,4,0
V939,llm_rag,183.32,0,5,164.97,61.87,93.98,22.91,81.58,36.77,94.01,41.97,2,hospital_medicine,<5_years,high,4,0
V939,gdt,98.0,1,5,130.59,46.14,60.77,17.14,53.5,58.23,62.81,24.39,3,hospital_medicine,<5_years,high,4,1
V939,medcpt,205.1,0,5,141.99,66.56,100.0,25.23,92.72,32.86,98.45,50.11,4,hospital_medicine,<5_years,high,4,0
V939,cma,105.07,1,5,146.88,51.28,70.85,17.22,54.94,63.0,62.25,39.43,5,hospital_medicine,<5_years,high,4,1
V939,colbert,98.87,1,5,161.26,47.75,63.88,20.47,55.6,56.01,61.56,28.96,6,hospital_medicine,<5_years,high,4,0
V939,control,111.97,1,5,177.85,60.88,82.15,15.4,82.52,52.66,83.51,49.03,7,hospital_medicine,<5_years,high,4,0
V939,graphcare,91.88,1,5,152.18,46.71,60.73,21.43,57.93,55.6,48.44,36.1,8,hospital_medicine,<5_years,high,4,0
V939,sdt,93.33,1,5,107.35,41.58,49.4,14.26,47.97,63.32,50.99,23.56,9,hospital_medicine,<5_years,high,4,1
V590,medcpt,75.26,1,4,137.79,42.93,49.13,17.44,45.66,67.13,57.09,21.13,1,emergency,>=5_years,high,2,0
V590,sdt,72.35,1,4,115.51,38.6,48.97,20.96,39.27,68.04,37.44,16.95,2,emergency,>=5_years,high,2,1
V590,control,91.2,1,4,193.24,55.86,72.48,21.54,67.2,58.04,76.57,39.31,3,emergency,>=5_years,high,2,0
V590,bm25,97.08,1,4,206.25,55.38,74.4,17.26,71.26,48.61,76.17,44.59,4,emergency,>=5_years,high,2,0
V590,colbert,78.07,1,4,164.41,42.66,49.13,19.46,46.73,65.19,48.25,27.18,5,emergency,>=5_years,high,2,0
V590,graphcare,78.86,1,4,155.38,46.11,61.6,18.38,49.33,64.52,48.97,33.83,6,emergency,>=5_years,high,2,0
V590,gdt,77.25,1,4,119.77,38.41,46.72,12.2,39.84,59.88,52.2,19.61,7,emergency,>=5_years,high,2,1
V590,cma,71.35,1,4,145.3,42.26,56.7,11.0,50.17,59.32,52.61,23.78,8,emergency,>=5_years,high,2,1
V590,llm_rag,75.44,1,4,163.39,43.64,54.89,13.97,48.23,70.22,46.41,28.12,9,emergency,>=5_years,high,2,0
V902,medcpt,62.21,1,3,146.29,42.72,52.11,10.21,50.23,66.81,49.01,27.93,1,hospital_medicine,<5_years,high,2,0
V902,cma,60.34,1,3,145.64,38.12,39.94,10.31,34.92,70.26,47.12,26.2,2,hospital_medicine,<5_years,high,2,1
V902,control,66.99,1,3,179.65,44.98,56.77,11.89,56.01,54.18,57.82,33.21,3,hospital_medicine,<5_years,high,2,0
V902,sdt,54.29,1,3,116.49,32.75,38.69,17.29,31.77,70.47,24.2,14.09,4,hospital_medicine,<5_years,high,2,1
V902,colbert,160.76,0,3,153.83,58.08,84.79,17.71,70.85,53.5,81.72,39.89,5,hospital_medicine,<5_years,high,2,0
V902,graphcare,56.59,1,3,160.36,40.96,52.04,16.65,44.01,72.52,39.75,20.77,6,hospital_medicine,<5_years,high,2,0
V902,llm_rag,63.22,1,3,171.92,39.57,44.03,19.46,40.37,64.87,47.06,21.66,7,hospital_medicine,<5_years,high,2,0
V902,bm25,67.54,1,3,193.18,50.12,59.91,14.75,58.05,62.62,66.17,39.22,8,hospital_medicine,<5_years,high,2,0
V902,gdt,57.27,1,3,135.4,39.1,37.32,11.56,41.41,77.81,42.2,24.31,9,hospital_medicine,<5_years,high,2,1
V529,cma,281.38,0,4,149.17,70.69,100.0,32.93,100.0,26.32,100.0,64.89,1,emergency,<5_years,high,2,1
V529,colbert,273.0,0,4,157.86,69.58,100.0,36.52,100.0,17.84,100.0,63.13,2,emergency,<5_years,high,2,0
V529,control,297.63,0,4,184.28,69.41,100.0,30.85,100.0,4.49,100.0,81.14,3,emergency,<5_years,high,2,0
V529,bm25,299.14,0,4,204.16,72.26,100.0,32.52,100.0,17.27,100.0,83.76,4,emergency,<5_years,high,2,0
V529,medcpt,300.0,0,4,141.45,69.29,100.0,32.97,100.0,9.86,100.0,72.88,5,emergency,<5_years,high,2,0
V529,gdt,274.99,0,4,124.85,68.42,100.0,33.21,100.0,16.3,100.0,61.02,6,emergency,<5_years,high,2,1
V529,graphcare,280.44,0,4,143.61,68.68,100.0,34.56,100.0,16.03,100.0,61.49,7,emergency,<5_years,high,2,0
V529,llm_rag,264.23,0,4,160.98,67.81,100.0,28.26,91.9,28.97,100.0,57.75,8,emergency,<5_years,high,2,0
V529,sdt,300.0,0,4,113.42,70.26,100.0,31.98,100.0,18.23,100.0,71.33,9,emergency,<5_years,high,2,1
V196,cma,39.86,1,2,140.2,34.63,40.71,5.22,35.58,76.66,33.35,16.25,1,emergency,>=5_years,low,0,1
V196,colbert,36.08,1,2,151.67,36.21,39.31,16.5,30.39,72.3,38.66,20.13,2,emergency,>=5_years,low,0,0
V196,graphcare,44.23,1,2,147.03,33.97,33.52,13.72,36.93,75.29,29.04,15.34,3,emergency,>=5_years,low,0,0
V196,sdt,33.8,1,2,116.22,29.29,32.5,12.56,17.85,79.01,23.77,10.08,4,emergency,>=5_years,low,0,1
V196,llm_rag,36.2,1,2,157.01,34.03,31.85,20.77,31.43,70.31,30.22,19.61,5,emergency,>=5_years,low,0,0
V196,control,49.6,1,2,193.64,45.25,54.41,16.36,56.31,63.49,50.79,30.17,6,emergency,>=5_years,low,0,0
V196,bm25,42.23,1,2,172.55,43.4,52.49,17.69,40.33,71.97,47.62,30.31,7,emergency,>=5_years,low,0,0
V196,gdt,41.24,1,2,125.86,37.16,40.33,5.42,35.7,85.44,37.91,18.17,8,emergency,>=5_years,low,0,1
V196,medcpt,38.83,1,2,135.62,34.74,33.33,4.89,32.94,76.1,40.31,20.87,9,emergency,>=5_years,low,0,0
V941,graphcare,98.72,1,5,143.52,47.13,56.75,14.94,51.31,60.89,62.52,36.37,1,critical_care,>=5_years,high,0,0
V941,llm_rag,98.94,1,5,184.0,44.86,61.35,23.3,48.63,57.62,53.96,24.28,2,critical_care,>=5_years,high,0,0
V941,medcpt,97.59,1,5,153.5,48.33,55.72,21.67,58.79,56.89,55.95,40.95,3,critical_care,>=5_years,high,0,0
V941,control,109.86,1,5,190.8,57.54,78.91,26.32,72.75,49.83,73.31,44.1,4,critical_care,>=5_years,high,0,0
V941,sdt,90.6,1,5,114.5,40.92,44.9,14.76,40.14,66.82,53.81,25.07,5,critical_care,>=5_years,high,0,1
V941,colbert,99.13,1,5,155.61,46.08,71.25,13.72,51.0,56.33,54.63,29.58,6,critical_care,>=5_years,high,0,0
V941,gdt,92.76,1,5,127.11,46.25,59.32,17.79,49.27,58.43,61.31,31.36,7,critical_care,>=5_years,high,0,1
V941,cma,103.29,1,5,142.53,48.45,70.68,17.43,51.81,54.63,58.92,37.21,8,critical_care,>=5_years,high,0,1
V941,bm25,110.92,1,5,183.08,59.76,79.9,22.14,81.87,46.92,76.79,50.92,9,critical_care,>=5_years,high,0,0
V913,gdt,57.52,1,3,132.35,37.95,45.54,22.41,30.67,69.1,36.21,23.76,1,emergency,<5_years,low,1,1
V913,medcpt,53.99,1,3,157.7,40.55,41.74,11.99,47.69,72.25,40.38,29.25,2,emergency,<5_years,low,1,0
V913,bm25,70.23,1,3,202.14,49.66,67.16,14.48,63.79,59.1,55.53,37.9,3,emergency,<5_years,low,1,0
V913,sdt,52.18,1,3,109.77,33.39,34.88,9.11,32.01,80.8,31.09,12.44,4,emergency,<5_years,low,1,1
V913,graphcare,57.32,1,3,160.86,37.51,47.88,10.45,31.34,69.17,43.98,22.26,5,emergency,<5_years,low,1,0
V913,control,68.91,1,3,174.22,52.63,66.96,24.04,62.07,64.96,58.11,39.62,6,emergency,<5_years,low,1,0
V913,colbert,60.01,1,3,157.82,40.97,48.89,11.05,48.09,68.61,46.19,22.99,7,emergency,<5_years,low,1,0
V913,cma,66.2,1,3,139.86,43.02,53.85,15.45,45.76,70.56,47.08,25.41,8,emergency,<5_years,low,1,1
V913,llm_rag,53.88,1,3,179.06,40.49,47.3,13.5,33.78,77.97,44.75,25.67,9,emergency,<5_years,low,1,0
V653,llm_rag,161.45,0,3,160.34,55.24,77.08,25.75,76.05,41.09,74.19,37.28,1,hospital_medicine,>=5_years,high,2,0
V653,colbert,62.07,1,3,163.45,41.47,50.18,16.1,35.35,70.99,48.45,27.75,2,hospital_medicine,>=5_years,high,2,0
V653,gdt,54.49,1,3,126.52,39.23,43.47,13.33,39.64,65.92,43.84,29.2,3,hospital_medicine,>=5_years,high,2,1
V653,sdt,57.76,1,3,108.96,34.41,38.56,11.88,40.14,70.35,32.29,13.23,4,hospital_medicine,>=5_years,high,2,1
V653,bm25,80.11,1,3,197.07,54.73,74.0,21.7,65.12,67.83,62.46,37.25,5,hospital_medicine,>=5_years,high,2,0
V653,graphcare,58.14,1,3,154.84,36.18,39.46,8.34,43.84,63.48,41.77,20.19,6,hospital_medicine,>=5_years,high,2,0
V653,control,73.52,1,3,200.91,53.43,70.75,29.93,66.64,60.46,59.31,33.47,7,hospital_medicine,>=5_years,high,2,0
V653,medcpt,58.09,1,3,145.5,42.78,46.56,19.62,50.11,67.88,45.13,27.38,8,hospital_medicine,>=5_years,high,2,0
V653,cma,57.26,1,3,134.68,41.53,44.83,15.05,43.13,78.4,45.43,22.35,9,hospital_medicine,>=5_years,high,2,1
V833,colbert,100.57,1,5,151.46,48.33,62.62,15.92,56.29,61.05,58.58,35.54,1,critical_care,>=5_years,high,4,0
V833,bm25,117.47,1,5,198.81,59.66,81.35,22.3,79.23,47.22,78.73,49.12,2,critical_care,>=5_years,high,4,0
V833,gdt,94.54,1,5,124.74,47.75,61.32,19.3,54.3,61.4,58.44,31.76,3,critical_care,>=5_years,high,4,1
V833,control,111.68,1,5,207.54,58.88,80.53,24.36,78.26,49.86,72.31,47.99,4,critical_care,>=5_years,high,4,0
V833,medcpt,105.9,1,5,143.35,47.95,64.89,15.78,62.22,52.46,60.27,32.07,5,critical_care,>=5_years,high,4,0
V833,llm_rag,98.57,1,5,165.59,47.98,62.79,13.93,57.34,61.57,58.68,33.55,6,critical_care,>=5_years,high,4,0
V833,cma,102.57,1,5,141.09,49.77,59.04,16.62,62.93,62.44,61.73,35.86,7,critical_care,>=5_years,high,4,1
V833,sdt,95.86,1,5,113.82,39.87,51.35,10.66,44.7,62.29,51.23,18.99,8,critical_care,>=5_years,high,4,1
V833,graphcare,99.5,1,5,158.26,49.67,63.24,24.87,55.06,57.26,61.92,35.66,9,critical_care,>=5_years,high,4,0
V994,control,109.67,1,5,193.89,57.86,81.62,19.75,74.8,52.54,75.64,42.84,1,hospital_medicine,<5_years,high,1,0
V994,sdt,89.66,1,5,118.39,42.28,50.31,18.76,39.02,66.84,53.51,25.27,2,hospital_medicine,<5_years,high,1,1
V994,gdt,94.05,1,5,126.5,46.8,62.33,19.07,49.92,67.08,53.05,29.36,3,hospital_medicine,<5_years,high,1,1
V994,medcpt,98.97,1,5,152.05,50.77,69.86,14.6,72.82,56.68,60.19,30.46,4,hospital_medicine,<5_years,high,1,0
V994,graphcare,102.75,1,5,143.12,47.66,57.6,15.61,60.36,57.78,59.23,35.35,5,hospital_medicine,<5_years,high,1,0
V994,cma,104.68,1,5,154.63,48.28,61.27,20.32,56.95,52.56,59.04,39.56,6,hospital_medicine,<5_years,high,1,1
V994,bm25,113.03,1,5,184.22,60.51,86.04,11.37,83.32,45.73,79.2,57.38,7,hospital_medicine,<5_years,high,1,0
V994,colbert,92.9,1,5,155.11,46.29,57.29,12.68,50.36,57.43,60.31,39.65,8,hospital_medicine,<5_years,high,1,0
V994,llm_rag,204.47,0,5,165.19,65.45,98.57,23.27,89.33,41.15,89.93,50.43,9,hospital_medicine,<5_years,high,1,0
V379,gdt,19.9,1,1,127.42,31.33,22.26,9.31,23.51,90.59,27.6,14.73,1,internal_medicine,<5_years,low,0,1
V379,medcpt,22.92,1,1,126.25,29.5,26.1,7.76,24.62,80.62,25.47,12.4,2,internal_medicine,<5_years,low,0,0
V379,cma,19.1,1,1,142.44,31.12,29.31,9.62,24.97,77.8,32.15,12.89,3,internal_medicine,<5_years,low,0,1
V379,sdt,18.01,1,1,108.72,23.56,16.73,8.91,12.3,83.9,14.14,5.36,4,internal_medicine,<5_years,low,0,1
V379,llm_rag,17.93,1,1,160.99,30.57,30.42,5.7,35.04,82.47,19.88,9.92,5,internal_medicine,<5_years,low,0,0
V379,control,20.33,1,1,173.57,36.5,41.28,8.61,42.42,71.61,36.6,18.44,6,internal_medicine,<5_years,low,0,0
V379,graphcare,17.41,1,1,130.02,27.63,16.91,8.04,24.08,81.58,21.36,13.8,7,internal_medicine,<5_years,low,0,0
V379,colbert,18.73,1,1,162.69,31.89,29.53,9.28,29.78,82.32,31.14,9.29,8,internal_medicine,<5_years,low,0,0
V379,bm25,21.48,1,1,208.32,39.78,45.45,16.35,42.75,69.17,35.25,29.7,9,internal_medicine,<5_years,low,0,0
V600,sdt,54.5,1,3,107.55,34.15,36.06,12.77,29.67,74.96,33.48,18.0,1,critical_care,>=5_years,high,2,1
V600,bm25,68.4,1,3,211.09,50.25,62.98,17.05,59.74,64.83,61.03,35.89,2,critical_care,>=5_years,high,2,0
V600,medcpt,58.94,1,3,138.29,42.48,45.24,14.3,47.28,75.3,46.76,25.99,3,critical_care,>=5_years,high,2,0
V600,llm_rag,51.12,1,3,159.85,39.39,47.57,16.47,39.04,68.61,40.65,24.01,4,critical_care,>=5_years,high,2,0
V600,graphcare,58.64,1,3,155.16,37.36,32.79,9.84,39.21,68.84,47.46,26.04,5,critical_care,>=5_years,high,2,0
V600,gdt,55.14,1,3,135.68,36.72,42.35,12.46,38.43,68.5,35.75,22.84,6,critical_care,>=5_years,high,2,1
V600,colbert,57.11,1,3,154.04,38.59,47.64,15.82,35.18,67.33,39.4,26.2,7,critical_care,>=5_years,high,2,0
V600,control,65.44,1,3,190.36,48.46,59.37,15.71,61.24,64.84,55.86,33.74,8,critical_care,>=5_years,high,2,0
V600,cma,61.75,1,3,153.38,40.93,42.74,16.06,47.64,65.61,45.69,27.82,9,critical_care,>=5_years,high,2,1
V671,medcpt,62.9,1,3,144.81,41.83,46.02,9.54,47.49,69.27,50.48,28.16,1,hospital_medicine,>=5_years,high,2,0
V671,cma,62.81,1,3,149.22,39.6,48.08,13.25,43.92,64.59,45.77,22.0,2,hospital_medicine,>=5_years,high,2,1
V671,bm25,73.13,1,3,194.34,49.19,61.29,19.2,58.08,56.05,64.94,35.58,3,hospital_medicine,>=5_years,high,2,0
V671,gdt,52.6,1,3,131.99,36.87,47.83,13.72,28.37,75.4,36.46,19.42,4,hospital_medicine,>=5_years,high,2,1
V671,colbert,144.45,0,3,157.27,56.23,72.51,20.55,68.06,62.29,71.86,42.13,5,hospital_medicine,>=5_years,high,2,0
V671,llm_rag,58.4,1,3,172.51,37.66,46.9,11.08,40.59,71.86,39.61,15.92,6,hospital_medicine,>=5_years,high,2,0
V671,sdt,51.92,1,3,108.13,33.21,34.58,8.82,29.31,80.82,31.32,14.38,7,hospital_medicine,>=5_years,high,2,1
V671,graphcare,63.31,1,3,147.76,39.9,44.56,11.19,42.56,69.8,43.08,28.23,8,hospital_medicine,>=5_years,high,2,0
V671,control,70.6,1,3,171.55,50.87,66.27,19.78,57.42,58.76,66.99,36.0,9,hospital_medicine,>=5_years,high,2,0
V677,bm25,74.12,1,3,192.26,51.24,56.34,20.48,63.11,60.22,65.11,42.16,1,hospital_medicine,<5_years,low,0,0
V677,colbert,61.41,1,3,157.24,43.06,45.85,19.32,50.22,70.98,46.98,25.02,2,hospital_medicine,<5_years,low,0,0
V677,gdt,59.7,1,3,137.38,38.99,48.39,10.85,36.07,71.26,41.2,26.15,3,hospital_medicine,<5_years,low,0,1
V677,medcpt,160.04,0,3,142.35,58.6,87.68,14.97,81.75,44.23,76.04,46.94,4,hospital_medicine,<5_years,low,0,0
V677,graphcare,56.52,1,3,147.45,37.22,40.53,12.5,40.0,69.74,40.66,19.86,5,hospital_medicine,<5_years,low,0,0
V677,sdt,56.44,1,3,105.7,33.24,36.36,12.9,33.24,71.44,34.99,10.5,6,hospital_medicine,<5_years,low,0,1
V677,llm_rag,163.65,0,3,159.58,55.86,78.22,20.24,71.54,42.99,81.61,40.55,7,hospital_medicine,<5_years,low,0,0
V677,cma,63.96,1,3,156.12,44.2,49.75,21.21,43.0,68.05,51.35,31.87,8,hospital_medicine,<5_years,low,0,1
V677,control,68.15,1,3,195.47,49.61,61.05,19.23,58.91,58.71,59.92,39.87,9,hospital_medicine,<5_years,low,0,0
V777,cma,80.91,1,4,136.39,45.62,62.69,10.47,51.7,63.03,55.81,29.99,1,emergency,>=5_years,high,3,1
V777,bm25,84.9,1,4,203.61,53.24,70.38,18.29,67.37,60.33,62.4,40.7,2,emergency,>=5_years,high,3,0
V777,gdt,81.47,1,4,117.43,45.45,49.34,22.15,52.92,65.54,51.62,31.09,3,emergency,>=5_years,high,3,1
V777,graphcare,80.09,1,4,151.48,43.82,52.76,16.12,49.14,65.86,54.62,24.4,4,emergency,>=5_years,high,3,0
V777,sdt,71.95,1,4,101.31,37.77,40.38,14.82,37.49,66.74,49.52,17.64,5,emergency,>=5_years,high,3,1
V777,colbert,78.46,1,4,153.07,42.67,48.25,18.13,45.62,66.79,55.58,21.62,6,emergency,>=5_years,high,3,0
V777,llm_rag,71.58,1,4,157.08,41.83,54.23,22.48,37.17,62.37,50.1,24.61,7,emergency,>=5_years,high,3,0
V777,control,89.09,1,4,195.87,55.22,72.3,25.2,61.8,62.99,65.92,43.13,8,emergency,>=5_years,high,3,0
V777,medcpt,82.86,1,4,140.24,45.18,58.96,20.03,51.44,60.73,52.2,27.74,9,emergency,>=5_years,high,3,0
V110,medcpt,75.66,1,4,143.66,45.28,56.84,17.87,46.72,61.26,56.03,32.94,1,critical_care,>=5_years,high,3,0
V110,cma,77.44,1,4,146.83,47.09,57.62,20.38,56.64,60.22,56.79,30.92,2,critical_care,>=5_years,high,3,1
V110,colbert,73.76,1,4,164.3,41.4,54.33,15.37,40.25,63.09,45.49,29.86,3,critical_care,>=5_years,high,3,0
V110,graphcare,78.42,1,4,154.14,44.75,57.4,18.62,51.13,63.22,51.66,26.47,4,critical_care,>=5_years,high,3,0
V110,control,95.82,1,4,195.17,54.82,72.01,20.64,75.0,54.92,68.17,38.18,5,critical_care,>=5_years,high,3,0
V110,gdt,74.24,1,4,120.28,41.51,48.43,17.78,44.32,64.59,47.87,26.1,6,critical_care,>=5_years,high,3,1
V110,sdt,82.19,1,4,112.89,39.95,42.74,14.99,47.37,66.96,43.98,23.65,7,critical_care,>=5_years,high,3,1
V110,llm_rag,74.24,1,4,164.71,43.42,53.69,20.86,43.13,65.86,52.11,24.91,8,critical_care,>=5_years,high,3,0
V110,bm25,92.92,1,4,182.36,55.4,71.84,24.08,69.67,50.28,69.61,46.91,9,critical_care,>=5_years,high,3,0
V251,cma,77.88,1,4,147.8,42.82,50.13,17.29,50.22,61.81,52.81,24.66,1,hospital_medicine,<5_years,high,2,1
V251,gdt,72.94,1,4,131.43,41.86,48.56,14.21,43.51,65.26,50.64,28.97,2,hospital_medicine,<5_years,high,2,1
V251,medcpt,87.71,1,4,141.31,45.54,58.42,23.03,47.05,57.9,56.5,30.36,3,hospital_medicine,<5_years,high,2,0
V251,graphcare,75.49,1,4,156.95,41.46,50.15,15.58,46.81,60.9,53.74,21.59,4,hospital_medicine,<5_years,high,2,0
V251,control,95.69,1,4,191.24,56.89,74.46,20.38,73.24,55.78,72.62,44.87,5,hospital_medicine,<5_years,high,2,0
V251,sdt,67.83,1,4,107.54,39.92,43.63,12.99,41.99,75.48,42.59,22.82,6,hospital_medicine,<5_years,high,2,1
V251,bm25,93.06,1,4,199.11,52.7,64.01,18.36,68.63,49.07,74.74,41.4,7,hospital_medicine,<5_years,high,2,0
V251,colbert,80.64,1,4,154.51,42.33,52.61,20.74,42.7,54.09,54.45,29.42,8,hospital_medicine,<5_years,high,2,0
V251,llm_rag,84.94,1,4,154.89,45.3,53.84,16.28,47.18,72.98,55.72,25.78,9,hospital_medicine,<5_years,high,2,0
V831,cma,82.5,1,4,139.92,45.5,52.52,13.27,50.43,64.36,52.26,40.16,1,emergency,>=5_years,high,3,1
V831,graphcare,76.58,1,4,152.11,43.99,51.42,18.97,47.99,59.59,54.56,31.41,2,emergency,>=5_years,high,3,0
V831,gdt,81.76,1,4,120.06,45.72,54.55,23.3,44.95,66.17,55.83,29.55,3,emergency,>=5_years,high,3,1
V831,bm25,97.23,1,4,191.62,53.38,73.99,22.61,59.55,53.73,68.84,41.54,4,emergency,>=5_years,high,3,0
V831,llm_rag,184.51,0,4,162.84,61.48,84.93,22.42,80.44,42.87,86.25,51.98,5,emergency,>=5_years,high,3,0
V831,control,89.16,1,4,181.34,53.24,69.06,17.53,68.35,62.08,63.82,38.61,6,emergency,>=5_years,high,3,0
V831,sdt,71.61,1,4,107.09,36.27,34.06,15.84,41.12,72.36,37.76,16.48,7,emergency,>=5_years,high,3,1
V831,colbert,79.45,1,4,162.9,43.53,49.97,13.29,51.47,61.25,58.15,27.04,8,emergency,>=5_years,high,3,0
V831,medcpt,79.78,1,4,129.51,44.69,55.2,14.88,51.8,68.26,55.99,22.02,9,emergency,>=5_years,high,3,0
V731,sdt,19.03,1,1,110.17,26.28,25.97,7.49,10.23,85.56,19.71,8.74,1,emergency,>=5_years,low,0,1
V731,gdt,15.78,1,1,117.09,27.56,30.59,7.25,19.74,81.51,12.39,13.88,2,emergency,>=5_years,low,0,1
V731,medcpt,24.46,1,1,130.63,32.11,31.51,16.7,24.75,75.55,33.38,10.78,3,emergency,>=5_years,low,0,0
V731,bm25,24.04,1,1,176.82,40.29,42.57,15.35,33.01,77.31,45.47,28.05,4,emergency,>=5_years,low,0,0
V731,cma,19.66,1,1,128.62,33.26,34.51,7.71,31.95,77.44,29.89,18.03,5,emergency,>=5_years,low,0,1
V731,llm_rag,18.02,1,1,170.18,29.11,29.95,2.51,21.75,79.41,30.32,10.73,6,emergency,>=5_years,low,0,0
V731,control,22.99,1,1,171.73,42.11,46.86,13.1,47.14,81.48,37.77,26.34,7,emergency,>=5_years,low,0,0
V731,graphcare,20.61,1,1,157.21,28.77,25.89,5.37,21.35,81.51,24.36,14.17,8,emergency,>=5_years,low,0,0
V731,colbert,21.0,1,1,169.66,34.11,29.53,14.19,32.81,88.39,21.68,18.07,9,emergency,>=5_years,low,0,0
V503,gdt,18.92,1,1,143.38,29.77,22.82,11.08,23.14,78.4,27.13,16.05,1,internal_medicine,>=5_years,low,0,1
V503,sdt,17.81,1,1,121.76,27.39,21.67,12.6,15.18,87.53,16.24,11.14,2,internal_medicine,>=5_years,low,0,1
V503,medcpt,19.14,1,1,133.71,29.95,19.63,11.0,27.1,76.82,35.42,9.73,3,internal_medicine,>=5_years,low,0,0
V503,cma,16.83,1,1,145.14,30.99,23.57,11.45,27.5,77.55,26.93,18.91,4,internal_medicine,>=5_years,low,0,1
V503,colbert,22.55,1,1,136.91,31.95,29.43,8.67,27.64,80.15,30.95,14.86,5,internal_medicine,>=5_years,low,0,0
V503,bm25,22.89,1,1,188.37,38.47,44.45,7.35,45.31,72.05,42.09,19.55,6,internal_medicine,>=5_years,low,0,0
V503,graphcare,18.55,1,1,140.97,30.8,21.87,4.67,30.73,84.23,26.76,16.54,7,internal_medicine,>=5_years,low,0,0
V503,control,25.77,1,1,212.14,40.94,51.27,11.53,37.88,76.77,42.39,25.83,8,internal_medicine,>=5_years,low,0,0
V503,llm_rag,17.94,1,1,159.48,30.85,30.32,7.07,27.51,80.71,24.22,15.25,9,internal_medicine,>=5_years,low,0,0
V658,bm25,70.12,1,3,173.95,49.81,62.21,21.17,58.31,56.54,63.01,37.65,1,emergency,<5_years,high,2,0
V658,graphcare,58.32,1,3,146.44,37.68,39.82,5.33,46.93,76.68,39.62,17.73,2,emergency,<5_years,high,2,0
V658,gdt,57.4,1,3,119.9,39.35,47.26,8.91,44.58,73.75,43.33,18.3,3,emergency,<5_years,high,2,1
V658,cma,60.44,1,3,148.73,41.33,49.93,13.37,41.01,71.14,41.33,31.22,4,emergency,<5_years,high,2,1
V658,medcpt,59.19,1,3,131.09,39.2,50.32,13.09,42.14,68.52,44.82,16.33,5,emergency,<5_years,high,2,0
V658,sdt,54.42,1,3,111.41,33.81,34.17,12.09,26.73,76.1,39.96,13.83,6,emergency,<5_years,high,2,1
V658,control,69.35,1,3,187.2,50.71,60.05,11.09,64.48,62.28,62.61,43.78,7,emergency,<5_years,high,2,0
V658,colbert,63.8,1,3,155.8,36.52,42.26,5.1,44.45,66.22,42.0,19.1,8,emergency,<5_years,high,2,0
V658,llm_rag,54.22,1,3,156.66,36.51,44.66,3.55,35.01,73.58,39.23,23.05,9,emergency,<5_years,high,2,0
V062,llm_rag,21.19,1,1,161.07,32.57,25.53,11.51,30.81,82.69,29.67,15.21,1,hospital_medicine,<5_years,low,0,0
V062,cma,16.39,1,1,129.1,31.92,28.33,7.45,26.16,85.47,26.86,17.25,2,hospital_medicine,<5_years,low,0,1
V062,medcpt,22.56,1,1,130.04,33.58,33.54,17.27,18.91,86.67,31.11,13.97,3,hospital_medicine,<5_years,low,0,0
V062,bm25,27.27,1,1,180.75,44.55,55.0,15.38,44.5,68.96,47.85,35.63,4,hospital_medicine,<5_years,low,0,0
V062,graphcare,21.49,1,1,159.51,30.82,28.71,4.49,25.24,83.07,20.4,22.99,5,hospital_medicine,<5_years,low,0,0
V062,sdt,16.35,1,1,114.77,23.66,12.28,7.84,8.03,87.46,20.51,5.85,6,hospital_medicine,<5_years,low,0,1
V062,control,20.84,1,1,187.62,40.67,42.02,14.9,41.66,74.0,43.29,28.13,7,hospital_medicine,<5_years,low,0,0
V062,gdt,17.86,1,1,128.58,29.21,24.92,10.54,23.51,82.79,23.98,9.49,8,hospital_medicine,<5_years,low,0,1
V062,colbert,18.44,1,1,156.18,29.22,32.77,13.93,23.2,75.91,19.86,9.68,9,hospital_medicine,<5_years,low,0,0
V246,sdt,51.29,1,3,106.51,33.31,35.67,14.32,33.79,69.68,34.41,11.96,1,hospital_medicine,>=5_years,low,1,1
V246,gdt,60.36,1,3,129.56,35.32,37.94,9.35,33.61,73.74,45.76,11.55,2,hospital_medicine,>=5_years,low,1,1
V246,medcpt,61.21,1,3,125.29,35.91,43.71,10.48,40.41,54.98,36.94,28.91,3,hospital_medicine,>=5_years,low,1,0
V246,llm_rag,148.13,0,3,164.58,53.3,78.43,13.66,67.54,52.84,65.84,41.5,4,hospital_medicine,>=5_years,low,1,0
V246,cma,65.35,1,3,138.43,38.06,49.42,3.37,40.5,62.66,47.48,24.94,5,hospital_medicine,>=5_years,low,1,1
V246,colbert,57.53,1,3,157.45,37.62,46.41,12.68,34.75,66.95,42.82,22.11,6,hospital_medicine,>=5_years,low,1,0
V246,control,76.27,1,3,194.8,53.2,72.29,20.76,61.52,63.27,64.57,36.76,7,hospital_medicine,>=5_years,low,1,0
V246,graphcare,57.45,1,3,146.99,35.41,38.64,8.21,35.53,69.09,35.36,25.66,8,hospital_medicine,>=5_years,low,1,0
V246,bm25,64.38,1,3,181.44,49.74,63.71,22.29,59.1,61.53,56.64,35.16,9,hospital_medicine,>=5_years,low,1,0
V093,colbert,39.26,1,2,171.8,33.84,36.76,8.2,33.89,76.94,26.9,20.35,1,critical_care,<5_years,low,1,0
V093,llm_rag,40.2,1,2,166.36,38.41,39.82,16.38,39.99,75.64,37.73,20.89,2,critical_care,<5_years,low,1,0
V093,control,43.95,1,2,189.91,43.44,47.09,19.68,50.98,59.82,54.73,28.34,3,critical_care,<5_years,low,1,0
V093,graphcare,36.01,1,2,156.84,34.97,37.66,18.13,31.73,76.65,27.63,18.03,4,critical_care,<5_years,low,1,0
V093,bm25,49.29,1,2,199.36,43.73,47.96,17.65,53.72,64.92,47.23,30.9,5,critical_care,<5_years,low,1,0
V093,cma,42.54,1,2,154.49,38.16,48.26,19.51,33.98,74.17,34.62,18.4,6,critical_care,<5_years,low,1,1
V093,gdt,38.05,1,2,121.14,35.26,34.95,14.42,35.2,84.16,30.85,12.01,7,critical_care,<5_years,low,1,1
V093,sdt,34.0,1,2,120.23,28.93,28.09,6.0,23.19,82.74,22.68,10.87,8,critical_care,<5_years,low,1,1
V093,medcpt,40.93,1,2,127.18,34.13,37.23,4.25,31.62,72.39,35.6,23.69,9,critical_care,<5_years,low,1,0
V090,sdt,21.34,1,1,102.38,24.88,17.89,11.1,15.76,80.1,21.3,3.14,1,critical_care,<5_years,low,0,1
V090,llm_rag,18.4,1,1,156.44,24.31,16.36,0.0,18.63,83.33,16.4,11.14,2,critical_care,<5_years,low,0,0
V090,gdt,16.2,1,1,144.8,29.11,27.23,4.95,27.85,86.0,16.95,11.67,3,critical_care,<5_years,low,0,1
V090,control,19.46,1,1,197.89,39.99,44.28,9.19,40.9,72.6,41.22,31.75,4,critical_care,<5_years,low,0,0
V090,cma,17.95,1,1,106.59,33.0,24.95,13.81,27.52,83.0,33.52,15.21,5,critical_care,<5_years,low,0,1
V090,graphcare,21.5,1,1,168.4,30.53,29.26,7.52,22.22,79.68,28.33,16.16,6,critical_care,<5_years,low,0,0
V090,colbert,20.1,1,1,164.58,30.78,27.15,12.46,25.43,76.55,30.21,12.89,7,critical_care,<5_years,low,0,0
V090,medcpt,17.9,1,1,133.51,30.79,26.82,8.6,24.68,82.31,28.03,14.28,8,critical_care,<5_years,low,0,0
V090,bm25,24.53,1,1,174.04,37.27,39.25,3.67,47.22,76.44,41.18,15.89,9,critical_care,<5_years,low,0,0
V732,bm25,51.87,1,2,209.68,46.23,61.36,13.98,46.22,67.08,56.53,32.22,1,internal_medicine,>=5_years,low,1,0
V732,sdt,31.56,1,2,102.5,29.63,24.26,11.31,24.77,84.0,24.38,9.07,2,internal_medicine,>=5_years,low,1,1
V732,graphcare,36.13,1,2,153.73,33.93,40.37,11.61,28.95,76.83,29.34,16.45,3,internal_medicine,>=5_years,low,1,0
V732,colbert,129.13,0,2,172.66,50.31,67.65,15.3,61.06,58.43,62.93,36.47,4,internal_medicine,>=5_years,low,1,0
V732,llm_rag,42.95,1,2,191.64,35.8,35.98,13.45,29.41,76.38,38.26,21.29,5,internal_medicine,>=5_years,low,1,0
V732,gdt,39.65,1,2,128.55,32.49,30.17,9.7,31.97,70.82,36.48,15.78,6,internal_medicine,>=5_years,low,1,1
V732,cma,39.16,1,2,134.25,34.31,36.79,12.71,37.33,66.36,35.76,16.93,7,internal_medicine,>=5_years,low,1,1
V732,medcpt,37.77,1,2,117.68,34.74,38.85,10.94,32.17,66.85,34.91,24.75,8,internal_medicine,>=5_years,low,1,0
V732,control,51.17,1,2,175.12,47.24,55.57,16.68,52.96,67.43,57.01,33.78,9,internal_medicine,>=5_years,low,1,0
V417,colbert,19.57,1,1,132.61,28.43,25.39,7.51,21.69,81.72,27.43,6.84,1,critical_care,<5_years,low,0,0
V417,llm_rag,18.29,1,1,196.17,27.82,23.1,10.55,25.07,78.02,23.83,6.36,2,critical_care,<5_years,low,0,0
V417,gdt,16.86,1,1,133.26,29.86,26.63,9.47,23.56,81.42,24.55,13.54,3,critical_care,<5_years,low,0,1
V417,control,20.98,1,1,183.81,36.36,44.34,13.08,35.8,69.89,39.26,15.8,4,critical_care,<5_years,low,0,0
V417,cma,22.17,1,1,145.2,31.95,29.97,5.36,25.97,85.6,24.49,20.28,5,critical_care,<5_years,low,0,1
V417,graphcare,23.5,1,1,156.42,34.06,30.55,12.24,28.98,84.77,22.19,25.61,6,critical_care,<5_years,low,0,0
V417,sdt,16.47,1,1,109.14,25.77,28.49,13.4,8.06,81.81,14.83,8.01,7,critical_care,<5_years,low,0,1
V417,bm25,125.42,0,1,219.79,55.21,77.28,21.0,67.76,51.23,70.11,43.89,8,critical_care,<5_years,low,0,0
V417,medcpt,20.17,1,1,141.16,30.87,29.06,8.67,21.81,80.23,29.1,16.36,9,critical_care,<5_years,low,0,0
V067,gdt,37.42,1,2,123.26,31.09,32.33,10.53,27.0,70.97,25.98,19.72,1,internal_medicine,>=5_years,low,1,1
V067,llm_rag,38.1,1,2,149.96,34.21,31.36,17.15,29.24,76.42,35.75,15.34,2,internal_medicine,>=5_years,low,1,0
V067,sdt,36.45,1,2,101.72,27.44,25.41,8.09,21.28,76.7,22.46,10.68,3,internal_medicine,>=5_years,low,1,1
V067,graphcare,39.14,1,2,154.74,32.11,24.18,10.52,31.59,77.63,35.6,13.15,4,internal_medicine,>=5_years,low,1,0
V067,medcpt,36.58,1,2,151.54,34.33,31.67,15.69,31.61,73.18,38.05,15.76,5,internal_medicine,>=5_years,low,1,0
V067,bm25,44.66,1,2,210.68,43.16,49.33,10.64,51.43,67.87,51.72,27.95,6,internal_medicine,>=5_years,low,1,0
V067,control,44.97,1,2,196.04,42.86,56.79,0.0,48.49,62.99,50.29,38.64,7,internal_medicine,>=5_years,low,1,0
V067,colbert,42.91,1,2,169.21,31.51,34.11,3.85,22.9,76.96,30.25,20.99,8,internal_medicine,>=5_years,low,1,0
V067,cma,36.87,1,2,152.07,35.23,33.8,9.83,35.91,72.81,39.88,19.18,9,internal_medicine,>=5_years,low,1,1
V032,gdt,73.93,1,4,126.76,42.01,56.31,13.84,44.81,67.37,46.67,23.05,1,critical_care,>=5_years,high,2,1
V032,medcpt,78.65,1,4,150.32,45.03,63.26,14.36,57.21,57.66,56.25,21.43,2,critical_care,>=5_years,high,2,0
V032,sdt,78.74,1,4,118.09,40.42,50.71,15.67,40.89,73.74,42.51,19.01,3,critical_care,>=5_years,high,2,1
V032,colbert,79.98,1,4,156.77,43.57,57.61,13.53,47.9,58.85,46.6,36.91,4,critical_care,>=5_years,high,2,0
V032,cma,86.47,1,4,145.28,46.9,56.23,20.44,55.71,59.04,59.85,30.12,5,critical_care,>=5_years,high,2,1
V032,bm25,100.92,1,4,184.82,57.03,81.1,25.31,69.04,50.76,73.17,42.78,6,critical_care,>=5_years,high,2,0
V032,graphcare,81.46,1,4,150.82,44.57,59.23,18.58,50.92,66.36,51.92,20.43,7,critical_care,>=5_years,high,2,0
V032,llm_rag,77.48,1,4,154.03,41.85,47.97,9.41,47.15,62.14,48.79,35.64,8,critical_care,>=5_years,high,2,0
V032,control,98.03,1,4,189.01,59.32,78.63,33.04,71.54,51.37,77.5,43.83,9,critical_care,>=5_years,high,2,0
V706,graphcare,102.77,1,5,141.84,45.09,51.92,20.33,49.57,55.31,68.13,25.28,1,emergency,<5_years,high,4,0
V706,gdt,101.92,1,5,127.05,48.93,68.4,20.12,62.81,55.3,52.11,34.86,2,emergency,<5_years,high,4,1
V706,sdt,88.91,1,5,114.27,41.8,50.36,7.77,54.07,64.69,48.13,25.76,3,emergency,<5_years,high,4,1
V706,llm_rag,99.04,1,5,150.34,48.84,63.34,24.46,62.2,60.45,50.43,32.17,4,emergency,<5_years,high,4,0
V706,bm25,116.15,1,5,190.38,57.5,79.47,26.74,79.84,41.81,75.29,41.83,5,emergency,<5_years,high,4,0
V706,medcpt,97.08,1,5,146.42,50.17,71.23,22.16,59.64,54.45,61.72,31.8,6,emergency,<5_years,high,4,0
V706,cma,97.5,1,5,147.41,51.03,71.63,21.85,52.61,58.87,65.55,35.64,7,emergency,<5_years,high,4,1
V706,colbert,96.45,1,5,153.35,49.72,56.09,23.75,64.65,60.8,59.37,33.67,8,emergency,<5_years,high,4,0
V706,control,118.03,1,5,186.47,63.32,89.96,31.84,81.6,45.77,78.79,51.99,9,emergency,<5_years,high,4,0
V066,colbert,60.82,1,3,138.55,41.75,46.96,15.73,49.23,70.87,46.05,21.67,1,emergency,<5_years,high,2,0
V066,control,68.59,1,3,197.27,48.59,57.66,15.24,53.67,60.88,68.18,35.9,2,emergency,<5_years,high,2,0
V066,graphcare,52.95,1,3,147.16,35.39,37.54,13.45,32.85,71.96,38.07,18.48,3,emergency,<5_years,high,2,0
V066,medcpt,59.19,1,3,147.6,40.64,43.91,16.28,40.21,73.29,43.28,26.88,4,emergency,<5_years,high,2,0
V066,cma,59.79,1,3,147.94,40.21,48.32,8.93,47.26,70.01,44.13,22.62,5,emergency,<5_years,high,2,1
V066,llm_rag,58.38,1,3,167.99,38.45,40.13,9.75,40.17,70.83,39.46,30.38,6,emergency,<5_years,high,2,0
V066,sdt,53.58,1,3,120.86,31.4,38.72,5.07,25.46,78.1,24.02,17.0,7,emergency,<5_years,high,2,1
V066,bm25,63.76,1,3,200.48,47.52,62.22,12.01,56.19,59.8,60.08,34.79,8,emergency,<5_years,high,2,0
V066,gdt,58.67,1,3,138.45,39.23,48.81,10.82,40.1,72.52,39.4,23.73,9,emergency,<5_years,high,2,1
V631,sdt,40.5,1,2,112.01,30.09,34.46,2.95,28.75,74.46,26.83,13.09,1,hospital_medicine,<5_years,low,0,1
V631,cma,37.78,1,2,146.58,37.36,42.85,9.9,37.3,77.37,34.17,22.57,2,hospital_medicine,<5_years,low,0,1
V631,llm_rag,38.97,1,2,166.46,32.09,30.99,6.69,34.33,76.16,31.7,12.68,3,hospital_medicine,<5_years,low,0,0
V631,graphcare,35.62,1,2,154.95,34.39,33.45,13.0,27.6,71.67,41.43,19.21,4,hospital_medicine,<5_years,low,0,0
V631,bm25,49.63,1,2,198.72,44.79,57.66,11.49,52.44,67.75,50.12,29.27,5,hospital_medicine,<5_years,low,0,0
V631,colbert,43.58,1,2,150.13,39.07,43.02,9.11,41.11,74.41,44.3,22.48,6,hospital_medicine,<5_years,low,0,0
V631,medcpt,41.63,1,2,138.81,35.12,40.48,13.56,33.33,71.24,42.38,9.72,7,hospital_medicine,<5_years,low,0,0
V631,gdt,37.13,1,2,134.67,27.71,29.32,8.73,27.62,64.58,24.35,11.7,8,hospital_medicine,<5_years,low,0,1
V631,control,48.91,1,2,159.57,44.72,51.04,10.67,47.78,71.6,55.46,31.78,9,hospital_medicine,<5_years,low,0,0
V188,cma,35.43,1,2,146.4,36.48,38.87,21.41,37.42,68.27,32.92,19.97,1,emergency,>=5_years,low,0,1
V188,bm25,51.7,1,2,170.56,46.74,55.05,14.5,57.2,66.7,46.7,40.31,2,emergency,>=5_years,low,0,0
V188,gdt,39.12,1,2,125.16,34.02,34.57,10.91,30.04,78.12,31.76,18.71,3,emergency,>=5_years,low,0,1
V188,graphcare,40.78,1,2,154.38,32.49,32.99,11.67,31.1,75.08,29.79,14.31,4,emergency,>=5_years,low,0,0
V188,colbert,38.59,1,2,160.4,33.88,37.35,13.93,30.08,74.66,31.97,15.27,5,emergency,>=5_years,low,0,0
V188,llm_rag,39.43,1,2,168.72,33.13,35.43,6.48,35.53,70.59,38.3,12.43,6,emergency,>=5_years,low,0,0
V188,control,50.68,1,2,167.55,43.49,52.67,10.84,54.27,66.05,49.89,27.21,7,emergency,>=5_years,low,0,0
V188,sdt,33.26,1,2,105.92,24.84,21.74,2.8,18.41,76.48,23.74,5.86,8,emergency,>=5_years,low,0,1
V188,medcpt,42.14,1,2,143.09,32.43,38.97,4.02,24.27,71.83,39.87,15.66,9,emergency,>=5_years,low,0,0
V174,cma,59.45,1,3,164.48,41.16,43.01,11.1,45.25,78.23,48.32,21.06,1,emergency,<5_years,high,2,1
V174,sdt,55.65,1,3,118.04,34.32,37.04,6.14,32.85,81.55,32.47,15.9,2,emergency,<5_years,high,2,1
V174,colbert,58.58,1,3,152.7,39.61,54.18,11.09,44.06,70.33,33.1,24.89,3,emergency,<5_years,high,2,0
V174,graphcare,62.52,1,3,147.79,39.48,47.9,14.0,40.92,66.83,46.55,20.67,4,emergency,<5_years,high,2,0
V174,medcpt,53.71,1,3,150.85,38.24,49.49,5.11,36.83,72.09,41.96,23.94,5,emergency,<5_years,high,2,0
V174,gdt,62.95,1,3,123.95,38.62,44.35,12.85,41.37,68.99,39.63,24.5,6,emergency,<5_years,high,2,1
V174,control,65.25,1,3,199.58,49.94,65.54,17.39,63.12,62.75,61.4,29.43,7,emergency,<5_years,high,2,0
V174,bm25,177.3,0,3,191.49,67.28,91.73,25.28,96.92,38.33,96.14,55.32,8,emergency,<5_years,high,2,0
V174,llm_rag,58.93,1,3,161.31,39.56,44.66,12.16,37.6,69.93,48.71,24.32,9,emergency,<5_years,high,2,0
V366,control,69.36,1,3,205.78,50.07,63.25,23.13,59.99,59.39,56.7,37.94,1,hospital_medicine,>=5_years,high,2,0
V366,colbert,60.38,1,3,163.32,37.15,47.33,11.06,32.63,62.87,48.23,20.77,2,hospital_medicine,>=5_years,high,2,0
V366,cma,59.06,1,3,145.08,42.44,46.3,20.83,42.95,78.86,44.82,20.86,3,hospital_medicine,>=5_years,high,2,1
V366,medcpt,59.11,1,3,141.21,38.6,42.15,9.36,38.87,69.48,45.99,25.73,4,hospital_medicine,>=5_years,high,2,0
V366,graphcare,55.78,1,3,164.15,37.04,37.81,9.83,41.18,74.78,37.84,20.78,5,hospital_medicine,>=5_years,high,2,0
V366,llm_rag,60.48,1,3,174.35,39.23,47.4,11.49,39.5,71.14,39.5,26.32,6,hospital_medicine,>=5_years,high,2,0
V366,sdt,52.12,1,3,106.51,32.69,31.31,7.89,25.24,73.16,37.91,20.65,7,hospital_medicine,>=5_years,high,2,1
V366,gdt,63.34,1,3,121.17,38.15,43.38,12.5,36.92,71.05,44.88,20.16,8,hospital_medicine,>=5_years,high,2,1
V366,bm25,70.21,1,3,206.92,50.47,64.67,19.76,55.07,63.53,63.34,36.46,9,hospital_medicine,>=5_years,high,2,0
V943,medcpt,300.0,0,4,129.32,68.33,100.0,32.76,100.0,9.29,100.0,67.93,1,emergency,>=5_years,high,0,0
V943,gdt,74.46,1,4,137.88,40.08,52.18,18.6,44.4,60.41,42.41,22.46,2,emergency,>=5_years,high,0,1
V943,graphcare,194.87,0,4,159.9,64.38,91.15,30.61,87.83,46.26,87.33,43.08,3,emergency,>=5_years,high,0,0
V943,colbert,195.95,0,4,139.15,64.66,93.75,21.9,88.71,37.26,90.37,55.98,4,emergency,>=5_years,high,0,0
V943,llm_rag,300.0,0,4,169.75,70.86,100.0,38.14,100.0,16.09,100.0,70.92,5,emergency,>=5_years,high,0,0
V943,sdt,70.63,1,4,125.97,35.28,42.76,0.0,37.65,64.91,47.56,18.79,6,emergency,>=5_years,high,0,1
V943,control,189.65,0,4,180.33,67.48,100.0,28.98,96.62,30.49,96.64,52.15,7,emergency,>=5_years,high,0,0
V943,bm25,208.79,0,4,192.89,70.14,100.0,28.05,99.91,27.11,100.0,65.79,8,emergency,>=5_years,high,0,0
V943,cma,190.08,0,4,155.46,63.48,87.37,30.16,83.06,41.71,85.34,53.23,9,emergency,>=5_years,high,0,1
V231,sdt,19.15,1,1,107.55,23.3,18.04,5.04,13.5,84.48,17.36,1.37,1,critical_care,<5_years,low,0,1
V231,cma,19.83,1,1,137.64,29.07,26.71,8.34,23.15,76.85,29.63,9.74,2,critical_care,<5_years,low,0,1
V231,medcpt,17.33,1,1,143.07,31.94,29.29,12.8,26.3,80.5,27.05,15.7,3,critical_care,<5_years,low,0,0
V231,bm25,23.38,1,1,229.79,39.17,39.73,12.79,47.2,63.49,43.43,28.39,4,critical_care,<5_years,low,0,0
V231,control,25.02,1,1,186.87,36.92,37.91,6.75,39.38,75.38,42.41,19.7,5,critical_care,<5_years,low,0,0
V231,colbert,20.07,1,1,133.93,33.3,32.86,7.7,32.87,80.58,29.07,16.74,6,critical_care,<5_years,low,0,0
V231,llm_rag,17.59,1,1,163.95,32.93,32.56,16.27,25.47,84.92,26.48,11.87,7,critical_care,<5_years,low,0,0
V231,graphcare,17.02,1,1,129.76,31.37,36.38,14.12,22.59,81.63,24.3,9.21,8,critical_care,<5_years,low,0,0
V231,gdt,18.8,1,1,129.62,28.53,27.3,5.54,23.21,86.74,19.72,8.65,9,critical_care,<5_years,low,0,1
V070,medcpt,36.61,1,2,129.66,33.33,34.07,9.19,29.06,79.48,30.78,17.42,1,hospital_medicine,>=5_years,low,1,0
V070,gdt,39.15,1,2,112.0,34.88,29.42,8.2,43.74,82.12,25.34,20.45,2,hospital_medicine,>=5_years,low,1,1
V070,sdt,33.18,1,2,102.5,30.17,27.06,10.81,24.68,83.38,23.46,11.63,3,hospital_medicine,>=5_years,low,1,1
V070,graphcare,40.01,1,2,153.7,34.27,36.48,12.3,31.71,72.25,39.31,13.54,4,hospital_medicine,>=5_years,low,1,0
V070,llm_rag,134.9,0,2,159.07,47.46,64.58,16.23,54.01,49.11,65.6,35.22,5,hospital_medicine,>=5_years,low,1,0
V070,bm25,48.4,1,2,170.49,43.23,53.04,14.26,48.59,61.95,53.06,28.46,6,hospital_medicine,>=5_years,low,1,0
V070,cma,43.98,1,2,153.47,38.79,42.2,16.34,37.01,74.8,45.23,17.18,7,hospital_medicine,>=5_years,low,1,1
V070,control,44.05,1,2,177.34,42.45,56.38,13.0,52.0,62.63,42.0,28.71,8,hospital_medicine,>=5_years,low,1,0
V070,colbert,39.82,1,2,149.98,31.73,36.86,5.36,33.41,75.17,26.07,13.51,9,hospital_medicine,>=5_years,low,1,0
V986,llm_rag,53.47,1,3,162.53,38.71,36.76,9.5,47.62,79.58,39.52,19.27,1,internal_medicine,<5_years,low,0,0
V986,control,76.65,1,3,178.84,47.58,64.25,9.63,56.73,56.31,65.65,32.91,2,internal_medicine,<5_years,low,0,0
V986,medcpt,65.3,1,3,131.7,38.56,45.86,11.71,39.82,73.98,39.62,20.36,3,internal_medicine,<5_years,low,0,0
V986,bm25,73.59,1,3,198.23,49.7,65.65,18.68,60.99,56.72,57.94,38.23,4,internal_medicine,<5_years,low,0,0
V986,graphcare,53.5,1,3,151.69,38.27,38.51,14.8,37.11,77.81,38.31,23.1,5,internal_medicine,<5_years,low,0,0
V986,gdt,60.89,1,3,134.04,39.2,49.48,9.98,38.22,67.8,43.31,26.43,6,internal_medicine,<5_years,low,0,1
V986,sdt,53.94,1,3,107.18,33.61,35.09,10.61,32.16,70.15,31.84,21.79,7,internal_medicine,<5_years,low,0,1
V986,cma,58.31,1,3,133.74,41.06,47.11,18.79,46.26,65.13,44.89,24.18,8,internal_medicine,<5_years,low,0,1
V986,colbert,53.53,1,3,156.12,38.47,47.12,8.68,40.29,67.02,41.16,26.55,9,internal_medicine,<5_years,low,0,0
V139,sdt,77.28,1,4,117.47,40.28,38.95,16.89,32.87,72.74,45.84,34.41,1,internal_medicine,<5_years,high,3,1
V139,llm_rag,174.16,0,4,154.38,60.48,87.36,27.03,75.42,45.26,79.21,48.6,2,internal_medicine,<5_years,high,3,0
V139,gdt,79.08,1,4,140.08,43.67,52.26,13.53,47.65,65.05,56.98,26.56,3,internal_medicine,<5_years,high,3,1
V139,cma,84.44,1,4,130.87,45.67,55.05,13.53,58.83,61.75,52.89,31.94,4,internal_medicine,<5_years,high,3,1
V139,control,92.61,1,4,184.3,54.12,79.55,20.75,63.34,54.09,66.03,40.93,5,internal_medicine,<5_years,high,3,0
V139,bm25,96.89,1,4,183.4,55.02,76.6,20.55,72.9,52.75,66.96,40.34,6,internal_medicine,<5_years,high,3,0
V139,graphcare,81.47,1,4,147.06,45.89,50.37,21.55,50.91,66.62,55.77,30.14,7,internal_medicine,<5_years,high,3,0
V139,medcpt,76.1,1,4,138.84,43.44,54.88,14.42,51.66,67.09,52.23,20.34,8,internal_medicine,<5_years,high,3,0
V139,colbert,80.99,1,4,165.96,44.68,55.87,18.86,51.75,64.34,46.23,31.01,9,internal_medicine,<5_years,high,3,0
V075,bm25,20.71,1,1,170.13,40.54,40.56,12.25,42.46,80.16,41.48,26.36,1,emergency,<5_years,low,0,0
V075,control,20.69,1,1,210.14,39.25,39.45,8.62,38.01,79.62,39.87,29.93,2,emergency,<5_years,low,0,0
V075,llm_rag,16.72,1,1,156.63,31.38,28.41,13.25,16.11,87.41,26.4,16.7,3,emergency,<5_years,low,0,0
V075,medcpt,19.1,1,1,160.88,31.09,24.73,9.9,29.89,83.39,26.95,11.66,4,emergency,<5_years,low,0,0
V075,gdt,18.04,1,1,138.27,29.1,25.07,8.8,21.26,87.37,21.04,11.06,5,emergency,<5_years,low,0,1
V075,graphcare,17.88,1,1,158.3,30.57,32.4,5.11,26.18,84.28,25.76,9.71,6,emergency,<5_years,low,0,0
V075,colbert,19.54,1,1,151.62,29.45,34.37,6.94,17.7,78.02,32.12,7.57,7,emergency,<5_years,low,0,0
V075,cma,20.88,1,1,132.57,29.71,28.69,0.0,25.67,76.81,28.78,18.32,8,emergency,<5_years,low,0,1
V075,sdt,17.79,1,1,120.41,24.14,19.85,4.16,17.51,79.35,22.73,1.25,9,emergency,<5_years,low,0,1
V245,colbert,57.7,1,3,152.64,41.66,48.81,11.7,45.55,75.46,41.58,26.83,1,hospital_medicine,>=5_years,high,2,0
V245,medcpt,62.93,1,3,137.79,40.72,47.56,15.27,40.77,69.25,45.77,25.66,2,hospital_medicine,>=5_years,high,2,0
V245,llm_rag,60.25,1,3,168.21,38.8,40.76,11.58,41.56,76.46,40.74,21.73,3,hospital_medicine,>=5_years,high,2,0
V245,control,64.11,1,3,184.29,46.2,64.3,13.21,54.03,64.7,51.95,29.04,4,hospital_medicine,>=5_years,high,2,0
V245,gdt,52.24,1,3,126.92,32.05,30.96,4.79,31.0,69.93,37.69,17.96,5,hospital_medicine,>=5_years,high,2,1
V245,sdt,51.53,1,3,124.18,34.37,39.59,14.32,36.78,71.71,32.26,11.55,6,hospital_medicine,>=5_years,high,2,1
V245,graphcare,61.41,1,3,143.47,39.6,43.8,8.54,42.68,68.83,48.84,24.9,7,hospital_medicine,>=5_years,high,2,0
V245,bm25,73.73,1,3,187.79,49.71,58.89,14.61,61.41,61.82,63.68,37.84,8,hospital_medicine,>=5_years,high,2,0
V245,cma,56.46,1,3,144.77,41.31,48.49,13.69,46.12,75.12,41.28,23.18,9,hospital_medicine,>=5_years,high,2,1
V046,graphcare,54.53,1,3,163.61,36.6,40.89,10.41,35.04,72.74,34.57,25.95,1,critical_care,>=5_years,high,2,0
V046,gdt,59.91,1,3,134.37,37.09,46.64,13.78,33.58,68.34,42.31,17.91,2,critical_care,>=5_years,high,2,1
V046,llm_rag,53.92,1,3,163.43,36.18,32.38,8.94,45.18,72.96,31.9,25.75,3,critical_care,>=5_years,high,2,0
V046,bm25,71.9,1,3,176.78,47.87,59.34,18.97,52.32,60.21,55.79,40.56,4,critical_care,>=5_years,high,2,0
V046,control,64.56,1,3,211.92,46.8,62.83,12.54,52.38,68.36,54.59,30.11,5,critical_care,>=5_years,high,2,0
V046,colbert,57.86,1,3,170.79,35.99,38.3,7.05,37.62,62.74,47.7,22.5,6,critical_care,>=5_years,high,2,0
V046,cma,57.48,1,3,146.16,38.72,43.47,9.5,44.9,69.34,45.03,20.05,7,critical_care,>=5_years,high,2,1
V046,medcpt,61.9,1,3,140.99,35.49,39.39,13.29,37.62,66.3,44.65,11.67,8,critical_care,>=5_years,high,2,0
V046,sdt,52.92,1,3,114.09,32.39,28.5,11.66,35.16,70.06,35.1,13.85,9,critical_care,>=5_years,high,2,1
V815,medcpt,37.14,1,2,135.97,34.16,37.24,14.02,31.98,74.56,30.6,16.58,1,internal_medicine,>=5_years,low,0,0
V815,colbert,41.45,1,2,151.66,38.53,41.09,16.13,36.12,72.48,42.06,23.34,2,internal_medicine,>=5_years,low,0,0
V815,gdt,41.73,1,2,132.66,32.39,29.75,6.11,32.12,75.77,34.14,16.44,3,internal_medicine,>=5_years,low,0,1
V815,cma,40.25,1,2,150.4,35.23,42.31,11.03,31.93,70.92,36.21,18.96,4,internal_medicine,>=5_years,low,0,1
V815,bm25,49.34,1,2,190.1,43.54,53.17,13.25,48.0,62.98,52.4,31.43,5,internal_medicine,>=5_years,low,0,0
V815,control,48.43,1,2,181.82,44.45,56.75,8.1,44.25,71.58,55.51,30.49,6,internal_medicine,>=5_years,low,0,0
V815,sdt,35.64,1,2,114.36,28.75,19.64,8.79,26.23,78.82,29.88,9.11,7,internal_medicine,>=5_years,low,0,1
V815,graphcare,36.48,1,2,164.49,33.43,24.23,10.58,31.02,79.69,35.56,19.53,8,internal_medicine,>=5_years,low,0,0
V815,llm_rag,43.99,1,2,175.58,36.02,37.37,16.72,34.46,77.36,36.36,13.86,9,internal_medicine,>=5_years,low,0,0
V177,control,108.27,1,5,189.67,60.87,84.32,25.62,77.29,57.0,72.75,48.26,1,critical_care,>=5_years,high,2,0
V177,gdt,91.01,1,5,124.99,44.42,61.07,10.06,52.74,58.21,55.52,28.9,2,critical_care,>=5_years,high,2,1
V177,llm_rag,285.05,0,5,154.88,69.78,100.0,36.06,100.0,12.93,100.0,69.66,3,critical_care,>=5_years,high,2,0
V177,graphcare,95.96,1,5,138.62,48.57,65.31,17.15,58.35,60.28,57.36,32.96,4,critical_care,>=5_years,high,2,0
V177,cma,106.12,1,5,149.72,50.66,61.54,22.43,61.65,52.88,71.81,33.64,5,critical_care,>=5_years,high,2,1
V177,sdt,95.22,1,5,108.17,40.81,55.19,14.74,43.29,54.29,48.58,28.73,6,critical_care,>=5_years,high,2,1
V177,medcpt,108.45,1,5,133.34,50.07,69.41,17.72,61.35,55.84,63.13,32.96,7,critical_care,>=5_years,high,2,0
V177,colbert,93.77,1,5,154.8,48.08,56.66,19.84,59.48,58.25,59.07,35.17,8,critical_care,>=5_years,high,2,0
V177,bm25,123.1,1,5,190.36,57.84,87.76,16.86,77.75,42.42,82.43,39.81,9,critical_care,>=5_years,high,2,0
V431,bm25,68.86,1,3,183.28,48.62,63.74,19.42,52.03,58.05,64.88,33.58,1,hospital_medicine,>=5_years,low,1,0
V431,sdt,53.06,1,3,108.11,34.55,39.26,10.55,35.9,76.41,32.8,12.38,2,hospital_medicine,>=5_years,low,1,1
V431,gdt,55.33,1,3,128.4,38.89,41.74,17.86,44.04,69.02,38.9,21.78,3,hospital_medicine,>=5_years,low,1,1
V431,medcpt,62.77,1,3,134.05,39.74,49.39,10.11,38.65,69.68,44.32,26.27,4,hospital_medicine,>=5_years,low,1,0
V431,graphcare,54.22,1,3,139.09,39.84,45.84,14.58,42.9,69.68,43.57,22.44,5,hospital_medicine,>=5_years,low,1,0
V431,llm_rag,56.36,1,3,163.49,37.28,43.51,7.04,45.48,64.54,44.51,18.58,6,hospital_medicine,>=5_years,low,1,0
V431,control,63.17,1,3,197.34,50.17,69.43,15.31,56.35,60.16,58.85,40.93,7,hospital_medicine,>=5_years,low,1,0
V431,colbert,56.71,1,3,160.42,37.49,41.8,11.31,40.55,68.81,41.26,21.23,8,hospital_medicine,>=5_years,low,1,0
V431,cma,56.78,1,3,156.74,39.72,52.83,9.15,41.52,66.92,39.33,28.55,9,hospital_medicine,>=5_years,low,1,1
V893,control,114.8,1,5,199.4,57.12,81.47,18.25,67.51,45.16,82.6,47.73,1,emergency,>=5_years,high,2,0
V893,cma,98.27,1,5,148.6,49.02,53.05,22.79,67.25,59.26,57.17,34.59,2,emergency,>=5_years,high,2,1
V893,colbert,96.67,1,5,151.36,47.42,60.62,18.76,54.82,56.42,61.04,32.86,3,emergency,>=5_years,high,2,0
V893,sdt,89.76,1,5,107.4,42.9,50.33,16.7,55.33,68.53,44.8,21.7,4,emergency,>=5_years,high,2,1
V893,gdt,96.71,1,5,141.66,44.98,59.63,18.37,46.18,58.66,58.17,28.89,5,emergency,>=5_years,high,2,1
V893,medcpt,99.57,1,5,137.96,52.0,71.77,12.29,71.54,56.7,66.03,33.68,6,emergency,>=5_years,high,2,0
V893,llm_rag,90.67,1,5,152.32,43.47,62.78,16.67,46.43,56.97,55.68,22.28,7,emergency,>=5_years,high,2,0
V893,bm25,106.16,1,5,180.38,55.55,80.68,15.61,74.05,44.8,76.59,41.57,8,emergency,>=5_years,high,2,0
V893,graphcare,99.86,1,5,142.65,49.32,62.95,20.21,55.51,55.08,64.75,37.41,9,emergency,>=5_years,high,2,0
V518,sdt,53.29,1,3,106.98,33.7,35.76,6.88,29.49,79.56,33.44,17.08,1,internal_medicine,<5_years,high,2,1
V518,cma,58.4,1,3,140.3,43.02,51.58,13.44,44.14,71.04,53.11,24.81,2,internal_medicine,<5_years,high,2,1
V518,bm25,70.93,1,3,182.5,50.17,65.39,20.17,60.91,57.93,60.47,36.17,3,internal_medicine,<5_years,high,2,0
V518,medcpt,68.93,1,3,143.63,40.69,57.17,12.06,42.0,66.57,44.16,22.14,4,internal_medicine,<5_years,high,2,0
V518,colbert,61.11,1,3,171.65,39.14,52.06,3.88,46.47,70.16,40.21,22.07,5,internal_medicine,<5_years,high,2,0
V518,control,73.34,1,3,188.69,48.07,65.15,21.52,55.89,59.24,54.14,32.49,6,internal_medicine,<5_years,high,2,0
V518,llm_rag,56.17,1,3,160.5,38.06,39.21,19.28,37.92,72.84,38.68,20.44,7,internal_medicine,<5_years,high,2,0
V518,gdt,59.25,1,3,134.97,41.11,51.26,14.15,42.43,69.55,45.06,24.22,8,internal_medicine,<5_years,high,2,1
V518,graphcare,56.04,1,3,144.67,37.38,44.32,12.09,37.34,75.3,35.58,19.68,9,internal_medicine,<5_years,high,2,0
V661,medcpt,262.23,0,4,134.14,70.14,100.0,32.95,100.0,22.33,100.0,65.53,1,hospital_medicine,<5_years,high,2,0
V661,cma,286.35,0,4,139.19,69.15,100.0,28.77,100.0,23.38,100.0,62.76,2,hospital_medicine,<5_years,high,2,1
V661,llm_rag,265.91,0,4,172.33,71.06,100.0,33.99,100.0,29.9,100.0,62.47,3,hospital_medicine,<5_years,high,2,0
V661,graphcare,272.46,0,4,159.64,70.06,100.0,27.8,100.0,22.47,100.0,70.12,4,hospital_medicine,<5_years,high,2,0
V661,gdt,179.25,0,4,125.02,59.3,89.19,18.28,79.77,42.07,78.27,48.22,5,hospital_medicine,<5_years,high,2,1
V661,bm25,200.17,0,4,188.25,69.98,100.0,24.18,100.0,32.74,100.0,62.95,6,hospital_medicine,<5_years,high,2,0
V661,control,300.0,0,4,201.63,70.81,100.0,38.21,100.0,8.46,100.0,78.19,7,hospital_medicine,<5_years,high,2,0
V661,sdt,260.17,0,4,111.69,69.08,100.0,35.75,99.63,21.19,100.0,57.93,8,hospital_medicine,<5_years,high,2,1
V661,colbert,259.62,0,4,161.77,70.45,100.0,30.08,100.0,23.88,100.0,68.75,9,hospital_medicine,<5_years,high,2,0
V423,cma,64.7,1,3,150.15,40.67,56.64,19.35,40.57,62.5,48.49,16.47,1,emergency,>=5_years,low,1,1
V423,gdt,58.74,1,3,131.5,39.54,41.89,15.48,38.77,75.0,44.29,21.79,2,emergency,>=5_years,low,1,1
V423,bm25,68.97,1,3,176.51,46.91,54.99,17.01,57.38,59.5,55.26,37.34,3,emergency,>=5_years,low,1,0
V423,medcpt,57.69,1,3,144.17,41.36,45.9,18.04,40.1,69.66,46.67,27.77,4,emergency,>=5_years,low,1,0
V423,llm_rag,55.94,1,3,155.22,37.45,41.41,9.49,39.04,67.13,49.11,18.51,5,emergency,>=5_years,low,1,0
V423,control,73.47,1,3,176.81,49.77,59.97,19.68,62.13,56.86,62.85,37.12,6,emergency,>=5_years,low,1,0
V423,graphcare,59.69,1,3,143.26,38.54,40.64,12.24,47.39,65.25,44.55,21.19,7,emergency,>=5_years,low,1,0
V423,colbert,59.15,1,3,166.19,39.7,45.47,20.76,38.77,73.44,44.83,14.91,8,emergency,>=5_years,low,1,0
V423,sdt,52.95,1,3,106.64,31.98,34.2,12.26,29.4,71.35,33.34,11.35,9,emergency,>=5_years,low,1,1
V490,colbert,41.41,1,2,157.95,34.63,37.6,11.51,29.45,72.65,34.42,22.15,1,hospital_medicine,<5_years,low,0,0
V490,gdt,44.81,1,2,130.43,34.68,33.63,11.4,33.88,81.3,32.63,15.27,2,hospital_medicine,<5_years,low,0,1
V490,cma,36.56,1,2,149.14,34.93,39.37,8.43,22.48,79.47,42.86,16.99,3,hospital_medicine,<5_years,low,0,1
V490,sdt,41.59,1,2,101.88,29.96,27.2,6.39,29.77,75.68,30.05,10.66,4,hospital_medicine,<5_years,low,0,1
V490,graphcare,35.58,1,2,141.53,32.92,38.07,12.59,36.84,69.07,31.96,9.0,5,hospital_medicine,<5_years,low,0,0
V490,bm25,49.52,1,2,169.41,45.58,55.96,10.84,51.38,70.25,51.03,34.02,6,hospital_medicine,<5_years,low,0,0
V490,medcpt,42.18,1,2,153.59,35.24,36.24,19.73,30.29,74.69,33.43,17.04,7,hospital_medicine,<5_years,low,0,0
V490,llm_rag,40.86,1,2,148.31,38.16,39.13,11.4,32.63,81.89,45.87,18.02,8,hospital_medicine,<5_years,low,0,0
V490,control,48.03,1,2,193.69,44.52,56.89,10.85,52.46,69.56,47.52,29.84,9,hospital_medicine,<5_years,low,0,0
V399,gdt,21.09,1,1,123.42,29.2,23.37,7.53,18.09,83.77,30.8,11.64,1,hospital_medicine,>=5_years,low,0,1
V399,medcpt,18.87,1,1,121.85,28.08,30.28,7.15,19.42,76.44,17.41,17.78,2,hospital_medicine,>=5_years,low,0,0
V399,llm_rag,19.68,1,1,166.33,27.71,24.31,4.36,20.03,79.38,26.49,11.69,3,hospital_medicine,>=5_years,low,0,0
V399,control,22.66,1,1,168.76,38.58,38.18,11.53,37.55,76.44,42.13,25.65,4,hospital_medicine,>=5_years,low,0,0
V399,colbert,21.02,1,1,149.16,33.95,29.68,10.02,27.68,83.69,37.23,15.42,5,hospital_medicine,>=5_years,low,0,0
V399,sdt,16.46,1,1,107.01,25.4,17.17,7.63,16.22,80.01,20.68,10.67,6,hospital_medicine,>=5_years,low,0,1
V399,cma,19.16,1,1,139.91,28.78,22.17,5.83,22.24,81.94,25.58,14.89,7,hospital_medicine,>=5_years,low,0,1
V399,bm25,27.87,1,1,200.09,42.87,48.72,11.12,47.28,73.58,41.87,34.62,8,hospital_medicine,>=5_years,low,0,0
V399,graphcare,19.66,1,1,132.22,32.77,26.76,12.93,20.29,90.9,28.02,17.75,9,hospital_medicine,>=5_years,low,0,0
V736,control,26.47,1,1,183.99,39.2,49.21,14.77,41.88,69.72,38.22,21.38,1,emergency,>=5_years,low,0,0
V736,bm25,23.24,1,1,231.6,36.66,36.9,13.15,34.33,72.0,42.95,20.63,2,emergency,>=5_years,low,0,0
V736,gdt,19.39,1,1,127.57,29.13,22.77,7.18,21.38,84.15,27.98,11.29,3,emergency,>=5_years,low,0,1
V736,llm_rag,18.49,1,1,175.18,28.13,28.99,9.76,20.7,77.52,20.35,11.45,4,emergency,>=5_years,low,0,0
V736,sdt,19.47,1,1,125.49,23.22,21.37,2.32,11.84,80.37,17.81,5.63,5,emergency,>=5_years,low,0,1
V736,graphcare,19.36,1,1,150.64,31.14,25.95,14.75,23.41,77.31,32.22,13.2,6,emergency,>=5_years,low,0,0
V736,medcpt,21.44,1,1,146.19,33.22,32.48,10.35,29.47,81.29,25.53,20.17,7,emergency,>=5_years,low,0,0
V736,colbert,20.42,1,1,152.39,29.09,28.16,0.03,25.2,81.36,28.25,11.54,8,emergency,>=5_years,low,0,0
V736,cma,18.5,1,1,137.07,27.86,29.39,6.91,25.77,70.22,27.56,7.3,9,emergency,>=5_years,low,0,1
V465,bm25,175.85,0,3,187.84,68.49,100.0,29.98,92.81,35.09,92.99,60.05,1,emergency,<5_years,high,2,0
V465,cma,163.76,0,3,144.74,58.11,79.59,15.41,77.75,52.69,81.08,42.16,2,emergency,<5_years,high,2,1
V465,colbert,244.09,0,3,157.12,69.45,100.0,29.35,97.71,32.11,98.08,59.46,3,emergency,<5_years,high,2,0
V465,control,164.95,0,3,195.41,67.43,93.31,23.61,91.32,43.72,94.18,58.45,4,emergency,<5_years,high,2,0
V465,sdt,155.78,0,3,102.1,51.33,63.93,25.54,63.91,51.13,68.39,35.08,5,emergency,<5_years,high,2,1
V465,gdt,158.26,0,3,126.5,54.86,78.37,21.26,69.12,46.7,71.02,42.67,6,emergency,<5_years,high,2,1
V465,medcpt,159.97,0,3,135.39,57.38,83.24,23.02,64.66,51.52,77.73,44.15,7,emergency,<5_years,high,2,0
V465,llm_rag,64.2,1,3,164.96,37.86,39.93,13.62,33.46,74.0,42.4,23.75,8,emergency,<5_years,high,2,0
V465,graphcare,155.58,0,3,145.79,54.66,78.98,21.06,66.75,48.79,65.44,46.94,9,emergency,<5_years,high,2,0
V148,graphcare,73.7,1,4,148.31,41.63,49.26,15.65,41.85,64.63,54.36,24.06,1,critical_care,>=5_years,high,0,0
V148,control,93.57,1,4,190.2,54.83,69.77,13.94,71.98,56.4,69.81,47.09,2,critical_care,>=5_years,high,0,0
V148,cma,73.03,1,4,139.37,42.84,55.59,9.55,46.01,64.68,51.18,30.04,3,critical_care,>=5_years,high,0,1
V148,colbert,71.72,1,4,150.75,42.53,53.81,9.31,46.49,66.91,49.83,28.83,4,critical_care,>=5_years,high,0,0
V148,medcpt,77.21,1,4,144.35,42.45,49.21,12.66,47.78,61.44,54.38,29.25,5,critical_care,>=5_years,high,0,0
V148,llm_rag,79.28,1,4,171.82,43.13,51.05,10.13,49.84,63.72,56.36,27.66,6,critical_care,>=5_years,high,0,0
V148,bm25,101.15,1,4,192.97,58.41,80.96,24.68,79.54,49.94,71.71,43.63,7,critical_care,>=5_years,high,0,0
V148,gdt,76.04,1,4,127.95,41.23,49.66,16.9,39.32,63.57,49.93,28.03,8,critical_care,>=5_years,high,0,1
V148,sdt,75.99,1,4,113.21,38.64,44.69,15.31,37.67,70.56,41.37,22.26,9,critical_care,>=5_years,high,0,1
V189,graphcare,19.13,1,1,176.86,29.79,26.12,7.0,21.48,82.53,23.16,18.46,1,critical_care,<5_years,low,0,0
V189,llm_rag,17.49,1,1,176.79,28.59,25.72,4.68,26.14,87.85,18.97,8.19,2,critical_care,<5_years,low,0,0
V189,bm25,22.81,1,1,190.93,41.11,43.45,10.59,46.42,79.74,41.13,25.35,3,critical_care,<5_years,low,0,0
V189,gdt,20.69,1,1,126.26,29.01,30.32,9.72,26.6,79.97,21.44,6.02,4,critical_care,<5_years,low,0,1
V189,cma,19.58,1,1,135.85,32.3,27.37,9.22,28.5,80.27,30.32,18.11,5,critical_care,<5_years,low,0,1
V189,medcpt,20.66,1,1,145.33,29.3,29.94,3.86,24.67,76.84,25.87,14.6,6,critical_care,<5_years,low,0,0
V189,control,22.51,1,1,195.0,37.02,37.09,12.32,36.01,72.84,42.22,21.66,7,critical_care,<5_years,low,0,0
V189,sdt,19.13,1,1,127.37,25.69,17.27,3.07,16.03,89.91,21.97,5.9,8,critical_care,<5_years,low,0,1
V189,colbert,20.14,1,1,153.17,29.27,28.59,0.0,22.38,85.09,24.28,15.25,9,critical_care,<5_years,low,0,0
V810,bm25,141.47,0,2,195.17,60.72,82.61,25.21,81.73,46.77,80.39,47.59,1,internal_medicine,<5_years,low,1,0
V810,graphcare,130.93,0,2,154.52,49.37,66.33,19.22,57.8,54.25,68.3,30.31,2,internal_medicine,<5_years,low,1,0
V810,gdt,142.19,0,2,135.46,50.65,70.66,16.29,66.28,56.02,57.16,37.51,3,internal_medicine,<5_years,low,1,1
V810,sdt,140.63,0,2,101.53,48.06,66.79,15.01,53.35,61.7,55.19,36.29,4,internal_medicine,<5_years,low,1,1
V810,control,146.13,0,2,198.92,61.03,82.13,18.21,82.07,45.45,84.94,53.4,5,internal_medicine,<5_years,low,1,0
V810,colbert,36.84,1,2,149.11,32.76,35.46,5.07,30.98,76.84,35.47,12.73,6,internal_medicine,<5_years,low,1,0
V810,llm_rag,37.88,1,2,172.14,35.56,34.88,9.98,28.5,81.29,37.47,21.27,7,internal_medicine,<5_years,low,1,0
V810,cma,151.16,0,2,137.77,55.18,66.8,22.38,68.8,52.0,72.55,48.54,8,internal_medicine,<5_years,low,1,1
V810,medcpt,133.62,0,2,149.27,51.27,64.36,18.31,64.83,51.71,65.97,42.41,9,internal_medicine,<5_years,low,1,0
V241,graphcare,256.7,0,3,166.79,69.66,100.0,29.7,100.0,32.15,100.0,56.09,1,emergency,>=5_years,high,2,0
V241,medcpt,258.69,0,3,143.24,70.78,100.0,33.53,100.0,25.37,100.0,65.77,2,emergency,>=5_years,high,2,0
V241,gdt,266.43,0,3,124.02,70.04,100.0,25.9,100.0,26.68,100.0,67.68,3,emergency,>=5_years,high,2,1
V241,llm_rag,59.46,1,3,163.26,38.39,43.28,11.48,38.67,75.67,41.43,19.82,4,emergency,>=5_years,high,2,0
V241,colbert,300.0,0,3,154.75,71.21,100.0,36.09,100.0,17.22,100.0,73.95,5,emergency,>=5_years,high,2,0
V241,cma,251.66,0,3,147.8,69.32,100.0,26.5,96.98,30.39,100.0,62.02,6,emergency,>=5_years,high,2,1
V241,sdt,148.89,0,3,129.27,49.01,62.9,15.1,67.53,52.55,63.54,32.43,7,emergency,>=5_years,high,2,1
V241,control,285.2,0,3,199.26,71.41,100.0,42.69,100.0,8.03,100.0,77.71,8,emergency,>=5_years,high,2,0
V241,bm25,183.25,0,3,190.08,72.67,100.0,30.96,96.17,46.32,96.17,66.41,9,emergency,>=5_years,high,2,0
V992,sdt,52.06,1,3,125.17,32.89,39.53,13.33,25.12,71.38,32.47,15.5,1,emergency,>=5_years,high,2,1
V992,gdt,56.58,1,3,128.0,39.32,45.86,7.59,39.47,70.49,45.33,27.21,2,emergency,>=5_years,high,2,1
V992,colbert,56.42,1,3,145.03,39.31,38.69,17.82,45.11,65.76,47.38,21.09,3,emergency,>=5_years,high,2,0
V992,cma,64.86,1,3,148.69,42.04,50.25,16.21,48.5,70.77,43.34,23.18,4,emergency,>=5_years,high,2,1
V992,medcpt,59.9,1,3,140.34,38.78,53.26,13.09,41.23,62.41,43.14,19.56,5,emergency,>=5_years,high,2,0
V992,bm25,67.98,1,3,187.58,49.03,59.8,11.91,63.35,57.81,63.63,37.66,6,emergency,>=5_years,high,2,0
V992,graphcare,55.77,1,3,151.66,38.72,39.96,6.01,43.76,67.53,41.83,33.23,7,emergency,>=5_years,high,2,0
V992,llm_rag,156.05,0,3,167.81,55.67,79.76,24.79,70.68,46.9,73.44,38.46,8,emergency,>=5_years,high,2,0
V992,control,73.33,1,3,189.85,49.9,61.57,12.0,68.5,59.22,61.88,36.22,9,emergency,>=5_years,high,2,0
V200,control,20.66,1,1,192.84,40.48,44.13,15.67,44.41,69.59,48.88,20.21,1,hospital_medicine,<5_years,low,0,0
V200,llm_rag,18.6,1,1,166.77,30.73,29.12,15.16,19.46,82.03,29.59,9.05,2,hospital_medicine,<5_years,low,0,0
V200,colbert,18.6,1,1,150.84,29.56,24.31,4.83,23.59,79.24,33.06,12.3,3,hospital_medicine,<5_years,low,0,0
V200,sdt,20.52,1,1,112.71,26.82,22.95,9.26,22.62,83.69,16.93,5.47,4,hospital_medicine,<5_years,low,0,1
V200,cma,22.43,1,1,163.74,31.36,29.59,4.13,35.15,77.99,29.94,11.38,5,hospital_medicine,<5_years,low,0,1
V200,medcpt,20.09,1,1,148.41,31.36,26.69,11.88,25.13,81.96,27.35,15.15,6,hospital_medicine,<5_years,low,0,0
V200,gdt,19.71,1,1,157.44,27.77,29.17,3.25,19.23,78.72,21.86,14.39,7,hospital_medicine,<5_years,low,0,1
V200,graphcare,21.57,1,1,174.83,30.83,35.86,12.53,23.25,82.0,23.75,7.6,8,hospital_medicine,<5_years,low,0,0
V200,bm25,21.8,1,1,181.35,42.68,52.53,15.51,37.94,79.94,42.41,27.73,9,hospital_medicine,<5_years,low,0,0
V840,llm_rag,196.21,0,5,163.42,65.63,93.08,21.87,92.81,35.85,98.61,51.56,1,hospital_medicine,<5_years,high,3,0
V840,bm25,300.0,0,5,180.17,71.09,100.0,37.23,100.0,5.73,100.0,83.57,2,hospital_medicine,<5_years,high,3,0
V840,cma,300.0,0,5,151.21,71.87,100.0,37.39,100.0,21.24,100.0,72.61,3,hospital_medicine,<5_years,high,3,1
V840,gdt,189.18,0,5,125.8,63.87,91.45,30.21,83.85,39.15,91.75,46.82,4,hospital_medicine,<5_years,high,3,1
V840,control,300.0,0,5,204.11,71.33,100.0,39.52,100.0,6.21,100.0,82.27,5,hospital_medicine,<5_years,high,3,0
V840,graphcare,300.0,0,5,139.15,71.01,100.0,33.37,100.0,12.92,100.0,79.77,6,hospital_medicine,<5_years,high,3,0
V840,medcpt,300.0,0,5,134.93,71.99,100.0,40.34,100.0,17.16,100.0,74.42,7,hospital_medicine,<5_years,high,3,0
V840,colbert,99.67,1,5,167.14,47.86,62.41,15.03,54.71,61.0,63.73,30.29,8,hospital_medicine,<5_years,high,3,0
V840,sdt,83.71,1,5,109.63,42.72,51.22,14.74,46.44,68.7,47.45,27.76,9,hospital_medicine,<5_years,high,3,1
V663,gdt,58.38,1,3,125.01,37.27,38.52,14.66,39.43,69.57,39.55,21.87,1,internal_medicine,<5_years,low,0,1
V663,medcpt,56.99,1,3,136.4,38.95,42.39,11.58,38.77,72.35,44.6,23.98,2,internal_medicine,<5_years,low,0,0
V663,llm_rag,58.49,1,3,146.86,40.15,45.02,14.26,40.93,66.45,49.09,25.15,3,internal_medicine,<5_years,low,0,0
V663,graphcare,59.8,1,3,146.44,37.4,43.69,12.29,41.46,73.5,33.71,19.76,4,internal_medicine,<5_years,low,0,0
V663,cma,60.7,1,3,142.51,43.52,47.27,26.34,47.33,69.42,44.84,25.94,5,internal_medicine,<5_years,low,0,1
V663,sdt,61.99,1,3,110.74,35.32,40.0,9.92,30.02,74.49,35.51,21.95,6,internal_medicine,<5_years,low,0,1
V663,bm25,74.49,1,3,182.89,48.55,59.96,16.28,62.7,51.62,61.07,39.66,7,internal_medicine,<5_years,low,0,0
V663,colbert,59.8,1,3,158.59,37.13,43.96,7.86,44.21,65.79,40.88,20.07,8,internal_medicine,<5_years,low,0,0
V663,control,71.28,1,3,187.48,49.84,63.02,16.96,62.87,59.8,61.88,34.49,9,internal_medicine,<5_years,low,0,0
V862,medcpt,98.14,1,5,136.67,47.55,59.92,10.79,60.64,55.12,57.87,40.98,1,critical_care,<5_years,high,3,0
V862,gdt,96.94,1,5,130.81,47.25,62.69,11.5,55.79,61.71,60.22,31.61,2,critical_care,<5_years,high,3,1
V862,cma,95.99,1,5,162.82,47.52,61.53,12.52,63.17,50.17,60.83,36.9,3,critical_care,<5_years,high,3,1
V862,control,132.91,1,5,180.6,63.43,91.6,14.35,87.95,44.44,85.77,56.46,4,critical_care,<5_years,high,3,0
V862,colbert,203.55,0,5,146.29,63.01,95.56,20.31,84.5,26.12,95.48,56.08,5,critical_care,<5_years,high,3,0
V862,sdt,95.27,1,5,110.64,43.63,52.51,10.93,50.72,63.41,52.55,31.64,6,critical_care,<5_years,high,3,1
V862,graphcare,94.71,1,5,143.08,47.16,58.95,15.32,58.54,60.38,59.81,29.96,7,critical_care,<5_years,high,3,0
V862,bm25,230.1,0,5,194.79,71.06,100.0,32.14,100.0,26.03,100.0,68.21,8,critical_care,<5_years,high,3,0
V862,llm_rag,300.0,0,5,162.56,71.04,100.0,35.85,100.0,15.15,100.0,75.26,9,critical_care,<5_years,high,3,0
V420,bm25,101.76,1,4,186.15,60.85,75.91,33.28,79.21,60.28,74.27,42.15,1,critical_care,>=5_years,high,2,0
V420,graphcare,80.48,1,4,142.41,45.24,51.98,18.97,47.16,62.96,54.61,35.74,2,critical_care,>=5_years,high,2,0
V420,llm_rag,75.77,1,4,161.72,41.55,48.17,18.95,41.63,64.02,52.48,24.08,3,critical_care,>=5_years,high,2,0
V420,sdt,69.47,1,4,106.06,37.81,41.9,16.65,38.35,75.25,40.49,14.23,4,critical_care,>=5_years,high,2,1
V420,control,89.95,1,4,187.22,55.03,71.59,17.07,77.82,50.42,69.3,44.0,5,critical_care,>=5_years,high,2,0
V420,colbert,75.11,1,4,166.84,41.5,49.25,9.38,42.51,68.16,47.14,32.57,6,critical_care,>=5_years,high,2,0
V420,medcpt,75.99,1,4,138.17,45.62,56.01,12.08,47.62,71.16,56.02,30.84,7,critical_care,>=5_years,high,2,0
V420,cma,75.82,1,4,149.62,46.84,59.74,15.74,47.93,69.52,60.51,27.63,8,critical_care,>=5_years,high,2,1
V420,gdt,80.05,1,4,130.41,42.78,50.63,8.02,52.02,65.85,53.98,26.17,9,critical_care,>=5_years,high,2,1
V664,control,70.77,1,3,193.78,49.08,57.43,14.28,62.65,63.36,56.42,40.37,1,emergency,<5_years,low,0,0
V664,bm25,72.86,1,3,192.16,49.18,60.9,15.85,56.08,62.5,59.03,40.71,2,emergency,<5_years,low,0,0
V664,llm_rag,147.53,0,3,166.45,52.81,70.53,19.13,66.11,54.22,72.79,34.1,3,emergency,<5_years,low,0,0
V664,sdt,49.61,1,3,112.1,31.74,30.41,12.87,23.84,72.34,33.5,17.48,4,emergency,<5_years,low,0,1
V664,graphcare,62.36,1,3,151.2,38.64,47.49,13.17,30.78,66.83,43.07,30.5,5,emergency,<5_years,low,0,0
V664,gdt,53.99,1,3,129.06,38.86,47.91,15.04,35.61,76.11,39.48,19.04,6,emergency,<5_years,low,0,1
V664,medcpt,59.57,1,3,146.38,40.27,45.42,10.11,45.3,77.18,37.89,25.72,7,emergency,<5_years,low,0,0
V664,colbert,60.73,1,3,130.04,40.94,43.26,13.46,44.31,63.72,51.7,29.17,8,emergency,<5_years,low,0,0
V664,cma,60.21,1,3,140.9,42.26,50.14,16.12,47.08,68.06,45.14,27.01,9,emergency,<5_years,low,0,1
V679,gdt,94.22,1,5,117.19,46.79,65.0,18.06,52.04,60.37,52.94,32.35,1,critical_care,>=5_years,high,4,1
V679,graphcare,94.95,1,5,145.5,49.0,58.58,17.86,52.8,63.28,67.19,34.31,2,critical_care,>=5_years,high,4,0
V679,control,112.68,1,5,203.06,57.3,77.16,16.85,73.95,48.29,82.35,45.2,3,critical_care,>=5_years,high,4,0
V679,bm25,108.85,1,5,186.51,56.76,75.61,25.73,71.96,45.01,76.54,45.7,4,critical_care,>=5_years,high,4,0
V679,llm_rag,98.55,1,5,163.25,47.44,64.87,18.65,58.95,56.59,54.15,31.41,5,critical_care,>=5_years,high,4,0
V679,medcpt,104.86,1,5,144.55,48.23,66.59,15.52,63.57,53.42,57.37,32.93,6,critical_care,>=5_years,high,4,0
V679,cma,100.7,1,5,147.27,50.6,71.17,16.76,62.37,55.17,60.74,37.4,7,critical_care,>=5_years,high,4,1
V679,sdt,96.48,1,5,117.05,43.31,59.35,16.18,42.35,67.62,46.61,27.74,8,critical_care,>=5_years,high,4,1
V679,colbert,94.23,1,5,150.26,46.47,61.35,22.41,57.94,52.05,54.17,30.93,9,critical_care,>=5_years,high,4,0
V826,graphcare,101.98,1,5,149.09,50.99,60.77,25.1,57.31,59.63,56.51,46.64,1,emergency,<5_years,high,3,0
V826,bm25,119.77,1,5,180.84,59.04,87.39,17.02,78.44,45.3,77.76,48.34,2,emergency,<5_years,high,3,0
V826,gdt,93.49,1,5,134.41,43.37,54.53,17.5,51.78,64.53,52.23,19.66,3,emergency,<5_years,high,3,1
V826,llm_rag,98.11,1,5,156.96,46.84,52.88,21.23,56.57,62.33,57.56,30.5,4,emergency,<5_years,high,3,0
V826,control,115.61,1,5,188.7,59.57,80.57,21.18,79.49,54.34,76.42,45.4,5,emergency,<5_years,high,3,0
V826,colbert,95.69,1,5,150.49,48.12,61.44,20.48,56.51,58.19,55.82,36.26,6,emergency,<5_years,high,3,0
V826,sdt,91.38,1,5,123.22,42.52,50.99,13.11,49.85,59.52,54.91,26.72,7,emergency,<5_years,high,3,1
V826,medcpt,95.92,1,5,122.77,52.05,67.34,24.84,59.61,60.32,61.54,38.66,8,emergency,<5_years,high,3,0
V826,cma,99.62,1,5,147.81,48.21,64.17,17.68,60.85,56.24,60.76,29.59,9,emergency,<5_years,high,3,1
V885,graphcare,34.93,1,2,148.39,32.54,34.09,8.39,32.32,72.49,31.68,16.26,1,emergency,<5_years,low,1,0
V885,bm25,45.33,1,2,185.63,44.39,49.96,17.37,45.57,74.25,48.74,30.45,2,emergency,<5_years,low,1,0
V885,llm_rag,41.02,1,2,164.18,32.68,27.45,11.48,33.16,73.0,34.81,16.17,3,emergency,<5_years,low,1,0
V885,colbert,38.53,1,2,157.5,34.62,39.26,8.63,33.2,75.35,30.93,20.34,4,emergency,<5_years,low,1,0
V885,medcpt,36.01,1,2,138.25,35.54,34.44,10.42,29.63,81.95,35.79,21.0,5,emergency,<5_years,low,1,0
V885,sdt,36.93,1,2,105.25,28.93,27.53,8.89,18.96,81.03,19.51,17.67,6,emergency,<5_years,low,1,1
V885,cma,38.82,1,2,142.65,37.77,36.78,16.96,36.06,74.73,42.47,19.62,7,emergency,<5_years,low,1,1
V885,gdt,37.76,1,2,125.55,33.85,31.28,11.54,33.27,78.27,30.58,18.18,8,emergency,<5_years,low,1,1
V885,control,45.57,1,2,178.4,46.11,54.4,18.94,51.41,67.43,51.91,32.57,9,emergency,<5_years,low,1,0
V471,colbert,54.2,1,3,154.05,37.13,41.2,15.77,34.09,77.13,38.98,15.6,1,critical_care,>=5_years,low,1,0
V471,gdt,58.16,1,3,139.98,36.04,39.82,6.36,40.29,67.06,38.59,24.11,2,critical_care,>=5_years,low,1,1
V471,bm25,72.55,1,3,181.97,48.13,63.81,16.69,54.58,60.38,60.46,32.88,3,critical_care,>=5_years,low,1,0
V471,llm_rag,53.58,1,3,157.05,34.29,42.5,12.52,41.48,60.83,34.08,14.31,4,critical_care,>=5_years,low,1,0
V471,sdt,55.43,1,3,113.51,36.4,36.82,17.22,37.85,71.57,39.38,15.54,5,critical_care,>=5_years,low,1,1
V471,medcpt,65.13,1,3,137.35,38.86,47.21,9.76,37.52,61.02,53.12,24.54,6,critical_care,>=5_years,low,1,0
V471,control,69.13,1,3,209.07,49.8,60.12,18.03,52.79,64.62,63.61,39.62,7,critical_care,>=5_years,low,1,0
V471,cma,59.75,1,3,146.64,38.47,42.1,11.44,43.65,69.1,37.85,26.67,8,critical_care,>=5_years,low,1,1
V471,graphcare,57.8,1,3,144.02,37.82,38.94,16.08,35.47,66.14,42.85,27.44,9,critical_care,>=5_years,low,1,0
V908,gdt,102.97,1,5,132.27,48.49,66.21,17.81,57.81,59.08,59.7,30.3,1,critical_care,<5_years,high,4,1
V908,graphcare,92.95,1,5,148.88,46.85,60.0,16.47,56.79,63.89,52.48,31.45,2,critical_care,<5_years,high,4,0
V908,medcpt,95.6,1,5,135.04,48.56,63.02,20.95,52.15,62.07,61.73,31.46,3,critical_care,<5_years,high,4,0
V908,control,116.59,1,5,187.23,60.26,85.75,20.35,80.66,51.18,77.42,46.22,4,critical_care,<5_years,high,4,0
V908,cma,96.77,1,5,150.01,48.47,60.88,16.44,62.07,56.4,62.19,32.87,5,critical_care,<5_years,high,4,1
V908,sdt,91.35,1,5,120.94,41.31,54.62,7.92,38.98,68.99,51.67,25.65,6,critical_care,<5_years,high,4,1
V908,bm25,129.79,1,5,201.84,63.47,90.39,26.59,85.38,49.23,84.44,44.81,7,critical_care,<5_years,high,4,0
V908,colbert,97.48,1,5,164.47,49.32,63.42,16.94,55.27,60.38,63.98,35.92,8,critical_care,<5_years,high,4,0
V908,llm_rag,96.78,1,5,173.96,49.07,60.28,20.58,57.77,64.91,58.85,32.05,9,critical_care,<5_years,high,4,0
V835,cma,83.24,1,4,151.99,46.21,62.29,14.2,58.74,66.69,49.31,26.01,1,hospital_medicine,>=5_years,high,3,1
V835,bm25,89.07,1,4,194.96,55.15,73.25,20.92,71.83,50.61,64.81,49.5,2,hospital_medicine,>=5_years,high,3,0
V835,graphcare,74.23,1,4,155.0,40.18,48.94,10.63,41.6,64.53,50.93,24.45,3,hospital_medicine,>=5_years,high,3,0
V835,llm_rag,167.16,0,4,162.7,63.53,88.96,31.49,83.9,46.91,81.1,48.84,4,hospital_medicine,>=5_years,high,3,0
V835,control,91.87,1,4,183.89,53.42,67.65,17.07,68.46,54.15,70.13,43.08,5,hospital_medicine,>=5_years,high,3,0
V835,medcpt,76.06,1,4,137.22,41.94,58.4,13.37,49.51,61.86,47.14,21.38,6,hospital_medicine,>=5_years,high,3,0
V835,gdt,84.85,1,4,115.08,42.59,57.32,15.59,45.86,66.73,42.64,27.37,7,hospital_medicine,>=5_years,high,3,1
V835,colbert,75.12,1,4,160.85,44.62,62.24,9.02,44.58,69.38,51.13,31.4,8,hospital_medicine,>=5_years,high,3,0
V835,sdt,75.75,1,4,114.47,38.9,47.25,10.79,36.82,71.57,43.88,23.1,9,hospital_medicine,>=5_years,high,3,1
V910,bm25,72.99,1,3,186.99,50.52,62.75,22.79,61.92,64.06,63.43,28.14,1,critical_care,<5_years,high,2,0
V910,gdt,55.62,1,3,136.47,34.2,40.81,9.96,30.62,70.08,42.49,11.24,2,critical_care,<5_years,high,2,1
V910,control,64.2,1,3,196.21,48.37,62.18,17.64,55.56,63.97,58.06,32.83,3,critical_care,<5_years,high,2,0
V910,sdt,58.5,1,3,112.86,35.6,38.27,13.15,32.74,76.15,37.99,15.32,4,critical_care,<5_years,high,2,1
V910,cma,60.83,1,3,157.63,41.52,46.3,8.19,44.95,68.56,50.45,30.67,5,critical_care,<5_years,high,2,1
V910,graphcare,59.29,1,3,148.51,38.26,45.39,13.18,33.19,70.18,43.45,24.19,6,critical_care,<5_years,high,2,0
V910,colbert,56.93,1,3,146.54,38.16,42.84,14.18,36.5,73.63,41.95,19.84,7,critical_care,<5_years,high,2,0
V910,llm_rag,53.22,1,3,158.15,36.11,42.06,11.02,33.51,74.64,40.79,14.61,8,critical_care,<5_years,high,2,0
V910,medcpt,59.77,1,3,153.76,39.95,49.09,17.9,42.17,60.55,43.45,26.53,9,critical_care,<5_years,high,2,0
V125,sdt,18.78,1,1,112.47,22.37,22.65,8.1,10.71,75.92,14.82,2.0,1,emergency,>=5_years,low,0,1
V125,medcpt,17.58,1,1,161.63,29.34,28.46,5.58,26.11,76.47,23.27,16.14,2,emergency,>=5_years,low,0,0
V125,bm25,115.99,0,1,184.62,55.34,72.57,20.22,66.9,53.79,75.34,43.22,3,emergency,>=5_years,low,0,0
V125,llm_rag,18.1,1,1,177.29,29.26,25.49,8.83,19.58,81.06,26.74,13.86,4,emergency,>=5_years,low,0,0
V125,colbert,20.43,1,1,157.87,28.75,26.9,12.68,20.0,78.01,21.39,13.51,5,emergency,>=5_years,low,0,0
V125,gdt,23.22,1,1,89.53,30.0,24.33,9.51,29.13,83.57,26.64,6.82,6,emergency,>=5_years,low,0,1
V125,graphcare,21.37,1,1,152.22,27.93,19.74,6.1,22.89,79.82,26.04,13.01,7,emergency,>=5_years,low,0,0
V125,cma,22.64,1,1,141.19,33.08,29.83,11.42,29.2,81.36,28.52,18.13,8,emergency,>=5_years,low,0,1
V125,control,25.03,1,1,177.36,40.12,44.92,10.91,38.75,69.35,47.68,29.14,9,emergency,>=5_years,low,0,0
V243,graphcare,72.45,1,4,147.21,39.99,49.64,9.55,47.06,67.26,45.92,20.52,1,critical_care,<5_years,high,3,0
V243,cma,79.51,1,4,138.84,44.22,49.1,9.63,49.11,69.01,53.88,34.58,2,critical_care,<5_years,high,3,1
V243,gdt,76.21,1,4,115.49,43.46,51.54,14.61,49.8,65.1,52.04,27.68,3,critical_care,<5_years,high,3,1
V243,sdt,71.55,1,4,107.6,35.93,43.3,10.7,33.37,66.81,40.82,20.55,4,critical_care,<5_years,high,3,1
V243,medcpt,76.92,1,4,136.72,45.22,53.05,14.14,42.41,73.14,53.85,34.7,5,critical_care,<5_years,high,3,0
V243,colbert,80.61,1,4,159.24,42.77,55.34,18.02,47.98,62.63,46.77,25.9,6,critical_care,<5_years,high,3,0
V243,control,97.33,1,4,192.33,58.17,76.14,20.43,71.78,55.63,76.68,48.36,7,critical_care,<5_years,high,3,0
V243,llm_rag,74.54,1,4,171.9,39.45,46.82,9.74,43.09,61.98,46.94,28.11,8,critical_care,<5_years,high,3,0
V243,bm25,90.27,1,4,177.2,52.34,70.05,14.57,71.05,50.29,66.58,41.52,9,critical_care,<5_years,high,3,0
V814,medcpt,54.28,1,3,125.89,37.69,40.52,4.12,40.76,66.64,46.0,28.1,1,internal_medicine,<5_years,high,2,0
V814,control,65.05,1,3,184.24,47.41,63.07,14.25,54.41,62.45,52.45,37.86,2,internal_medicine,<5_years,high,2,0
V814,gdt,51.32,1,3,138.48,35.29,37.27,14.28,40.0,70.47,30.86,18.87,3,internal_medicine,<5_years,high,2,1
V814,graphcare,61.64,1,3,164.48,40.53,48.42,15.73,43.11,68.63,44.53,22.74,4,internal_medicine,<5_years,high,2,0
V814,llm_rag,62.29,1,3,152.27,41.79,48.89,14.72,43.4,70.64,50.97,22.14,5,internal_medicine,<5_years,high,2,0
V814,sdt,56.39,1,3,111.19,33.61,37.7,9.67,27.87,73.91,36.83,15.67,6,internal_medicine,<5_years,high,2,1
V814,cma,58.63,1,3,139.23,40.67,38.15,19.43,47.47,67.11,48.04,23.82,7,internal_medicine,<5_years,high,2,1
V814,colbert,59.43,1,3,152.29,40.47,41.54,13.23,45.36,71.21,45.91,25.58,8,internal_medicine,<5_years,high,2,0
V814,bm25,68.04,1,3,219.19,49.52,63.11,13.99,57.67,60.94,64.59,36.86,9,internal_medicine,<5_years,high,2,0
V421,bm25,23.05,1,1,186.37,40.65,44.23,11.81,42.64,75.61,41.39,28.22,1,internal_medicine,<5_years,low,0,0
V421,cma,21.14,1,1,137.72,33.17,34.21,4.55,23.28,81.41,28.86,26.72,2,internal_medicine,<5_years,low,0,1
V421,medcpt,18.51,1,1,124.8,29.58,26.66,11.41,23.28,78.8,30.59,6.76,3,internal_medicine,<5_years,low,0,0
V421,colbert,18.42,1,1,192.38,29.09,25.25,7.84,22.3,81.7,26.52,10.9,4,internal_medicine,<5_years,low,0,0
V421,graphcare,20.96,1,1,157.75,30.15,27.41,8.7,26.63,85.76,25.95,6.46,5,internal_medicine,<5_years,low,0,0
V421,control,24.86,1,1,188.65,39.05,44.21,4.39,38.73,70.05,45.77,31.14,6,internal_medicine,<5_years,low,0,0
V421,llm_rag,20.28,1,1,159.6,31.82,21.74,12.65,32.62,83.91,24.42,15.58,7,internal_medicine,<5_years,low,0,0
V421,gdt,19.82,1,1,133.37,27.31,26.28,1.35,16.82,82.59,28.5,8.31,8,internal_medicine,<5_years,low,0,1
V421,sdt,17.49,1,1,112.57,25.12,19.93,5.23,23.03,89.11,11.08,2.36,9,internal_medicine,<5_years,low,0,1
V533,bm25,117.3,1,5,199.53,61.77,87.44,30.69,75.34,52.94,77.74,46.49,1,critical_care,<5_years,high,4,0
V533,cma,92.47,1,5,146.87,49.74,66.39,20.97,59.47,63.85,57.07,30.68,2,critical_care,<5_years,high,4,1
V533,medcpt,92.63,1,5,148.64,43.42,51.87,12.89,51.89,55.99,57.14,30.74,3,critical_care,<5_years,high,4,0
V533,llm_rag,92.47,1,5,176.05,46.04,58.41,20.83,61.13,55.79,51.96,28.15,4,critical_care,<5_years,high,4,0
V533,gdt,102.42,1,5,130.48,47.28,61.53,20.76,54.92,53.73,57.24,35.53,5,critical_care,<5_years,high,4,1
V533,control,110.44,1,5,173.82,57.05,77.83,19.84,66.39,45.51,80.45,52.27,6,critical_care,<5_years,high,4,0
V533,colbert,99.52,1,5,154.9,46.64,59.01,13.3,58.41,60.02,59.44,29.69,7,critical_care,<5_years,high,4,0
V533,sdt,87.28,1,5,116.8,41.55,54.97,21.74,47.57,62.16,47.76,15.08,8,critical_care,<5_years,high,4,1
V533,graphcare,101.78,1,5,151.77,44.78,57.87,14.55,50.7,51.78,64.18,29.63,9,critical_care,<5_years,high,4,0
V983,sdt,54.51,1,3,111.57,34.7,36.82,13.73,32.21,79.56,35.44,10.45,1,critical_care,>=5_years,low,1,1
V983,colbert,58.34,1,3,149.26,37.43,48.66,14.73,37.16,74.33,37.38,12.32,2,critical_care,>=5_years,low,1,0
V983,medcpt,56.62,1,3,142.27,39.06,39.81,11.67,36.26,69.88,51.87,24.88,3,critical_care,>=5_years,low,1,0
V983,cma,57.59,1,3,158.69,40.39,41.34,15.48,49.51,63.99,45.28,26.72,4,critical_care,>=5_years,low,1,1
V983,bm25,68.47,1,3,188.85,48.83,61.83,13.9,54.78,63.52,61.88,37.08,5,critical_care,>=5_years,low,1,0
V983,llm_rag,60.21,1,3,158.97,38.32,39.3,4.85,39.21,68.31,46.94,31.29,6,critical_care,>=5_years,low,1,0
V983,graphcare,57.32,1,3,148.5,39.05,40.02,18.67,35.48,71.19,47.55,21.4,7,critical_care,>=5_years,low,1,0
V983,control,68.27,1,3,191.46,51.39,62.51,18.5,70.49,58.69,61.47,36.68,8,critical_care,>=5_years,low,1,0
V983,gdt,53.55,1,3,126.41,36.5,51.68,11.07,31.97,70.6,34.87,18.81,9,critical_care,>=5_years,low,1,1
V305,gdt,91.88,1,5,125.93,48.38,57.88,22.9,56.62,63.35,52.88,36.65,1,critical_care,>=5_years,high,4,1
V305,sdt,90.58,1,5,117.54,44.67,55.47,20.18,50.16,64.07,50.43,27.73,2,critical_care,>=5_years,high,4,1
V305,control,126.67,1,5,184.19,61.02,86.42,17.75,86.2,49.04,79.74,46.99,3,critical_care,>=5_years,high,4,0
V305,llm_rag,102.02,1,5,173.78,46.81,63.57,16.35,57.78,54.19,59.25,29.69,4,critical_care,>=5_years,high,4,0
V305,cma,99.54,1,5,138.79,50.29,69.44,22.65,60.07,52.35,68.4,28.83,5,critical_care,>=5_years,high,4,1
V305,bm25,113.05,1,5,183.35,58.17,72.75,25.93,79.0,49.7,77.53,44.13,6,critical_care,>=5_years,high,4,0
V305,colbert,96.33,1,5,161.1,45.41,63.98,13.63,48.54,55.62,65.9,24.77,7,critical_care,>=5_years,high,4,0
V305,graphcare,101.46,1,5,156.01,46.06,61.43,16.24,62.28,56.51,59.27,20.66,8,critical_care,>=5_years,high,4,0
V305,medcpt,100.1,1,5,148.93,49.11,56.95,12.53,64.63,59.24,60.39,40.92,9,critical_care,>=5_years,high,4,0
V149,gdt,78.05,1,4,129.34,43.89,58.65,10.84,42.4,65.48,55.96,30.04,1,critical_care,>=5_years,high,3,1
V149,medcpt,76.26,1,4,142.74,46.04,52.98,17.3,52.49,75.11,50.0,28.33,2,critical_care,>=5_years,high,3,0
V149,bm25,93.07,1,4,213.0,54.89,70.75,14.21,81.09,55.23,68.56,39.48,3,critical_care,>=5_years,high,3,0
V149,cma,85.13,1,4,146.99,46.79,66.35,15.9,51.3,57.25,62.14,27.79,4,critical_care,>=5_years,high,3,1
V149,colbert,80.98,1,4,156.51,44.72,54.15,19.37,49.44,67.72,52.81,24.82,5,critical_care,>=5_years,high,3,0
V149,llm_rag,78.09,1,4,175.46,40.27,47.02,16.68,48.05,55.8,44.06,30.02,6,critical_care,>=5_years,high,3,0
V149,graphcare,76.97,1,4,143.57,43.46,54.62,15.29,50.64,63.58,48.91,27.74,7,critical_care,>=5_years,high,3,0
V149,sdt,72.13,1,4,129.54,38.29,42.55,7.12,40.17,70.24,46.58,23.09,8,critical_care,>=5_years,high,3,1
V149,control,98.52,1,4,192.59,55.85,83.34,18.29,75.08,49.94,64.8,43.63,9,critical_care,>=5_years,high,3,0
V216,medcpt,20.73,1,1,126.45,32.13,31.47,3.41,27.35,83.12,30.59,16.85,1,critical_care,<5_years,low,0,0
V216,bm25,20.33,1,1,181.09,38.92,36.85,9.43,32.87,77.16,44.08,33.1,2,critical_care,<5_years,low,0,0
V216,gdt,16.96,1,1,110.51,27.39,26.89,0.0,20.14,79.39,27.75,10.14,3,critical_care,<5_years,low,0,1
V216,control,22.98,1,1,229.75,38.91,46.05,15.01,43.72,76.11,31.77,20.79,4,critical_care,<5_years,low,0,0
V216,colbert,19.76,1,1,158.32,31.64,30.47,12.95,20.13,84.24,26.43,15.61,5,critical_care,<5_years,low,0,0
V216,graphcare,18.28,1,1,176.0,30.03,35.0,2.78,27.52,78.38,24.26,12.23,6,critical_care,<5_years,low,0,0
V216,sdt,16.97,1,1,126.13,24.44,17.19,11.02,13.55,79.7,23.59,1.57,7,critical_care,<5_years,low,0,1
V216,cma,22.1,1,1,149.7,29.66,28.47,5.77,24.0,77.26,29.43,13.05,8,critical_care,<5_years,low,0,1
V216,llm_rag,20.59,1,1,149.11,27.79,23.89,14.18,21.14,76.04,25.41,6.06,9,critical_care,<5_years,low,0,0
V414,cma,87.07,1,4,135.85,46.35,56.55,21.57,59.56,58.41,57.04,24.95,1,emergency,>=5_years,high,1,1
V414,medcpt,81.65,1,4,143.93,44.43,53.04,15.03,50.17,68.96,50.16,29.24,2,emergency,>=5_years,high,1,0
V414,colbert,78.63,1,4,151.36,43.84,52.54,15.81,53.4,67.31,50.69,23.27,3,emergency,>=5_years,high,1,0
V414,sdt,71.21,1,4,117.95,37.81,47.03,15.59,35.72,71.96,37.54,19.03,4,emergency,>=5_years,high,1,1
V414,bm25,84.86,1,4,176.12,52.42,69.41,22.23,65.32,51.79,69.75,36.0,5,emergency,>=5_years,high,1,0
V414,gdt,75.03,1,4,134.11,43.54,54.72,15.74,51.5,64.31,52.29,22.68,6,emergency,>=5_years,high,1,1
V414,llm_rag,74.97,1,4,160.58,42.98,48.79,14.14,50.24,70.63,49.56,24.55,7,emergency,>=5_years,high,1,0
V414,graphcare,80.85,1,4,140.33,45.28,59.96,15.09,46.11,59.35,57.01,34.15,8,emergency,>=5_years,high,1,0
V414,control,94.29,1,4,190.19,52.5,69.52,19.22,66.5,53.22,71.01,35.52,9,emergency,>=5_years,high,1,0
V444,control,56.24,1,2,207.23,46.13,58.35,13.09,63.85,66.29,48.29,26.93,1,emergency,>=5_years,low,0,0
V444,bm25,46.84,1,2,172.67,42.8,54.95,4.12,49.9,64.59,55.32,27.92,2,emergency,>=5_years,low,0,0
V444,colbert,38.28,1,2,167.98,34.97,25.75,13.92,34.33,79.41,36.86,19.56,3,emergency,>=5_years,low,0,0
V444,cma,39.4,1,2,155.29,36.12,36.07,10.03,41.26,74.23,39.18,15.94,4,emergency,>=5_years,low,0,1
V444,sdt,37.92,1,2,111.64,29.91,31.46,5.69,21.99,79.14,24.44,16.7,5,emergency,>=5_years,low,0,1
V444,medcpt,37.31,1,2,133.93,35.23,34.81,11.0,39.11,71.91,31.43,23.13,6,emergency,>=5_years,low,0,0
V444,llm_rag,37.55,1,2,154.91,33.26,37.11,16.96,25.62,74.71,32.02,13.18,7,emergency,>=5_years,low,0,0
V444,gdt,40.58,1,2,120.37,32.14,37.4,8.31,19.78,73.9,36.46,17.01,8,emergency,>=5_years,low,0,1
V444,graphcare,34.79,1,2,143.42,33.42,35.6,14.12,29.45,77.0,33.16,11.19,9,emergency,>=5_years,low,0,0
V556,graphcare,59.62,1,3,156.55,39.54,46.78,5.36,45.33,76.24,45.57,17.97,1,hospital_medicine,>=5_years,high,2,0
V556,bm25,69.63,1,3,182.09,50.57,58.13,25.03,61.7,61.22,58.75,38.58,2,hospital_medicine,>=5_years,high,2,0
V556,colbert,56.04,1,3,156.82,36.89,42.57,10.66,40.08,67.86,41.55,18.63,3,hospital_medicine,>=5_years,high,2,0
V556,cma,56.87,1,3,149.61,36.75,42.12,12.64,36.47,63.64,46.38,19.26,4,hospital_medicine,>=5_years,high,2,1
V556,llm_rag,57.35,1,3,162.12,38.82,51.21,8.05,35.9,76.65,39.8,21.35,5,hospital_medicine,>=5_years,high,2,0
V556,sdt,55.44,1,3,117.47,33.8,36.53,13.26,28.29,73.27,37.94,13.51,6,hospital_medicine,>=5_years,high,2,1
V556,medcpt,56.76,1,3,132.56,38.16,40.65,8.32,40.87,73.36,48.78,17.0,7,hospital_medicine,>=5_years,high,2,0
V556,control,70.43,1,3,194.3,48.26,63.03,18.38,60.85,58.48,60.33,28.48,8,hospital_medicine,>=5_years,high,2,0
V556,gdt,54.78,1,3,128.14,38.07,37.92,16.77,36.67,67.57,45.16,24.3,9,hospital_medicine,>=5_years,high,2,1
V752,control,94.63,1,4,203.93,53.67,77.02,16.24,66.33,54.4,67.36,40.69,1,emergency,<5_years,high,2,0
V752,sdt,72.32,1,4,106.83,38.27,45.05,9.78,37.49,69.53,41.66,26.12,2,emergency,<5_years,high,2,1
V752,medcpt,81.29,1,4,143.57,46.59,54.05,21.41,54.58,61.75,58.97,28.8,3,emergency,<5_years,high,2,0
V752,cma,82.14,1,4,135.14,44.2,55.24,18.19,50.7,61.52,51.09,28.49,4,emergency,<5_years,high,2,1
V752,colbert,79.34,1,4,158.08,41.54,52.03,18.07,45.04,57.3,47.62,29.19,5,emergency,<5_years,high,2,0
V752,gdt,76.41,1,4,134.19,41.64,52.62,13.08,40.69,70.36,49.1,23.98,6,emergency,<5_years,high,2,1
V752,graphcare,73.72,1,4,152.12,42.74,57.02,14.4,41.3,66.64,49.47,27.59,7,emergency,<5_years,high,2,0
V752,llm_rag,175.23,0,4,172.89,60.93,84.68,22.99,87.77,42.77,75.8,51.55,8,emergency,<5_years,high,2,0
V752,bm25,94.99,1,4,174.72,54.6,76.29,19.62,60.21,51.21,73.72,46.57,9,emergency,<5_years,high,2,0
V993,gdt,92.48,1,5,130.36,47.17,59.2,22.37,51.53,66.06,53.29,30.6,1,critical_care,>=5_years,high,2,1
V993,control,123.84,1,5,195.25,58.33,77.3,20.57,81.21,45.51,78.93,46.46,2,critical_care,>=5_years,high,2,0
V993,colbert,93.24,1,5,157.43,48.35,64.77,25.14,54.7,64.05,54.66,26.79,3,critical_care,>=5_years,high,2,0
V993,medcpt,97.19,1,5,153.61,49.3,65.21,14.62,53.99,63.73,54.49,43.77,4,critical_care,>=5_years,high,2,0
V993,sdt,92.62,1,5,125.24,43.79,56.53,16.94,50.4,63.48,48.36,27.04,5,critical_care,>=5_years,high,2,1
V993,graphcare,96.94,1,5,158.1,47.05,60.27,10.34,53.48,56.48,66.19,35.56,6,critical_care,>=5_years,high,2,0
V993,bm25,112.25,1,5,175.12,60.09,77.09,23.08,73.6,55.63,82.67,48.48,7,critical_care,>=5_years,high,2,0
V993,llm_rag,102.55,1,5,163.62,50.41,69.02,19.24,64.29,53.38,61.74,34.82,8,critical_care,>=5_years,high,2,0
V993,cma,103.93,1,5,151.11,50.24,69.06,15.99,63.59,54.91,66.55,31.36,9,critical_care,>=5_years,high,2,1
V881,control,25.18,1,1,252.47,39.09,35.34,14.74,36.07,79.31,41.68,27.43,1,internal_medicine,>=5_years,low,0,0
V881,colbert,18.39,1,1,156.19,30.78,27.09,9.15,21.24,86.79,31.36,9.05,2,internal_medicine,>=5_years,low,0,0
V881,llm_rag,16.52,1,1,202.44,27.18,25.29,8.97,17.11,75.69,27.9,8.1,3,internal_medicine,>=5_years,low,0,0
V881,medcpt,21.57,1,1,131.53,33.6,25.78,12.18,28.98,80.57,31.58,22.51,4,internal_medicine,>=5_years,low,0,0
V881,cma,20.21,1,1,130.59,31.05,32.94,11.28,24.3,79.46,23.25,15.05,5,internal_medicine,>=5_years,low,0,1
V881,sdt,19.65,1,1,120.16,23.07,21.23,4.04,13.36,80.93,11.98,6.86,6,internal_medicine,>=5_years,low,0,1
V881,gdt,22.17,1,1,150.19,30.3,27.16,7.87,22.32,84.62,25.6,14.23,7,internal_medicine,>=5_years,low,0,1
V881,graphcare,20.62,1,1,128.27,30.39,22.52,16.99,27.05,85.47,24.18,6.14,8,internal_medicine,>=5_years,low,0,0
V881,bm25,24.5,1,1,163.96,42.33,42.29,16.69,43.31,68.55,48.39,34.74,9,internal_medicine,>=5_years,low,0,0
V317,llm_rag,18.94,1,1,179.1,31.32,32.95,12.66,29.25,72.53,24.74,15.79,1,critical_care,<5_years,low,0,0
V317,graphcare,23.03,1,1,140.95,28.27,24.76,7.84,22.47,80.03,25.79,8.74,2,critical_care,<5_years,low,0,0
V317,cma,20.95,1,1,172.45,31.04,27.72,8.68,31.19,79.69,24.38,14.55,3,critical_care,<5_years,low,0,1
V317,bm25,22.99,1,1,213.61,38.01,45.25,16.88,36.32,71.06,37.68,20.89,4,critical_care,<5_years,low,0,0
V317,colbert,20.85,1,1,155.11,31.04,31.67,10.41,17.4,82.03,24.37,20.38,5,critical_care,<5_years,low,0,0
V317,sdt,14.15,1,1,99.16,24.9,22.82,0.0,15.65,84.44,18.83,7.64,6,critical_care,<5_years,low,0,1
V317,medcpt,18.59,1,1,154.83,29.97,27.68,8.35,27.87,76.1,21.91,17.91,7,critical_care,<5_years,low,0,0
V317,gdt,17.51,1,1,137.2,30.65,25.6,13.77,24.31,82.63,27.04,10.53,8,critical_care,<5_years,low,0,1
V317,control,22.24,1,1,180.28,40.09,45.93,11.98,40.51,70.65,44.43,27.02,9,critical_care,<5_years,low,0,0
V767,control,70.43,1,3,169.73,52.76,64.28,18.0,63.41,60.61,68.47,41.77,1,internal_medicine,<5_years,low,0,0
V767,gdt,63.79,1,3,135.65,35.28,40.51,8.07,32.76,71.1,40.01,19.23,2,internal_medicine,<5_years,low,0,1
V767,llm_rag,61.33,1,3,160.89,37.41,47.79,3.97,32.55,72.42,41.54,26.17,3,internal_medicine,<5_years,low,0,0
V767,cma,59.03,1,3,152.97,42.51,46.7,13.99,46.71,77.21,50.36,20.07,4,internal_medicine,<5_years,low,0,1
V767,bm25,69.32,1,3,195.39,47.77,62.76,15.28,55.89,58.23,58.33,36.15,5,internal_medicine,<5_years,low,0,0
V767,graphcare,56.46,1,3,147.22,38.48,40.99,13.39,39.15,72.82,42.3,22.22,6,internal_medicine,<5_years,low,0,0
V767,medcpt,56.88,1,3,140.24,36.84,40.36,14.25,38.36,66.75,40.63,20.69,7,internal_medicine,<5_years,low,0,0
V767,colbert,62.33,1,3,163.69,40.2,46.45,10.08,38.24,71.87,49.38,25.18,8,internal_medicine,<5_years,low,0,0
V767,sdt,52.44,1,3,115.19,32.87,33.64,11.26,24.56,77.08,33.48,17.23,9,internal_medicine,<5_years,low,0,1
V022,colbert,53.23,1,3,150.89,37.79,38.46,16.97,40.23,72.74,40.66,17.69,1,hospital_medicine,>=5_years,high,2,0
V022,bm25,80.06,1,3,197.3,50.32,71.37,14.12,59.14,59.97,59.85,37.45,2,hospital_medicine,>=5_years,high,2,0
V022,medcpt,57.23,1,3,140.21,39.03,40.24,10.99,46.73,71.5,49.76,14.95,3,hospital_medicine,>=5_years,high,2,0
V022,graphcare,60.07,1,3,139.62,39.56,42.81,10.43,43.25,69.27,45.52,26.1,4,hospital_medicine,>=5_years,high,2,0
V022,cma,56.61,1,3,148.45,39.5,45.37,16.27,42.91,65.63,43.15,23.67,5,hospital_medicine,>=5_years,high,2,1
V022,llm_rag,58.19,1,3,176.76,37.92,41.02,6.61,44.73,69.32,40.68,25.14,6,hospital_medicine,>=5_years,high,2,0
V022,control,64.45,1,3,185.1,47.64,59.01,16.96,54.91,66.3,56.02,32.61,7,hospital_medicine,>=5_years,high,2,0
V022,sdt,55.25,1,3,110.99,32.55,35.72,6.35,34.97,73.21,32.73,12.35,8,hospital_medicine,>=5_years,high,2,1
V022,gdt,53.98,1,3,127.8,33.51,42.51,0.0,34.92,61.8,37.44,24.41,9,hospital_medicine,>=5_years,high,2,1
V392,colbert,18.07,1,1,140.66,29.78,28.75,5.13,20.6,73.86,28.36,21.96,1,emergency,>=5_years,low,0,0
V392,sdt,15.25,1,1,103.69,24.58,21.18,6.79,11.69,90.13,15.02,2.65,2,emergency,>=5_years,low,0,1
V392,graphcare,22.49,1,1,133.4,29.43,21.23,9.72,23.1,84.92,24.83,12.79,3,emergency,>=5_years,low,0,0
V392,llm_rag,18.26,1,1,169.61,33.89,31.63,11.05,27.83,83.27,28.65,20.92,4,emergency,>=5_years,low,0,0
V392,bm25,25.3,1,1,183.52,40.27,49.7,14.23,37.17,68.33,41.04,31.16,5,emergency,>=5_years,low,0,0
V392,medcpt,20.51,1,1,161.31,31.21,20.92,9.14,32.84,81.48,31.21,11.69,6,emergency,>=5_years,low,0,0
V392,control,28.61,1,1,177.63,43.15,46.67,15.95,32.29,75.51,53.54,34.92,7,emergency,>=5_years,low,0,0
V392,gdt,16.1,1,1,141.2,28.93,20.87,17.02,17.48,83.4,25.04,9.79,8,emergency,>=5_years,low,0,1
V392,cma,17.21,1,1,160.67,30.3,29.88,6.46,24.82,77.1,31.51,12.01,9,emergency,>=5_years,low,0,1
V659,graphcare,39.9,1,2,150.85,35.77,42.84,12.89,36.44,78.1,31.27,13.05,1,emergency,>=5_years,low,0,0
V659,control,41.2,1,2,182.56,42.86,56.19,11.92,55.28,70.01,43.91,19.86,2,emergency,>=5_years,low,0,0
V659,llm_rag,39.88,1,2,145.78,33.72,32.58,13.37,32.83,72.84,34.16,16.55,3,emergency,>=5_years,low,0,0
V659,medcpt,37.67,1,2,134.6,38.74,39.84,12.57,43.41,78.85,35.05,22.71,4,emergency,>=5_years,low,0,0
V659,sdt,43.54,1,2,113.88,32.23,33.67,6.64,12.9,81.58,41.83,16.74,5,emergency,>=5_years,low,0,1
V659,cma,44.91,1,2,146.22,35.61,37.41,10.41,34.51,69.61,39.43,22.29,6,emergency,>=5_years,low,0,1
V659,bm25,47.35,1,2,186.86,45.13,50.85,13.75,54.24,66.87,54.17,30.89,7,emergency,>=5_years,low,0,0
V659,gdt,33.72,1,2,141.44,31.69,31.08,12.76,24.15,76.82,28.58,16.75,8,emergency,>=5_years,low,0,1
V659,colbert,36.59,1,2,135.38,40.8,38.28,15.28,37.16,84.78,38.22,31.08,9,emergency,>=5_years,low,0,0
V502,llm_rag,58.49,1,3,179.8,40.24,44.6,10.57,43.19,77.32,45.26,20.48,1,critical_care,>=5_years,high,2,0
V502,bm25,62.55,1,3,174.19,46.79,58.59,20.34,54.08,58.98,54.73,34.0,2,critical_care,>=5_years,high,2,0
V502,colbert,60.82,1,3,152.95,38.81,42.12,12.45,46.65,74.37,39.05,18.21,3,critical_care,>=5_years,high,2,0
V502,control,60.31,1,3,196.26,47.75,54.95,14.41,59.55,60.47,60.48,36.62,4,critical_care,>=5_years,high,2,0
V502,cma,60.0,1,3,139.11,39.23,45.59,8.25,47.4,69.59,41.4,23.14,5,critical_care,>=5_years,high,2,1
V502,sdt,57.26,1,3,115.03,34.44,36.26,7.92,38.79,77.73,31.21,14.7,6,critical_care,>=5_years,high,2,1
V502,medcpt,63.17,1,3,155.58,40.28,41.12,14.99,42.96,72.51,49.83,20.27,7,critical_care,>=5_years,high,2,0
V502,gdt,58.19,1,3,122.07,36.95,45.98,6.05,42.49,68.0,39.83,19.35,8,critical_care,>=5_years,high,2,1
V502,graphcare,57.6,1,3,142.79,39.15,46.13,8.23,46.11,73.28,39.35,21.78,9,critical_care,>=5_years,high,2,0
V611,control,300.0,0,5,198.84,71.56,100.0,41.6,100.0,3.94,100.0,83.82,1,critical_care,<5_years,high,3,0
V611,colbert,300.0,0,5,158.27,69.88,100.0,32.08,100.0,12.46,100.0,74.75,2,critical_care,<5_years,high,3,0
V611,cma,300.0,0,5,148.38,70.24,100.0,35.06,100.0,15.79,100.0,70.62,3,critical_care,<5_years,high,3,1
V611,sdt,290.6,0,5,114.75,70.09,100.0,35.25,100.0,24.46,100.0,60.82,4,critical_care,<5_years,high,3,1
V611,medcpt,300.0,0,5,135.57,70.09,100.0,37.28,100.0,10.72,100.0,72.56,5,critical_care,<5_years,high,3,0
V611,bm25,120.86,1,5,183.31,57.81,88.51,18.14,72.75,42.94,75.65,48.85,6,critical_care,<5_years,high,3,0
V611,gdt,290.47,0,5,129.39,70.63,100.0,34.6,100.0,22.49,100.0,66.7,7,critical_care,<5_years,high,3,1
V611,graphcare,300.0,0,5,135.48,71.16,100.0,36.23,100.0,21.48,100.0,69.26,8,critical_care,<5_years,high,3,0
V611,llm_rag,98.14,1,5,168.38,44.85,57.16,11.63,56.59,55.77,58.1,29.86,9,critical_care,<5_years,high,3,0
V837,graphcare,112.34,0,1,162.47,44.79,55.5,14.14,56.6,59.4,55.1,28.0,1,emergency,>=5_years,low,0,0
V837,llm_rag,122.93,0,1,174.69,49.88,63.6,17.86,62.94,69.21,59.72,25.95,2,emergency,>=5_years,low,0,0
V837,bm25,126.54,0,1,178.81,55.74,77.68,15.07,73.58,44.76,72.32,51.05,3,emergency,>=5_years,low,0,0
V837,cma,117.21,0,1,170.96,48.26,57.09,29.32,55.78,51.15,59.87,36.35,4,emergency,>=5_years,low,0,1
V837,colbert,116.55,0,1,163.98,45.84,53.64,14.04,62.86,55.93,60.69,27.85,5,emergency,>=5_years,low,0,0
V837,control,129.81,0,1,193.6,58.33,76.41,18.88,73.07,51.21,75.79,54.65,6,emergency,>=5_years,low,0,0
V837,medcpt,110.97,0,1,162.1,46.05,59.44,15.47,45.85,65.41,54.63,35.5,7,emergency,>=5_years,low,0,0
V837,gdt,17.98,1,1,128.32,32.53,26.37,9.99,25.23,86.61,34.71,12.27,8,emergency,>=5_years,low,0,1
V837,sdt,17.72,1,1,102.3,23.53,15.19,2.57,19.33,82.48,13.23,8.34,9,emergency,>=5_years,low,0,1
V290,graphcare,56.98,1,3,138.77,38.6,44.57,16.24,40.62,68.73,44.97,16.48,1,critical_care,<5_years,low,1,0
V290,colbert,60.47,1,3,164.48,38.6,38.92,10.97,42.4,67.52,46.19,25.62,2,critical_care,<5_years,low,1,0
V290,gdt,55.94,1,3,131.19,37.19,43.57,7.79,33.26,77.3,40.63,20.56,3,critical_care,<5_years,low,1,1
V290,control,66.42,1,3,181.07,50.99,65.99,22.75,65.73,55.61,62.74,33.12,4,critical_care,<5_years,low,1,0
V290,cma,56.56,1,3,144.5,36.87,45.17,8.91,40.35,59.67,45.78,21.33,5,critical_care,<5_years,low,1,1
V290,bm25,70.34,1,3,193.47,47.83,64.54,11.04,57.37,56.85,60.73,36.42,6,critical_care,<5_years,low,1,0
V290,medcpt,57.63,1,3,156.88,40.46,44.28,13.51,44.09,68.75,47.91,24.2,7,critical_care,<5_years,low,1,0
V290,sdt,54.1,1,3,117.08,36.04,30.07,18.44,32.33,75.91,44.3,15.17,8,critical_care,<5_years,low,1,1
V290,llm_rag,60.97,1,3,162.74,35.42,39.06,9.65,34.84,66.58,37.49,24.87,9,critical_care,<5_years,low,1,0
V748,cma,40.58,1,2,143.5,35.64,35.84,13.97,38.25,73.88,34.47,17.44,1,internal_medicine,<5_years,low,1,1
V748,gdt,36.38,1,2,118.44,32.81,34.08,7.54,27.6,74.46,29.45,23.7,2,internal_medicine,<5_years,low,1,1
V748,colbert,44.28,1,2,143.41,37.65,35.63,15.78,43.27,74.78,30.02,26.44,3,internal_medicine,<5_years,low,1,0
V748,medcpt,40.55,1,2,131.06,35.45,38.74,14.83,36.09,63.85,41.54,17.66,4,internal_medicine,<5_years,low,1,0
V748,control,46.9,1,2,180.41,44.85,61.99,13.6,46.82,69.18,48.66,28.87,5,internal_medicine,<5_years,low,1,0
V748,bm25,47.59,1,2,169.25,42.35,50.25,9.29,43.76,69.33,44.67,36.77,6,internal_medicine,<5_years,low,1,0
V748,graphcare,38.4,1,2,140.97,34.56,33.2,14.55,32.48,75.7,32.52,18.9,7,internal_medicine,<5_years,low,1,0
V748,sdt,40.25,1,2,119.17,31.61,37.2,10.38,23.75,75.0,27.58,15.74,8,internal_medicine,<5_years,low,1,1
V748,llm_rag,38.97,1,2,155.32,33.15,35.73,3.09,36.66,72.39,29.56,21.49,9,internal_medicine,<5_years,low,1,0
V678,llm_rag,19.08,1,1,181.42,31.03,27.7,4.59,23.72,82.78,31.2,16.2,1,internal_medicine,<5_years,low,0,0
V678,graphcare,18.96,1,1,149.79,29.17,22.7,7.74,23.28,80.88,26.42,14.01,2,internal_medicine,<5_years,low,0,0
V678,gdt,19.31,1,1,132.53,27.96,19.99,0.0,23.01,86.95,26.57,11.26,3,internal_medicine,<5_years,low,0,1
V678,cma,21.29,1,1,138.68,31.72,32.18,6.24,34.68,82.9,26.59,7.74,4,internal_medicine,<5_years,low,0,1
V678,bm25,23.79,1,1,202.9,37.07,36.35,10.34,33.84,80.21,34.47,27.23,5,internal_medicine,<5_years,low,0,0
V678,control,26.99,1,1,186.02,38.99,40.58,15.67,40.48,70.25,38.26,28.73,6,internal_medicine,<5_years,low,0,0
V678,medcpt,18.79,1,1,139.34,30.19,20.6,4.93,29.66,75.75,31.19,18.98,7,internal_medicine,<5_years,low,0,0
V678,sdt,16.3,1,1,96.01,25.47,21.81,4.05,12.17,86.86,19.52,8.44,8,internal_medicine,<5_years,low,0,1
V678,colbert,17.49,1,1,149.21,28.71,26.77,5.65,24.5,71.98,30.34,13.04,9,internal_medicine,<5_years,low,0,0
V162,medcpt,39.46,1,2,156.89,31.83,34.45,7.91,30.71,71.52,34.29,12.12,1,emergency,>=5_years,low,0,0
V162,colbert,42.04,1,2,185.46,37.13,31.74,17.18,33.25,75.59,41.56,23.44,2,emergency,>=5_years,low,0,0
V162,cma,38.58,1,2,142.92,36.09,42.23,16.39,38.08,68.52,31.3,20.04,3,emergency,>=5_years,low,0,1
V162,gdt,39.3,1,2,132.69,31.98,23.62,7.83,30.71,76.99,37.38,15.36,4,emergency,>=5_years,low,0,1
V162,control,44.43,1,2,169.85,39.24,53.5,8.07,40.43,62.0,46.32,25.14,5,emergency,>=5_years,low,0,0
V162,bm25,44.78,1,2,207.35,44.04,52.93,16.45,50.0,61.75,51.11,32.03,6,emergency,>=5_years,low,0,0
V162,llm_rag,35.48,1,2,160.51,31.14,38.66,7.78,26.16,76.67,25.78,11.78,7,emergency,>=5_years,low,0,0
V162,sdt,36.99,1,2,114.82,30.81,27.79,11.69,28.76,78.0,31.17,7.45,8,emergency,>=5_years,low,0,1
V162,graphcare,43.0,1,2,150.15,37.07,41.16,16.12,30.78,78.55,33.16,22.67,9,emergency,>=5_years,low,0,0
V756,bm25,108.53,1,5,179.32,58.01,80.64,20.35,71.59,50.72,75.42,49.36,1,emergency,>=5_years,high,2,0
V756,llm_rag,101.2,1,5,170.92,48.86,62.96,23.79,53.5,55.66,64.38,32.84,2,emergency,>=5_years,high,2,0
V756,sdt,88.39,1,5,112.71,40.52,52.35,13.2,42.67,60.73,43.48,30.68,3,emergency,>=5_years,high,2,1
V756,control,108.93,1,5,190.35,58.02,84.36,21.19,80.45,52.85,66.65,42.64,4,emergency,>=5_years,high,2,0
V756,colbert,94.63,1,5,161.05,44.67,59.03,13.97,51.84,55.85,57.93,29.38,5,emergency,>=5_years,high,2,0
V756,gdt,99.56,1,5,113.61,48.34,69.33,21.88,49.01,63.11,57.35,29.38,6,emergency,>=5_years,high,2,1
V756,cma,102.9,1,5,154.76,50.98,65.92,21.53,56.17,62.21,63.08,36.95,7,emergency,>=5_years,high,2,1
V756,graphcare,95.56,1,5,150.68,47.91,63.85,18.24,56.25,57.09,57.39,34.61,8,emergency,>=5_years,high,2,0
V756,medcpt,92.31,1,5,133.2,46.75,57.47,16.15,57.26,57.98,62.75,28.85,9,emergency,>=5_years,high,2,0
V675,control,95.29,1,4,192.98,54.84,75.08,17.17,68.6,56.85,72.24,39.11,1,critical_care,<5_years,high,3,0
V675,colbert,77.64,1,4,141.15,42.84,49.8,16.77,42.9,64.99,53.79,28.76,2,critical_care,<5_years,high,3,0
V675,cma,80.95,1,4,146.36,48.24,62.72,19.55,54.51,64.16,51.12,37.39,3,critical_care,<5_years,high,3,1
V675,sdt,70.4,1,4,116.51,36.62,44.2,11.69,36.39,66.59,39.03,21.83,4,critical_care,<5_years,high,3,1
V675,medcpt,80.39,1,4,145.24,44.44,54.58,15.72,55.4,60.55,45.88,34.52,5,critical_care,<5_years,high,3,0
V675,llm_rag,175.11,0,4,169.47,57.28,78.06,19.84,76.91,48.26,80.94,39.71,6,critical_care,<5_years,high,3,0
V675,gdt,68.66,1,4,123.37,41.11,51.05,18.32,45.18,62.06,50.29,19.75,7,critical_care,<5_years,high,3,1
V675,bm25,92.32,1,4,195.21,53.35,75.89,19.03,68.21,51.31,67.04,38.6,8,critical_care,<5_years,high,3,0
V675,graphcare,77.87,1,4,162.82,43.03,55.7,16.96,46.36,72.36,47.02,19.79,9,critical_care,<5_years,high,3,0
V871,llm_rag,39.41,1,2,150.73,34.49,33.35,11.45,34.03,75.24,37.11,15.76,1,hospital_medicine,<5_years,low,1,0
V871,bm25,47.39,1,2,217.41,45.11,53.04,17.29,50.43,70.36,52.74,26.79,2,hospital_medicine,<5_years,low,1,0
V871,sdt,36.62,1,2,93.42,29.03,33.24,11.74,21.05,79.25,24.79,4.14,3,hospital_medicine,<5_years,low,1,1
V871,graphcare,40.25,1,2,131.03,34.95,39.44,18.17,33.83,74.69,33.38,10.21,4,hospital_medicine,<5_years,low,1,0
V871,colbert,40.3,1,2,142.38,34.67,33.75,9.15,30.34,79.66,36.48,18.65,5,hospital_medicine,<5_years,low,1,0
V871,medcpt,39.78,1,2,138.0,34.64,33.34,11.41,29.98,76.2,32.48,24.43,6,hospital_medicine,<5_years,low,1,0
V871,gdt,36.67,1,2,127.27,33.99,37.15,5.25,30.3,76.92,37.82,16.47,7,hospital_medicine,<5_years,low,1,1
V871,control,43.96,1,2,191.48,41.93,49.62,14.24,41.46,67.35,51.31,27.59,8,hospital_medicine,<5_years,low,1,0
V871,cma,44.33,1,2,143.05,36.23,43.91,7.74,35.23,62.64,42.39,25.45,9,hospital_medicine,<5_years,low,1,1
V350,gdt,89.85,1,5,134.01,44.64,60.43,9.52,52.39,61.25,57.81,26.44,1,critical_care,<5_years,high,3,1
V350,cma,106.52,1,5,153.88,53.55,73.74,22.88,66.33,56.26,65.93,36.17,2,critical_care,<5_years,high,3,1
V350,sdt,91.77,1,5,110.74,43.35,54.03,16.93,52.14,62.06,44.73,30.22,3,critical_care,<5_years,high,3,1
V350,colbert,103.31,1,5,153.49,49.3,61.07,19.4,56.86,62.81,67.09,28.6,4,critical_care,<5_years,high,3,0
V350,llm_rag,107.85,1,5,173.36,51.94,63.61,24.52,61.09,59.12,60.11,43.18,5,critical_care,<5_years,high,3,0
V350,control,114.31,1,5,216.57,57.57,84.16,17.87,73.94,51.42,71.77,46.28,6,critical_care,<5_years,high,3,0
V350,bm25,105.43,1,5,184.25,57.83,73.01,21.36,84.45,42.54,73.82,51.8,7,critical_care,<5_years,high,3,0
V350,graphcare,94.63,1,5,152.34,46.0,59.2,15.98,47.4,60.51,59.14,33.79,8,critical_care,<5_years,high,3,0
V350,medcpt,109.09,1,5,132.59,50.22,69.62,14.93,60.2,55.22,62.91,38.45,9,critical_care,<5_years,high,3,0
V796,sdt,73.63,1,4,117.38,38.56,49.81,12.37,39.29,70.77,40.95,18.14,1,internal_medicine,>=5_years,high,3,1
V796,colbert,80.57,1,4,142.95,44.67,56.71,17.24,48.55,62.37,54.95,28.2,2,internal_medicine,>=5_years,high,3,0
V796,medcpt,84.78,1,4,146.58,43.11,58.2,10.07,48.31,66.48,50.54,25.04,3,internal_medicine,>=5_years,high,3,0
V796,control,98.12,1,4,179.45,55.05,76.06,21.1,71.43,53.6,71.38,36.72,4,internal_medicine,>=5_years,high,3,0
V796,cma,84.06,1,4,153.57,45.33,60.45,18.37,48.06,59.87,56.85,28.39,5,internal_medicine,>=5_years,high,3,1
V796,graphcare,80.57,1,4,133.28,43.04,50.84,15.38,55.36,62.33,52.17,22.15,6,internal_medicine,>=5_years,high,3,0
V796,llm_rag,72.43,1,4,166.06,39.88,49.32,11.36,41.21,66.38,48.66,22.35,7,internal_medicine,>=5_years,high,3,0
V796,bm25,98.02,1,4,178.26,57.16,75.36,22.67,76.85,49.73,74.57,43.79,8,internal_medicine,>=5_years,high,3,0
V796,gdt,78.37,1,4,124.64,44.79,52.31,14.53,52.14,64.76,56.39,28.58,9,internal_medicine,>=5_years,high,3,1
V329,llm_rag,97.08,1,5,164.74,47.28,63.67,13.48,55.45,63.25,67.04,20.78,1,emergency,>=5_years,high,2,0
V329,sdt,91.04,1,5,112.28,40.29,50.15,3.24,43.49,65.62,54.95,24.27,2,emergency,>=5_years,high,2,1
V329,control,111.3,1,5,203.09,56.62,78.88,16.74,72.68,50.43,75.08,45.91,3,emergency,>=5_years,high,2,0
V329,medcpt,96.58,1,5,134.46,48.83,58.86,14.32,60.76,67.69,63.57,27.8,4,emergency,>=5_years,high,2,0
V329,bm25,109.12,1,5,188.05,61.03,80.14,18.13,77.78,58.12,80.52,51.48,5,emergency,>=5_years,high,2,0
V329,cma,100.78,1,5,142.39,52.57,69.4,25.79,63.43,53.45,67.85,35.52,6,emergency,>=5_years,high,2,1
V329,graphcare,98.29,1,5,147.71,46.38,64.0,20.05,54.99,63.39,50.03,25.82,7,emergency,>=5_years,high,2,0
V329,colbert,96.69,1,5,155.71,47.69,64.43,14.72,51.71,57.25,63.64,34.36,8,emergency,>=5_years,high,2,0
V329,gdt,98.78,1,5,139.83,48.27,64.36,20.33,50.29,60.97,63.09,30.59,9,emergency,>=5_years,high,2,1
V674,colbert,150.42,0,3,170.18,53.59,70.38,13.17,70.83,55.83,67.14,44.17,1,internal_medicine,<5_years,high,2,0
V674,bm25,172.45,0,3,167.7,66.35,96.57,29.25,93.31,39.61,86.37,53.02,2,internal_medicine,<5_years,high,2,0
V674,control,173.36,0,3,194.49,68.95,98.73,34.64,86.58,43.94,94.34,55.48,3,internal_medicine,<5_years,high,2,0
V674,cma,166.02,0,3,135.52,59.32,79.42,29.81,73.56,41.63,80.14,51.34,4,internal_medicine,<5_years,high,2,1
V674,llm_rag,61.44,1,3,180.54,38.58,42.13,7.95,50.19,71.97,41.72,17.49,5,internal_medicine,<5_years,high,2,0
V674,gdt,154.08,0,3,137.34,54.28,70.58,24.72,62.78,55.94,72.87,38.8,6,internal_medicine,<5_years,high,2,1
V674,medcpt,153.33,0,3,129.56,53.8,75.49,15.71,68.49,44.59,76.67,41.83,7,internal_medicine,<5_years,high,2,0
V674,sdt,152.58,0,3,122.72,48.94,66.58,17.54,60.64,54.62,61.19,33.08,8,internal_medicine,<5_years,high,2,1
V674,graphcare,164.14,0,3,142.38,55.02,74.23,23.17,74.97,41.03,77.91,38.81,9,internal_medicine,<5_years,high,2,0
V152,gdt,75.7,1,4,130.38,41.59,48.43,14.24,46.31,68.28,44.22,28.03,1,hospital_medicine,<5_years,high,2,1
V152,control,98.6,1,4,190.85,56.11,69.54,24.04,67.21,54.59,75.33,45.95,2,hospital_medicine,<5_years,high,2,0
V152,colbert,84.76,1,4,165.29,42.8,56.14,13.34,51.92,61.75,48.11,25.57,3,hospital_medicine,<5_years,high,2,0
V152,llm_rag,176.41,0,4,169.96,59.27,82.7,26.61,75.82,44.89,76.52,49.07,4,hospital_medicine,<5_years,high,2,0
V152,bm25,87.38,1,4,201.48,53.54,71.74,19.28,68.53,52.85,71.49,37.36,5,hospital_medicine,<5_years,high,2,0
V152,cma,86.36,1,4,137.74,47.04,61.22,21.99,53.46,60.87,55.83,28.85,6,hospital_medicine,<5_years,high,2,1
V152,graphcare,174.98,0,4,156.63,58.21,89.76,26.12,71.15,34.72,82.15,45.34,7,hospital_medicine,<5_years,high,2,0
V152,medcpt,165.29,0,4,135.34,59.92,83.41,21.75,77.18,44.49,80.93,51.73,8,hospital_medicine,<5_years,high,2,0
V152,sdt,72.7,1,4,114.32,37.73,35.92,19.6,41.68,67.99,38.72,22.5,9,hospital_medicine,<5_years,high,2,1
V508,cma,105.11,1,5,148.28,49.54,69.47,16.35,61.29,55.48,64.13,30.52,1,emergency,>=5_years,high,3,1
V508,sdt,87.37,1,5,107.31,41.39,51.31,8.09,46.36,77.42,43.57,21.6,2,emergency,>=5_years,high,3,1
V508,graphcare,98.21,1,5,153.02,48.15,60.04,10.13,55.79,63.23,58.6,41.1,3,emergency,>=5_years,high,3,0
V508,llm_rag,202.75,0,5,155.43,64.2,96.14,30.11,83.55,35.94,86.93,52.51,4,emergency,>=5_years,high,3,0
V508,colbert,97.12,1,5,166.1,48.19,63.47,14.62,63.87,56.96,58.72,31.49,5,emergency,>=5_years,high,3,0
V508,medcpt,105.26,1,5,140.24,50.45,66.05,13.16,67.85,56.78,62.11,36.71,6,emergency,>=5_years,high,3,0
V508,gdt,95.87,1,5,131.03,47.2,65.61,17.09,59.2,58.54,60.08,22.7,7,emergency,>=5_years,high,3,1
V508,control,111.25,1,5,187.93,56.44,75.79,19.36,72.68,44.96,80.63,45.22,8,emergency,>=5_years,high,3,0
V508,bm25,106.43,1,5,181.99,56.78,76.6,14.82,79.47,48.61,77.81,43.37,9,emergency,>=5_years,high,3,0
V276,medcpt,60.64,1,3,146.39,39.5,40.69,11.84,46.48,67.9,46.28,23.83,1,critical_care,<5_years,low,0,0
V276,llm_rag,55.28,1,3,161.2,35.71,39.94,15.01,33.87,65.9,41.27,18.26,2,critical_care,<5_years,low,0,0
V276,gdt,59.91,1,3,131.7,38.92,41.64,24.0,34.88,68.0,44.11,20.87,3,critical_care,<5_years,low,0,1
V276,bm25,67.34,1,3,170.74,50.15,71.28,11.59,60.46,58.75,59.25,39.54,4,critical_care,<5_years,low,0,0
V276,control,72.0,1,3,195.74,50.72,64.13,19.76,65.83,58.16,60.88,35.53,5,critical_care,<5_years,low,0,0
V276,graphcare,64.38,1,3,159.24,38.17,36.63,16.51,38.06,68.09,47.96,21.75,6,critical_care,<5_years,low,0,0
V276,sdt,60.76,1,3,104.37,34.79,39.36,10.5,30.64,74.18,33.96,20.1,7,critical_care,<5_years,low,0,1
V276,colbert,60.89,1,3,169.11,38.1,48.53,7.54,38.94,72.79,36.75,24.07,8,critical_care,<5_years,low,0,0
V276,cma,53.85,1,3,152.31,40.76,44.45,16.78,42.0,66.69,52.02,22.6,9,critical_care,<5_years,low,0,1
V183,sdt,74.56,1,4,113.27,38.12,45.69,15.84,35.88,71.02,44.2,16.1,1,hospital_medicine,<5_years,high,0,1
V183,cma,87.73,1,4,152.26,50.71,59.22,23.17,61.05,62.5,59.78,38.57,2,hospital_medicine,<5_years,high,0,1
V183,bm25,292.09,0,4,193.11,73.0,100.0,40.47,100.0,8.97,100.0,88.54,3,hospital_medicine,<5_years,high,0,0
V183,control,93.2,1,4,193.71,57.17,69.25,27.01,69.73,59.88,71.94,45.21,4,hospital_medicine,<5_years,high,0,0
V183,gdt,71.88,1,4,130.66,41.36,47.47,11.46,42.97,68.69,50.82,26.76,5,hospital_medicine,<5_years,high,0,1
V183,colbert,84.7,1,4,161.33,43.22,55.59,16.76,45.04,59.03,56.55,26.37,6,hospital_medicine,<5_years,high,0,0
V183,graphcare,80.92,1,4,149.82,43.5,51.22,10.9,47.19,67.41,54.11,30.14,7,hospital_medicine,<5_years,high,0,0
V183,llm_rag,172.6,0,4,166.92,58.63,84.04,23.88,77.05,47.99,76.69,42.11,8,hospital_medicine,<5_years,high,0,0
V183,medcpt,83.81,1,4,143.05,44.66,60.84,12.05,48.39,61.94,60.33,24.37,9,hospital_medicine,<5_years,high,0,0
V635,control,300.0,0,5,188.25,71.2,100.0,36.98,100.0,3.34,100.0,86.9,1,hospital_medicine,<5_years,high,0,0
V635,cma,300.0,0,5,154.96,71.43,100.0,38.93,100.0,15.84,100.0,73.84,2,hospital_medicine,<5_years,high,0,1
V635,colbert,99.9,1,5,163.59,49.37,55.39,20.86,61.05,62.67,58.58,37.68,3,hospital_medicine,<5_years,high,0,0
V635,graphcare,298.65,0,5,154.51,71.01,100.0,38.31,100.0,14.94,100.0,72.84,4,hospital_medicine,<5_years,high,0,0
V635,bm25,208.14,0,5,196.53,71.32,100.0,32.42,100.0,30.92,100.0,64.59,5,hospital_medicine,<5_years,high,0,0
V635,llm_rag,300.0,0,5,172.59,71.53,100.0,31.39,100.0,20.2,100.0,77.62,6,hospital_medicine,<5_years,high,0,0
V635,sdt,183.75,0,5,114.75,59.06,83.64,18.55,76.77,51.5,76.37,47.51,7,hospital_medicine,<5_years,high,0,1
V635,gdt,288.22,0,5,136.41,68.32,100.0,27.11,100.0,19.64,100.0,63.15,8,hospital_medicine,<5_years,high,0,1
V635,medcpt,286.76,0,5,145.2,69.89,100.0,33.81,100.0,20.5,100.0,65.02,9,hospital_medicine,<5_years,high,0,0
V700,llm_rag,59.72,1,3,160.9,37.48,39.15,17.01,43.06,60.37,42.88,22.42,1,critical_care,>=5_years,high,2,0
V700,medcpt,57.88,1,3,135.64,39.12,43.55,16.57,41.12,69.81,41.67,22.03,2,critical_care,>=5_years,high,2,0
V700,graphcare,59.63,1,3,144.49,39.75,47.89,16.63,41.34,67.39,37.95,27.26,3,critical_care,>=5_years,high,2,0
V700,sdt,52.16,1,3,112.3,32.18,35.34,8.18,28.95,76.79,30.66,13.15,4,critical_care,>=5_years,high,2,1
V700,control,72.64,1,3,182.31,51.19,62.54,24.72,66.1,49.48,64.82,39.44,5,critical_care,>=5_years,high,2,0
V700,bm25,69.63,1,3,195.15,49.69,59.49,25.21,56.96,59.63,58.62,38.23,6,critical_care,>=5_years,high,2,0
V700,colbert,54.52,1,3,156.03,36.08,43.25,8.96,39.22,63.27,43.33,18.42,7,critical_care,>=5_years,high,2,0
V700,cma,68.97,1,3,143.43,41.53,52.5,14.18,43.02,65.71,52.98,20.81,8,critical_care,>=5_years,high,2,1
V700,gdt,49.83,1,3,121.32,39.07,40.81,9.87,44.05,79.43,41.32,18.95,9,critical_care,>=5_years,high,2,1
V903,colbert,60.24,1,3,165.23,39.17,44.69,10.97,38.64,72.53,44.37,23.84,1,hospital_medicine,>=5_years,low,1,0
V903,graphcare,61.22,1,3,149.96,37.51,45.65,7.21,43.61,68.73,36.11,23.77,2,hospital_medicine,>=5_years,low,1,0
V903,gdt,51.92,1,3,121.24,37.41,42.21,13.02,36.78,72.17,42.01,18.25,3,hospital_medicine,>=5_years,low,1,1
V903,medcpt,52.51,1,3,146.82,38.36,36.73,11.91,38.97,73.6,39.94,29.02,4,hospital_medicine,>=5_years,low,1,0
V903,llm_rag,59.47,1,3,168.57,39.94,42.98,13.83,42.62,71.4,39.63,29.21,5,hospital_medicine,>=5_years,low,1,0
V903,bm25,71.53,1,3,179.34,49.5,68.19,14.59,57.38,56.19,63.45,37.23,6,hospital_medicine,>=5_years,low,1,0
V903,control,67.99,1,3,180.8,47.65,63.7,13.64,53.4,66.02,58.03,31.14,7,hospital_medicine,>=5_years,low,1,0
V903,sdt,53.9,1,3,106.09,32.03,37.0,9.52,25.88,72.19,34.97,12.6,8,hospital_medicine,>=5_years,low,1,1
V903,cma,58.47,1,3,153.85,38.84,47.5,12.66,43.49,64.61,45.85,18.94,9,hospital_medicine,>=5_years,low,1,1
V361,control,166.02,0,3,190.59,65.02,98.03,21.64,92.95,36.24,92.49,48.74,1,hospital_medicine,>=5_years,high,2,0
V361,graphcare,159.58,0,3,155.65,54.75,77.28,17.54,67.05,46.61,76.83,43.2,2,hospital_medicine,>=5_years,high,2,0
V361,llm_rag,54.61,1,3,160.94,35.7,41.93,12.02,40.62,65.7,32.44,21.48,3,hospital_medicine,>=5_years,high,2,0
V361,medcpt,60.97,1,3,147.34,38.56,45.41,9.77,41.35,69.87,41.24,23.72,4,hospital_medicine,>=5_years,high,2,0
V361,sdt,54.43,1,3,99.8,34.99,36.36,7.52,36.05,80.5,36.03,13.5,5,hospital_medicine,>=5_years,high,2,1
V361,gdt,56.38,1,3,128.12,39.67,35.31,14.0,55.12,72.68,36.91,24.0,6,hospital_medicine,>=5_years,high,2,1
V361,bm25,169.54,0,3,210.88,67.5,93.08,36.3,92.2,36.26,90.43,56.71,7,hospital_medicine,>=5_years,high,2,0
V361,colbert,58.19,1,3,152.79,40.95,49.96,12.39,47.17,66.97,43.81,25.43,8,hospital_medicine,>=5_years,high,2,0
V361,cma,158.88,0,3,138.71,60.26,78.67,31.14,73.37,53.5,82.89,42.01,9,hospital_medicine,>=5_years,high,2,1
V195,control,199.43,0,4,194.08,70.69,100.0,24.29,100.0,34.23,100.0,65.6,1,internal_medicine,>=5_years,high,2,0
V195,gdt,168.94,0,4,133.63,57.87,76.19,26.08,76.61,45.63,81.04,41.64,2,internal_medicine,>=5_years,high,2,1
V195,cma,179.7,0,4,147.76,61.51,85.37,25.67,82.82,40.13,87.18,47.91,3,internal_medicine,>=5_years,high,2,1
V195,llm_rag,262.71,0,4,157.64,69.98,100.0,33.8,100.0,27.62,100.0,58.44,4,internal_medicine,>=5_years,high,2,0
V195,bm25,195.4,0,4,191.96,69.66,100.0,28.49,100.0,32.03,100.0,57.45,5,internal_medicine,>=5_years,high,2,0
V195,colbert,279.83,0,4,153.45,69.24,100.0,35.49,100.0,13.37,100.0,66.58,6,internal_medicine,>=5_years,high,2,0
V195,medcpt,181.49,0,4,135.38,64.82,88.91,23.24,85.64,44.81,89.84,56.5,7,internal_medicine,>=5_years,high,2,0
V195,graphcare,173.83,0,4,147.25,58.68,73.39,19.58,80.85,48.01,86.16,44.1,8,internal_medicine,>=5_years,high,2,0
V195,sdt,173.05,0,4,113.97,58.07,82.57,26.41,67.75,56.22,77.44,38.06,9,internal_medicine,>=5_years,high,2,1
V841,graphcare,56.05,1,3,148.2,36.87,38.77,9.47,42.62,70.72,43.14,16.48,1,critical_care,>=5_years,low,1,0
V841,gdt,58.07,1,3,136.83,39.16,43.29,15.09,43.77,71.85,42.61,18.35,2,critical_care,>=5_years,low,1,1
V841,cma,61.47,1,3,153.59,42.54,50.59,15.13,51.99,64.2,48.37,24.97,3,critical_care,>=5_years,low,1,1
V841,sdt,55.88,1,3,108.27,33.45,34.15,4.8,34.11,79.41,32.33,15.9,4,critical_care,>=5_years,low,1,1
V841,control,67.07,1,3,169.63,46.26,67.77,11.6,52.65,52.63,53.25,39.65,5,critical_care,>=5_years,low,1,0
V841,colbert,56.61,1,3,140.61,39.33,40.28,12.45,42.49,68.17,45.54,27.03,6,critical_care,>=5_years,low,1,0
V841,medcpt,62.17,1,3,134.97,40.13,50.03,14.52,43.48,69.9,42.23,20.59,7,critical_care,>=5_years,low,1,0
V841,llm_rag,58.76,1,3,160.82,38.8,47.18,15.72,43.12,67.05,39.49,20.24,8,critical_care,>=5_years,low,1,0
V841,bm25,67.34,1,3,183.59,48.14,57.87,18.94,64.23,61.36,56.24,30.18,9,critical_care,>=5_years,low,1,0
V238,llm_rag,54.08,1,3,162.46,38.66,43.29,13.69,40.77,74.31,41.39,18.54,1,critical_care,<5_years,low,0,0
V238,graphcare,57.33,1,3,159.78,37.35,41.2,13.25,45.46,63.85,38.21,22.11,2,critical_care,<5_years,low,0,0
V238,medcpt,54.2,1,3,142.52,36.49,44.85,8.4,38.09,63.42,43.71,20.45,3,critical_care,<5_years,low,0,0
V238,cma,60.37,1,3,134.37,39.01,46.56,9.98,43.83,64.4,44.28,25.03,4,critical_care,<5_years,low,0,1
V238,control,75.3,1,3,197.68,51.0,64.95,16.45,60.41,56.84,64.82,42.51,5,critical_care,<5_years,low,0,0
V238,colbert,60.18,1,3,148.58,36.36,46.42,12.34,33.98,68.35,38.6,18.49,6,critical_care,<5_years,low,0,0
V238,bm25,69.23,1,3,175.25,47.95,54.73,15.47,59.34,56.86,63.84,37.42,7,critical_care,<5_years,low,0,0
V238,gdt,53.32,1,3,125.75,36.3,42.35,10.27,38.56,71.0,41.06,14.56,8,critical_care,<5_years,low,0,1
V238,sdt,53.15,1,3,109.21,32.08,33.92,8.13,34.02,71.21,32.83,12.37,9,critical_care,<5_years,low,0,1
V698,cma,198.37,0,5,141.31,67.79,97.68,24.29,91.62,41.63,95.04,56.44,1,internal_medicine,<5_years,high,4,1
V698,graphcare,193.84,0,5,148.72,66.58,100.0,26.81,83.27,38.71,89.29,61.42,2,internal_medicine,<5_years,high,4,0
V698,sdt,97.24,1,5,106.34,41.59,52.71,16.67,41.11,63.2,49.37,26.5,3,internal_medicine,<5_years,high,4,1
V698,control,218.72,0,5,185.07,71.81,100.0,30.83,100.0,30.52,100.0,69.51,4,internal_medicine,<5_years,high,4,0
V698,gdt,188.78,0,5,141.86,63.85,88.2,25.3,82.21,34.64,96.43,56.33,5,internal_medicine,<5_years,high,4,1
V698,colbert,193.33,0,5,151.21,64.06,84.42,28.72,88.25,41.41,87.63,53.92,6,internal_medicine,<5_years,high,4,0
V698,bm25,214.74,0,5,184.74,71.68,100.0,28.28,100.0,29.29,100.0,72.52,7,internal_medicine,<5_years,high,4,0
V698,medcpt,300.0,0,5,135.59,70.2,100.0,31.09,100.0,13.08,100.0,77.02,8,internal_medicine,<5_years,high,4,0
V698,llm_rag,300.0,0,5,161.35,71.16,100.0,38.41,100.0,18.75,100.0,69.82,9,internal_medicine,<5_years,high,4,0
V838,medcpt,102.61,1,5,136.7,48.48,61.56,18.11,58.77,55.3,60.81,36.33,1,internal_medicine,>=5_years,high,4,0
V838,llm_rag,96.67,1,5,158.62,48.55,62.64,14.59,61.79,56.68,57.66,37.96,2,internal_medicine,>=5_years,high,4,0
V838,graphcare,99.62,1,5,142.47,50.53,63.75,24.65,58.21,57.46,68.37,30.73,3,internal_medicine,>=5_years,high,4,0
V838,bm25,119.43,1,5,194.57,58.61,83.76,14.98,84.64,42.98,76.92,48.4,4,internal_medicine,>=5_years,high,4,0
V838,gdt,97.03,1,5,121.16,48.73,60.32,16.12,63.31,62.99,62.74,26.93,5,internal_medicine,>=5_years,high,4,1
V838,cma,96.51,1,5,143.2,49.89,63.98,21.28,60.32,56.5,61.68,35.55,6,internal_medicine,>=5_years,high,4,1
V838,control,113.18,1,5,192.18,57.95,77.41,29.04,72.33,42.78,79.78,46.35,7,internal_medicine,>=5_years,high,4,0
V838,colbert,91.92,1,5,163.7,49.86,62.74,17.14,61.47,65.5,61.54,30.79,8,internal_medicine,>=5_years,high,4,0
V838,sdt,91.8,1,5,102.06,41.29,40.43,17.17,45.97,65.49,55.92,22.77,9,internal_medicine,>=5_years,high,4,1
V126,llm_rag,74.19,1,4,164.55,44.46,56.28,17.55,46.38,73.28,43.68,29.56,1,critical_care,<5_years,high,1,0
V126,medcpt,78.55,1,4,145.09,43.66,53.32,12.27,51.49,68.38,47.92,28.6,2,critical_care,<5_years,high,1,0
V126,sdt,73.31,1,4,120.24,39.14,43.64,17.02,28.04,77.34,41.96,26.82,3,critical_care,<5_years,high,1,1
V126,colbert,79.53,1,4,151.72,46.22,56.59,18.94,45.45,69.26,55.92,31.18,4,critical_care,<5_years,high,1,0
V126,graphcare,75.33,1,4,144.16,40.86,52.67,7.75,45.71,64.98,45.37,28.69,5,critical_care,<5_years,high,1,0
V126,bm25,87.23,1,4,189.53,52.42,73.3,13.84,64.37,50.85,73.17,39.02,6,critical_care,<5_years,high,1,0
V126,cma,82.87,1,4,144.73,48.64,54.86,20.93,58.06,62.78,60.01,35.18,7,critical_care,<5_years,high,1,1
V126,control,92.61,1,4,197.44,55.78,67.05,15.8,71.92,58.29,72.06,49.54,8,critical_care,<5_years,high,1,0
V126,gdt,76.61,1,4,126.17,39.66,55.69,8.73,43.29,66.76,41.96,21.5,9,critical_care,<5_years,high,1,1
V228,colbert,20.21,1,1,131.96,29.0,21.62,10.46,28.67,75.26,26.07,11.9,1,hospital_medicine,<5_years,low,0,0
V228,llm_rag,19.74,1,1,159.36,28.01,24.9,6.32,24.59,79.0,22.61,10.64,2,hospital_medicine,<5_years,low,0,0
V228,gdt,24.03,1,1,124.66,30.54,26.56,1.3,18.38,91.29,31.42,14.33,3,hospital_medicine,<5_years,low,0,1
V228,cma,18.75,1,1,133.55,30.11,29.22,0.06,29.3,78.69,32.25,11.16,4,hospital_medicine,<5_years,low,0,1
V228,bm25,24.01,1,1,175.86,37.46,43.26,15.03,35.26,73.1,39.55,18.57,5,hospital_medicine,<5_years,low,0,0
V228,control,28.54,1,1,153.71,38.37,39.91,12.31,43.6,75.72,28.1,30.58,6,hospital_medicine,<5_years,low,0,0
V228,sdt,18.46,1,1,116.01,21.99,12.63,0.0,17.6,79.94,14.22,7.52,7,hospital_medicine,<5_years,low,0,1
V228,graphcare,19.94,1,1,157.94,32.65,32.51,7.86,29.98,84.63,23.6,17.31,8,hospital_medicine,<5_years,low,0,0
V228,medcpt,19.69,1,1,159.65,27.92,26.2,9.69,21.08,73.97,26.9,9.66,9,hospital_medicine,<5_years,low,0,0
V365,control,203.82,0,4,180.58,71.76,100.0,36.74,100.0,34.02,100.0,59.8,1,hospital_medicine,>=5_years,high,3,0
V365,gdt,177.46,0,4,119.97,62.06,87.51,25.2,85.33,43.72,83.21,47.4,2,hospital_medicine,>=5_years,high,3,1
V365,cma,173.84,0,4,147.4,61.06,87.38,15.52,84.45,48.19,84.34,46.48,3,hospital_medicine,>=5_years,high,3,1
V365,sdt,72.41,1,4,125.42,37.86,40.32,14.75,45.94,73.54,36.54,16.06,4,hospital_medicine,>=5_years,high,3,1
V365,llm_rag,262.26,0,4,167.17,70.47,100.0,33.86,100.0,25.74,100.0,63.2,5,hospital_medicine,>=5_years,high,3,0
V365,colbert,184.76,0,4,160.8,63.59,91.28,24.33,87.52,43.06,90.45,44.88,6,hospital_medicine,>=5_years,high,3,0
V365,graphcare,270.4,0,4,146.62,69.51,100.0,31.1,100.0,27.58,100.0,58.36,7,hospital_medicine,>=5_years,high,3,0
V365,bm25,206.96,0,4,176.84,71.72,100.0,31.36,100.0,28.23,100.0,70.75,8,hospital_medicine,>=5_years,high,3,0
V365,medcpt,176.52,0,4,136.49,61.6,86.09,16.63,81.74,46.54,91.71,46.92,9,hospital_medicine,>=5_years,high,3,0
V989,sdt,35.1,1,2,113.41,26.5,26.28,1.04,21.81,75.51,23.12,11.21,1,hospital_medicine,>=5_years,low,0,1
V989,bm25,155.51,0,2,170.66,63.56,89.54,23.19,93.93,37.91,84.84,51.94,2,hospital_medicine,>=5_years,low,0,0
V989,llm_rag,36.81,1,2,163.27,34.55,32.5,11.0,37.96,74.9,37.3,13.62,3,hospital_medicine,>=5_years,low,0,0
V989,medcpt,40.48,1,2,131.68,35.98,43.75,6.32,31.16,76.19,35.03,23.41,4,hospital_medicine,>=5_years,low,0,0
V989,control,148.65,0,2,181.06,63.62,80.66,26.38,82.53,46.43,92.01,53.67,5,hospital_medicine,>=5_years,low,0,0
V989,graphcare,153.6,0,2,160.12,53.45,72.95,21.76,76.75,46.45,73.16,29.6,6,hospital_medicine,>=5_years,low,0,0
V989,colbert,39.26,1,2,161.58,38.07,43.54,16.59,34.8,79.16,33.27,21.04,7,hospital_medicine,>=5_years,low,0,0
V989,gdt,38.0,1,2,129.53,32.86,40.03,9.02,25.26,72.98,32.01,17.84,8,hospital_medicine,>=5_years,low,0,1
V989,cma,138.74,0,2,145.97,54.1,67.99,23.15,69.03,52.78,70.39,41.28,9,hospital_medicine,>=5_years,low,0,1
V865,cma,79.95,1,4,162.01,44.56,56.88,16.22,47.29,63.28,56.09,27.58,1,hospital_medicine,<5_years,high,0,1
V865,sdt,77.07,1,4,109.74,36.28,43.56,4.0,37.25,68.81,44.53,19.55,2,hospital_medicine,<5_years,high,0,1
V865,gdt,83.84,1,4,121.19,42.08,52.95,14.34,47.13,61.84,44.28,31.94,3,hospital_medicine,<5_years,high,0,1
V865,control,90.64,1,4,183.86,54.68,74.68,16.39,66.4,55.51,70.6,44.49,4,hospital_medicine,<5_years,high,0,0
V865,medcpt,78.89,1,4,146.96,44.2,55.95,15.27,53.33,61.68,51.52,27.46,5,hospital_medicine,<5_years,high,0,0
V865,bm25,93.9,1,4,181.05,54.33,72.14,20.72,70.3,56.58,63.42,42.84,6,hospital_medicine,<5_years,high,0,0
V865,llm_rag,74.51,1,4,153.45,40.76,54.19,6.01,45.07,65.55,50.46,23.26,7,hospital_medicine,<5_years,high,0,0
V865,graphcare,79.78,1,4,155.58,43.41,53.38,18.72,43.28,62.77,53.56,28.76,8,hospital_medicine,<5_years,high,0,0
V865,colbert,89.21,1,4,154.16,48.29,62.66,22.16,49.95,64.51,56.84,33.65,9,hospital_medicine,<5_years,high,0,0
V480,cma,22.98,1,1,147.36,32.73,35.37,12.03,25.5,81.48,27.17,14.82,1,hospital_medicine,<5_years,low,0,1
V480,sdt,19.38,1,1,111.24,25.0,22.28,4.05,19.61,84.08,20.01,0.0,2,hospital_medicine,<5_years,low,0,1
V480,medcpt,18.48,1,1,121.4,30.37,27.18,7.43,21.72,81.21,28.35,16.33,3,hospital_medicine,<5_years,low,0,0
V480,bm25,25.16,1,1,210.91,39.02,38.96,8.02,42.63,73.02,46.22,25.3,4,hospital_medicine,<5_years,low,0,0
V480,gdt,19.16,1,1,122.24,27.79,25.5,7.2,22.54,78.71,21.3,11.46,5,hospital_medicine,<5_years,low,0,1
V480,llm_rag,23.06,1,1,171.13,31.36,26.79,9.82,17.3,84.11,31.73,18.42,6,hospital_medicine,<5_years,low,0,0
V480,graphcare,19.2,1,1,122.78,29.77,27.34,7.74,25.69,82.67,21.34,13.85,7,hospital_medicine,<5_years,low,0,0
V480,control,23.77,1,1,195.54,38.47,43.71,7.28,48.02,70.62,37.21,23.99,8,hospital_medicine,<5_years,low,0,0
V480,colbert,23.09,1,1,173.88,30.27,31.97,6.06,23.91,81.34,28.14,10.2,9,hospital_medicine,<5_years,low,0,0
V961,medcpt,39.18,1,2,138.19,38.7,47.66,12.4,36.24,73.54,43.83,18.51,1,emergency,>=5_years,low,1,0
V961,colbert,38.19,1,2,172.81,31.34,41.05,10.15,33.65,65.4,25.38,12.43,2,emergency,>=5_years,low,1,0
V961,sdt,35.47,1,2,116.56,28.06,22.64,13.73,16.91,78.18,26.76,10.13,3,emergency,>=5_years,low,1,1
V961,graphcare,38.08,1,2,155.36,35.13,39.09,12.25,35.34,76.91,32.52,14.63,4,emergency,>=5_years,low,1,0
V961,control,43.93,1,2,171.93,44.3,49.49,12.58,54.57,67.58,53.46,28.08,5,emergency,>=5_years,low,1,0
V961,cma,40.1,1,2,165.03,38.22,43.03,11.87,36.51,70.34,44.14,23.44,6,emergency,>=5_years,low,1,1
V961,llm_rag,40.06,1,2,150.42,34.27,36.39,10.46,28.81,68.14,42.27,19.57,7,emergency,>=5_years,low,1,0
V961,gdt,40.54,1,2,128.13,31.8,37.86,0.0,26.65,73.32,34.95,17.99,8,emergency,>=5_years,low,1,1
V961,bm25,48.51,1,2,199.51,45.26,53.31,19.95,51.38,63.66,53.5,29.78,9,emergency,>=5_years,low,1,0
V048,medcpt,84.11,1,4,145.21,43.44,46.69,21.61,48.74,64.27,52.49,26.85,1,internal_medicine,<5_years,high,2,0
V048,graphcare,89.84,1,4,139.17,42.22,48.67,12.27,51.0,58.0,56.26,27.1,2,internal_medicine,<5_years,high,2,0
V048,colbert,92.88,1,4,156.31,46.97,57.04,15.17,58.36,58.7,58.1,34.45,3,internal_medicine,<5_years,high,2,0
V048,gdt,72.74,1,4,139.83,40.88,51.22,9.4,44.14,74.57,45.24,20.72,4,internal_medicine,<5_years,high,2,1
V048,cma,85.31,1,4,152.22,47.69,64.89,17.22,55.17,60.41,62.46,25.99,5,internal_medicine,<5_years,high,2,1
V048,control,105.52,1,4,211.31,55.63,73.5,17.64,75.7,56.0,71.78,39.18,6,internal_medicine,<5_years,high,2,0
V048,sdt,70.7,1,4,112.46,35.93,45.71,14.78,35.89,58.39,43.35,17.44,7,internal_medicine,<5_years,high,2,1
V048,llm_rag,81.88,1,4,166.88,44.02,61.68,13.57,48.8,66.21,49.61,24.24,8,internal_medicine,<5_years,high,2,0
V048,bm25,88.32,1,4,190.1,53.38,72.89,18.25,64.76,55.2,67.52,41.66,9,internal_medicine,<5_years,high,2,0
V181,cma,57.96,1,3,143.55,38.27,39.93,10.77,39.05,69.1,43.9,26.86,1,emergency,<5_years,high,2,1
V181,medcpt,59.59,1,3,152.76,41.87,35.7,13.96,46.34,69.6,52.01,33.6,2,emergency,<5_years,high,2,0
V181,sdt,51.0,1,3,111.34,34.92,37.35,14.29,25.31,81.93,36.78,13.84,3,emergency,<5_years,high,2,1
V181,colbert,58.83,1,3,175.6,37.27,42.74,6.51,37.65,71.41,44.69,20.61,4,emergency,<5_years,high,2,0
V181,graphcare,59.44,1,3,161.75,39.46,51.46,8.96,40.91,63.38,51.69,20.36,5,emergency,<5_years,high,2,0
V181,llm_rag,55.84,1,3,148.62,40.23,41.14,18.23,44.89,72.34,44.69,20.12,6,emergency,<5_years,high,2,0
V181,bm25,71.91,1,3,193.41,48.27,60.98,10.02,53.47,67.27,59.66,38.25,7,emergency,<5_years,high,2,0
V181,control,76.08,1,3,207.31,51.21,70.67,18.16,64.43,59.76,64.05,30.21,8,emergency,<5_years,high,2,0
V181,gdt,54.55,1,3,136.95,39.42,39.38,16.84,41.29,72.15,35.52,31.32,9,emergency,<5_years,high,2,1
V759,colbert,169.23,0,4,153.19,61.07,85.11,23.27,75.78,49.38,83.96,48.93,1,emergency,<5_years,high,1,0
V759,gdt,177.77,0,4,119.24,56.28,77.3,25.32,78.01,40.0,77.81,39.26,2,emergency,<5_years,high,1,1
V759,graphcare,172.71,0,4,151.9,62.87,86.07,23.29,79.9,47.73,93.01,47.21,3,emergency,<5_years,high,1,0
V759,medcpt,189.49,0,4,136.09,65.54,95.31,29.92,84.09,33.51,92.76,57.61,4,emergency,<5_years,high,1,0
V759,sdt,168.71,0,4,110.75,55.73,74.5,22.07,70.49,51.05,74.8,41.46,5,emergency,<5_years,high,1,1
V759,llm_rag,172.96,0,4,159.81,60.95,81.96,31.46,80.09,49.99,80.26,41.94,6,emergency,<5_years,high,1,0
V759,cma,181.11,0,4,143.19,62.94,91.66,29.66,80.23,39.59,87.24,49.26,7,emergency,<5_years,high,1,1
V759,control,214.04,0,4,187.11,71.35,100.0,32.74,100.0,32.08,100.0,63.3,8,emergency,<5_years,high,1,0
V759,bm25,195.42,0,4,178.33,71.83,100.0,31.29,100.0,33.63,100.0,66.06,9,emergency,<5_years,high,1,0
V636,cma,101.76,1,5,142.2,50.42,64.9,13.07,65.44,62.22,59.28,37.58,1,internal_medicine,<5_years,high,2,1
V636,llm_rag,203.3,0,5,159.58,65.91,96.22,28.21,94.76,35.35,90.76,50.17,2,internal_medicine,<5_years,high,2,0
V636,medcpt,101.61,1,5,135.73,51.17,62.85,17.53,67.76,60.17,59.72,39.01,3,internal_medicine,<5_years,high,2,0
V636,bm25,119.59,1,5,197.64,62.41,88.62,25.38,77.32,48.55,81.71,52.87,4,internal_medicine,<5_years,high,2,0
V636,gdt,91.55,1,5,137.87,46.0,58.42,9.53,54.83,62.99,57.89,32.31,5,internal_medicine,<5_years,high,2,1
V636,graphcare,97.91,1,5,157.94,47.67,59.88,22.14,55.41,58.49,60.65,29.46,6,internal_medicine,<5_years,high,2,0
V636,colbert,102.21,1,5,151.01,47.89,60.21,17.34,56.43,54.55,66.29,32.52,7,internal_medicine,<5_years,high,2,0
V636,sdt,91.25,1,5,116.46,41.06,52.44,12.42,45.04,64.84,44.84,26.77,8,internal_medicine,<5_years,high,2,1
V636,control,116.22,1,5,192.68,60.73,81.67,23.1,76.05,51.29,80.3,51.95,9,internal_medicine,<5_years,high,2,0
V593,graphcare,16.72,1,1,141.31,32.27,37.85,14.48,22.02,81.71,25.46,12.1,1,hospital_medicine,<5_years,low,0,0
V593,colbert,16.54,1,1,132.4,31.26,28.97,9.93,21.52,85.97,33.44,7.71,2,hospital_medicine,<5_years,low,0,0
V593,bm25,24.74,1,1,200.22,40.26,46.66,14.77,43.54,72.2,39.07,25.33,3,hospital_medicine,<5_years,low,0,0
V593,control,21.71,1,1,147.53,38.86,44.0,14.15,42.64,69.97,42.43,19.97,4,hospital_medicine,<5_years,low,0,0
V593,sdt,18.26,1,1,119.0,24.85,21.8,7.6,19.48,90.74,9.45,0.0,5,hospital_medicine,<5_years,low,0,1
V593,medcpt,20.41,1,1,154.31,30.75,30.87,8.92,24.47,80.02,28.3,11.9,6,hospital_medicine,<5_years,low,0,0
V593,cma,18.3,1,1,139.67,31.19,34.15,8.05,24.71,73.34,25.53,21.35,7,hospital_medicine,<5_years,low,0,1
V593,llm_rag,20.25,1,1,201.74,28.92,26.56,8.59,24.94,75.7,25.51,12.23,8,hospital_medicine,<5_years,low,0,0
V593,gdt,17.96,1,1,152.68,28.63,25.27,12.78,19.45,83.82,19.25,11.19,9,hospital_medicine,<5_years,low,0,1
V963,bm25,46.21,1,2,167.65,43.65,50.79,13.09,45.67,72.13,51.28,28.93,1,internal_medicine,<5_years,low,1,0
V963,sdt,34.36,1,2,109.84,31.34,29.86,18.03,23.98,78.96,25.12,12.09,2,internal_medicine,<5_years,low,1,1
V963,gdt,36.73,1,2,125.84,34.76,36.53,5.55,36.45,78.86,33.95,17.23,3,internal_medicine,<5_years,low,1,1
V963,cma,38.59,1,2,141.15,36.87,35.29,10.27,38.96,77.04,36.19,23.5,4,internal_medicine,<5_years,low,1,1
V963,llm_rag,37.7,1,2,145.72,35.63,44.32,6.46,31.45,80.2,29.22,22.14,5,internal_medicine,<5_years,low,1,0
V963,medcpt,34.26,1,2,129.23,35.42,36.96,15.72,34.67,75.27,32.68,17.19,6,internal_medicine,<5_years,low,1,0
V963,colbert,39.73,1,2,163.22,34.85,36.39,15.97,33.41,76.78,30.65,15.93,7,internal_medicine,<5_years,low,1,0
V963,graphcare,38.49,1,2,156.1,35.38,43.62,8.07,35.5,73.6,33.55,17.95,8,internal_medicine,<5_years,low,1,0
V963,control,45.52,1,2,177.32,42.6,54.25,10.39,47.93,64.02,47.34,31.67,9,internal_medicine,<5_years,low,1,0
V054,gdt,18.94,1,1,124.92,28.42,28.87,3.99,22.04,81.35,25.84,8.41,1,internal_medicine,<5_years,low,0,1
V054,colbert,17.59,1,1,148.57,29.07,27.55,10.17,25.39,82.0,27.22,2.11,2,internal_medicine,<5_years,low,0,0
V054,graphcare,21.46,1,1,184.49,29.53,29.53,5.69,21.97,79.14,25.2,15.63,3,internal_medicine,<5_years,low,0,0
V054,control,21.18,1,1,187.48,38.39,40.57,16.65,41.06,70.58,41.2,20.31,4,internal_medicine,<5_years,low,0,0
V054,llm_rag,22.89,1,1,154.26,29.87,20.87,10.23,21.61,85.06,28.43,13.0,5,internal_medicine,<5_years,low,0,0
V054,cma,18.24,1,1,120.38,33.8,32.13,11.09,26.24,88.2,30.0,15.17,6,internal_medicine,<5_years,low,0,1
V054,bm25,23.38,1,1,181.84,33.43,31.19,7.58,29.56,68.36,41.48,22.43,7,internal_medicine,<5_years,low,0,0
V054,sdt,19.28,1,1,114.15,29.09,25.56,9.88,20.54,90.27,25.6,2.67,8,internal_medicine,<5_years,low,0,1
V054,medcpt,19.9,1,1,140.26,31.61,28.68,13.58,22.11,80.08,28.75,16.46,9,internal_medicine,<5_years,low,0,0
V287,colbert,18.48,1,1,135.08,27.41,26.87,2.82,15.52,79.25,26.42,13.58,1,critical_care,<5_years,low,0,0
V287,cma,19.89,1,1,142.89,31.88,28.22,9.24,32.62,77.63,28.46,15.13,2,critical_care,<5_years,low,0,1
V287,medcpt,18.09,1,1,126.16,31.62,32.56,11.83,22.53,83.0,28.72,11.07,3,critical_care,<5_years,low,0,0
V287,control,25.36,1,1,178.46,36.53,38.77,11.15,42.87,68.46,39.45,18.46,4,critical_care,<5_years,low,0,0
V287,gdt,19.72,1,1,117.57,29.77,29.73,5.29,25.73,77.96,30.45,9.42,5,critical_care,<5_years,low,0,1
V287,sdt,17.52,1,1,123.32,25.99,20.81,7.61,15.4,77.82,27.44,6.83,6,critical_care,<5_years,low,0,1
V287,llm_rag,18.33,1,1,175.58,30.28,28.42,13.06,21.99,80.46,24.94,12.82,7,critical_care,<5_years,low,0,0
V287,graphcare,19.39,1,1,167.41,30.69,31.29,12.26,21.31,81.38,24.14,13.77,8,critical_care,<5_years,low,0,0
V287,bm25,24.28,1,1,194.88,36.04,34.79,1.72,38.46,73.12,39.7,28.47,9,critical_care,<5_years,low,0,0
V944,cma,38.31,1,2,136.38,36.33,36.23,14.15,34.55,81.29,35.74,16.0,1,critical_care,<5_years,low,1,1
V944,graphcare,39.18,1,2,135.18,32.3,32.01,3.42,35.12,74.68,36.2,12.35,2,critical_care,<5_years,low,1,0
V944,sdt,35.84,1,2,117.9,27.65,21.08,9.37,24.22,71.22,30.77,9.25,3,critical_care,<5_years,low,1,1
V944,gdt,37.34,1,2,155.39,32.24,35.98,12.24,27.33,75.5,32.02,10.36,4,critical_care,<5_years,low,1,1
V944,bm25,46.91,1,2,192.44,44.78,44.34,17.33,57.14,67.9,47.63,34.33,5,critical_care,<5_years,low,1,0
V944,colbert,42.55,1,2,163.35,37.0,43.04,16.69,32.32,75.67,30.24,24.04,6,critical_care,<5_years,low,1,0
V944,llm_rag,40.98,1,2,153.88,31.56,33.04,10.04,33.41,71.32,29.88,11.68,7,critical_care,<5_years,low,1,0
V944,medcpt,35.83,1,2,146.38,34.4,42.62,5.98,32.39,77.41,33.82,14.2,8,critical_care,<5_years,low,1,0
V944,control,42.93,1,2,190.45,39.55,44.45,9.18,42.97,65.67,47.86,27.17,9,critical_care,<5_years,low,1,0
V829,cma,101.47,1,5,148.28,53.68,67.69,20.46,66.41,54.68,69.01,43.81,1,critical_care,>=5_years,high,4,1
V829,bm25,113.16,1,5,194.07,60.46,75.24,25.37,81.53,56.11,80.68,43.81,2,critical_care,>=5_years,high,4,0
V829,graphcare,95.34,1,5,147.61,48.75,66.12,19.13,53.9,62.09,57.46,33.78,3,critical_care,>=5_years,high,4,0
V829,sdt,91.04,1,5,113.28,43.68,52.31,14.15,50.08,65.83,51.06,28.66,4,critical_care,>=5_years,high,4,1
V829,control,121.36,1,5,201.67,58.26,77.91,18.84,71.04,47.96,84.64,49.19,5,critical_care,>=5_years,high,4,0
V829,medcpt,98.27,1,5,153.93,48.52,58.38,19.48,53.69,61.92,59.2,38.46,6,critical_care,>=5_years,high,4,0
V829,colbert,105.32,1,5,165.85,49.72,58.68,14.89,66.86,57.1,66.83,33.98,7,critical_care,>=5_years,high,4,0
V829,llm_rag,92.43,1,5,157.73,45.33,64.51,12.17,57.05,55.82,54.99,27.43,8,critical_care,>=5_years,high,4,0
V829,gdt,95.97,1,5,121.52,45.97,60.36,20.96,48.92,60.38,56.96,28.27,9,critical_care,>=5_years,high,4,1
V864,control,44.77,1,2,183.49,45.34,49.99,16.33,48.86,67.74,53.58,35.53,1,internal_medicine,<5_years,low,1,0
V864,graphcare,39.05,1,2,156.38,32.66,31.22,5.73,32.98,80.14,26.71,19.15,2,internal_medicine,<5_years,low,1,0
V864,cma,38.45,1,2,124.95,38.47,41.54,13.33,38.87,72.65,42.04,22.37,3,internal_medicine,<5_years,low,1,1
V864,llm_rag,34.47,1,2,149.33,34.07,34.1,9.88,33.44,80.31,34.9,11.78,4,internal_medicine,<5_years,low,1,0
V864,bm25,47.12,1,2,211.95,45.15,51.91,10.21,54.59,69.9,48.3,35.97,5,internal_medicine,<5_years,low,1,0
V864,sdt,35.11,1,2,118.55,30.99,20.06,5.11,30.69,83.82,32.47,13.8,6,internal_medicine,<5_years,low,1,1
V864,medcpt,38.7,1,2,152.06,34.12,39.39,9.52,28.71,76.27,33.65,17.15,7,internal_medicine,<5_years,low,1,0
V864,colbert,35.74,1,2,155.2,33.74,32.45,8.6,32.74,76.52,31.17,20.96,8,internal_medicine,<5_years,low,1,0
V864,gdt,41.6,1,2,130.24,33.6,32.53,3.5,32.15,79.95,36.32,17.14,9,internal_medicine,<5_years,low,1,1
V441,bm25,151.87,0,1,197.53,59.9,83.19,25.79,73.83,48.9,80.39,47.3,1,critical_care,<5_years,low,0,0
V441,control,127.63,0,1,223.93,57.46,76.03,20.46,71.73,52.04,75.42,49.08,2,critical_care,<5_years,low,0,0
V441,sdt,16.94,1,1,124.68,25.02,20.43,8.8,12.22,79.6,25.21,3.86,3,critical_care,<5_years,low,0,1
V441,graphcare,126.26,0,1,154.43,47.15,61.75,15.53,50.45,56.97,65.06,33.17,4,critical_care,<5_years,low,0,0
V441,gdt,116.66,0,1,125.06,45.61,58.55,16.19,55.2,68.23,52.19,23.31,5,critical_care,<5_years,low,0,1
V441,llm_rag,124.05,0,1,147.78,47.6,59.28,20.56,51.3,62.19,63.02,29.24,6,critical_care,<5_years,low,0,0
V441,colbert,113.63,0,1,154.12,47.29,54.33,10.18,57.29,64.72,60.02,37.19,7,critical_care,<5_years,low,0,0
V441,medcpt,118.81,0,1,122.36,50.04,65.75,12.5,62.62,65.53,63.78,30.06,8,critical_care,<5_years,low,0,0
V441,cma,137.3,0,1,141.29,51.57,73.07,17.45,61.96,57.46,65.65,33.86,9,critical_care,<5_years,low,0,1
V481,bm25,20.75,1,1,199.06,34.83,39.0,8.21,36.62,71.11,38.59,15.47,1,internal_medicine,>=5_years,low,0,0
V481,llm_rag,17.2,1,1,187.65,31.47,27.41,10.93,20.28,85.71,26.86,17.61,2,internal_medicine,>=5_years,low,0,0
V481,sdt,15.62,1,1,148.89,23.05,8.21,10.75,10.33,86.27,15.77,6.98,3,internal_medicine,>=5_years,low,0,1
V481,medcpt,17.58,1,1,148.14,31.3,29.97,9.44,23.26,85.19,26.41,13.54,4,internal_medicine,>=5_years,low,0,0
V481,cma,20.04,1,1,142.15,30.62,24.47,5.51,22.36,84.46,27.84,19.1,5,internal_medicine,>=5_years,low,0,1
V481,colbert,24.44,1,1,173.9,28.53,29.91,11.04,19.52,70.4,24.04,16.28,6,internal_medicine,>=5_years,low,0,0
V481,control,20.52,1,1,159.19,39.67,43.87,11.42,37.18,72.91,41.97,30.64,7,internal_medicine,>=5_years,low,0,0
V481,graphcare,20.37,1,1,160.22,25.94,26.81,3.4,20.86,78.41,21.46,4.7,8,internal_medicine,>=5_years,low,0,0
V481,gdt,20.43,1,1,127.15,29.51,30.58,7.19,20.92,81.96,24.36,12.06,9,internal_medicine,>=5_years,low,0,1
V579,llm_rag,137.3,0,2,160.3,49.06,65.65,9.81,58.72,59.95,63.04,37.18,1,emergency,>=5_years,low,1,0
V579,colbert,38.0,1,2,166.57,35.99,38.42,13.77,37.06,70.54,39.36,16.75,2,emergency,>=5_years,low,1,0
V579,control,48.79,1,2,190.52,42.89,49.9,12.37,44.33,67.7,51.62,31.42,3,emergency,>=5_years,low,1,0
V579,sdt,37.89,1,2,126.64,29.33,22.45,7.53,21.39,78.77,35.07,10.75,4,emergency,>=5_years,low,1,1
V579,graphcare,42.41,1,2,151.82,36.29,29.06,13.39,38.15,73.5,36.4,27.23,5,emergency,>=5_years,low,1,0
V579,cma,40.59,1,2,131.38,35.16,34.74,14.78,35.11,77.49,30.46,18.38,6,emergency,>=5_years,low,1,1
V579,bm25,42.22,1,2,201.37,45.12,52.65,11.39,57.4,69.42,50.21,29.64,7,emergency,>=5_years,low,1,0
V579,gdt,44.99,1,2,115.24,34.85,41.27,6.62,35.95,75.06,36.51,13.69,8,emergency,>=5_years,low,1,1
V579,medcpt,40.61,1,2,131.14,33.38,30.51,6.92,31.15,71.47,32.02,28.18,9,emergency,>=5_years,low,1,0
V178,cma,96.09,1,5,142.89,46.86,68.55,19.32,50.62,55.59,57.43,29.63,1,hospital_medicine,>=5_years,high,3,1
V178,control,110.4,1,5,192.42,60.25,87.36,23.08,75.12,51.88,76.73,47.34,2,hospital_medicine,>=5_years,high,3,0
V178,colbert,100.31,1,5,162.04,47.9,62.7,26.15,59.43,50.53,56.96,31.64,3,hospital_medicine,>=5_years,high,3,0
V178,sdt,92.36,1,5,107.98,39.94,46.48,14.24,47.06,55.15,48.56,28.14,4,hospital_medicine,>=5_years,high,3,1
V178,medcpt,94.16,1,5,141.77,49.56,57.69,19.48,71.54,51.66,60.1,36.88,5,hospital_medicine,>=5_years,high,3,0
V178,bm25,127.1,1,5,190.29,61.63,80.03,24.29,88.79,36.76,87.46,52.43,6,hospital_medicine,>=5_years,high,3,0
V178,gdt,97.59,1,5,130.51,43.58,57.54,17.17,46.62,58.89,56.44,24.83,7,hospital_medicine,>=5_years,high,3,1
V178,llm_rag,95.38,1,5,164.2,47.2,59.47,10.38,61.8,59.03,56.33,36.18,8,hospital_medicine,>=5_years,high,3,0
V178,graphcare,95.56,1,5,150.05,46.56,58.55,15.04,56.97,53.29,66.33,29.19,9,hospital_medicine,>=5_years,high,3,0
V122,bm25,82.95,1,4,177.69,51.35,68.35,15.87,70.42,57.62,61.06,34.79,1,internal_medicine,<5_years,high,3,0
V122,llm_rag,73.65,1,4,170.71,39.12,42.61,8.41,45.84,65.51,43.25,29.12,2,internal_medicine,<5_years,high,3,0
V122,cma,78.01,1,4,155.44,43.14,56.2,12.77,50.97,67.23,48.5,23.16,3,internal_medicine,<5_years,high,3,1
V122,sdt,76.18,1,4,112.88,38.03,41.09,15.17,40.18,73.83,40.5,17.4,4,internal_medicine,<5_years,high,3,1
V122,medcpt,77.12,1,4,136.07,41.28,57.6,12.51,46.34,59.26,48.95,23.02,5,internal_medicine,<5_years,high,3,0
V122,control,95.25,1,4,190.75,54.7,74.26,16.61,65.31,59.96,64.15,47.91,6,internal_medicine,<5_years,high,3,0
V122,gdt,75.23,1,4,123.78,37.72,50.2,6.88,38.32,60.64,43.12,27.14,7,internal_medicine,<5_years,high,3,1
V122,graphcare,76.88,1,4,155.89,42.66,54.94,11.92,41.79,65.15,55.36,26.83,8,internal_medicine,<5_years,high,3,0
V122,colbert,72.33,1,4,147.69,40.33,44.18,10.12,51.16,60.58,48.27,27.66,9,internal_medicine,<5_years,high,3,0
V268,graphcare,21.54,1,1,167.24,29.63,28.4,7.11,20.91,80.39,31.67,9.32,1,emergency,<5_years,low,0,0
V268,control,21.6,1,1,189.27,38.73,41.4,5.73,40.75,76.66,43.04,24.8,2,emergency,<5_years,low,0,0
V268,bm25,28.68,1,1,196.54,38.01,44.66,12.95,37.7,69.13,40.07,23.53,3,emergency,<5_years,low,0,0
V268,medcpt,22.54,1,1,163.56,32.2,28.67,12.96,25.71,83.05,28.78,14.0,4,emergency,<5_years,low,0,0
V268,llm_rag,18.48,1,1,177.1,29.59,24.71,16.44,16.62,83.11,22.19,14.45,5,emergency,<5_years,low,0,0
V268,sdt,19.17,1,1,102.75,27.61,22.34,15.77,11.27,89.27,18.73,8.26,6,emergency,<5_years,low,0,1
V268,gdt,19.79,1,1,131.85,28.76,24.49,10.31,22.54,88.08,25.29,1.83,7,emergency,<5_years,low,0,1
V268,colbert,19.91,1,1,160.88,27.4,24.61,5.79,14.33,79.13,25.83,14.7,8,emergency,<5_years,low,0,0
V268,cma,20.15,1,1,152.66,31.51,31.92,15.08,26.14,85.79,27.11,3.04,9,emergency,<5_years,low,0,1
V976,medcpt,98.52,1,5,135.3,48.0,60.99,15.07,63.82,59.63,55.77,32.74,1,critical_care,>=5_years,high,4,0
V976,colbert,92.3,1,5,154.19,46.69,59.3,13.34,56.51,55.96,60.68,34.33,2,critical_care,>=5_years,high,4,0
V976,sdt,84.73,1,5,114.51,39.19,49.51,13.09,41.82,65.17,44.86,20.72,3,critical_care,>=5_years,high,4,1
V976,bm25,118.18,1,5,185.01,62.18,88.81,28.79,82.32,52.9,74.23,46.0,4,critical_care,>=5_years,high,4,0
V976,control,112.57,1,5,193.78,57.93,83.84,16.78,80.54,42.69,76.05,47.71,5,critical_care,>=5_years,high,4,0
V976,gdt,97.12,1,5,141.23,47.19,60.94,17.18,49.79,63.12,60.97,31.14,6,critical_care,>=5_years,high,4,1
V976,graphcare,95.1,1,5,150.22,46.13,63.98,15.38,59.0,52.65,58.77,26.99,7,critical_care,>=5_years,high,4,0
V976,cma,97.66,1,5,154.05,51.17,65.53,16.53,58.71,57.09,69.69,39.46,8,critical_care,>=5_years,high,4,1
V976,llm_rag,91.82,1,5,165.06,46.79,60.37,16.06,53.34,62.81,56.46,31.73,9,critical_care,>=5_years,high,4,0
V089,sdt,21.53,1,1,112.29,25.57,26.08,2.79,19.9,80.74,14.17,9.76,1,internal_medicine,>=5_years,low,0,1
V089,control,25.64,1,1,200.24,39.51,41.84,16.27,40.25,71.01,36.04,31.64,2,internal_medicine,>=5_years,low,0,0
V089,medcpt,19.4,1,1,143.01,28.3,23.59,5.77,28.28,78.14,24.99,9.04,3,internal_medicine,>=5_years,low,0,0
V089,llm_rag,19.81,1,1,176.75,25.91,26.04,7.69,16.85,77.39,20.98,6.51,4,internal_medicine,>=5_years,low,0,0
V089,colbert,21.51,1,1,141.81,31.97,27.77,6.8,25.04,85.36,36.17,10.66,5,internal_medicine,>=5_years,low,0,0
V089,gdt,20.62,1,1,120.88,28.91,31.52,14.31,22.46,76.22,26.61,2.35,6,internal_medicine,>=5_years,low,0,1
V089,cma,18.91,1,1,146.42,32.32,31.94,11.06,24.84,87.56,24.59,13.91,7,internal_medicine,>=5_years,low,0,1
V089,graphcare,17.29,1,1,148.49,29.77,30.12,8.27,25.44,82.34,20.8,11.61,8,internal_medicine,>=5_years,low,0,0
V089,bm25,20.71,1,1,175.24,36.72,38.88,9.75,38.62,68.37,43.01,21.68,9,internal_medicine,>=5_years,low,0,0
V468,medcpt,59.86,1,3,140.88,41.27,48.82,9.42,48.63,69.19,43.06,28.52,1,emergency,<5_years,low,0,0
V468,sdt,56.17,1,3,100.02,35.91,43.41,7.17,36.09,75.16,37.72,15.9,2,emergency,<5_years,low,0,1
V468,gdt,52.02,1,3,123.35,36.79,47.81,7.56,33.34,73.87,37.72,20.47,3,emergency,<5_years,low,0,1
V468,cma,60.47,1,3,133.14,38.05,47.46,11.2,39.02,62.75,43.01,24.83,4,emergency,<5_years,low,0,1
V468,graphcare,56.03,1,3,149.15,39.81,46.68,16.23,39.95,66.64,43.48,25.85,5,emergency,<5_years,low,0,0
V468,colbert,59.84,1,3,173.52,40.56,54.08,8.35,46.11,74.4,38.62,21.79,6,emergency,<5_years,low,0,0
V468,control,79.97,1,3,180.55,51.13,63.02,11.13,66.92,61.74,63.09,40.9,7,emergency,<5_years,low,0,0
V468,bm25,67.36,1,3,171.21,47.86,64.53,19.43,58.07,59.84,57.73,27.58,8,emergency,<5_years,low,0,0
V468,llm_rag,65.66,1,3,163.66,40.24,48.57,12.93,42.36,67.22,42.0,28.36,9,emergency,<5_years,low,0,0
V460,gdt,39.57,1,2,114.27,35.98,31.99,17.71,33.33,74.71,33.43,24.73,1,critical_care,>=5_years,low,0,1
V460,llm_rag,36.93,1,2,156.6,32.94,34.53,8.72,31.3,71.39,32.14,19.55,2,critical_care,>=5_years,low,0,0
V460,medcpt,35.98,1,2,135.81,34.07,36.9,6.6,25.69,76.26,39.26,19.74,3,critical_care,>=5_years,low,0,0
V460,bm25,48.86,1,2,161.66,41.49,52.31,6.31,47.19,60.67,51.7,30.74,4,critical_care,>=5_years,low,0,0
V460,cma,40.34,1,2,159.43,33.45,38.77,7.42,36.8,64.71,39.42,13.55,5,critical_care,>=5_years,low,0,1
V460,control,40.71,1,2,191.87,43.33,53.82,16.24,41.53,68.61,52.65,27.12,6,critical_care,>=5_years,low,0,0
V460,graphcare,36.32,1,2,144.89,30.31,30.36,7.29,15.75,77.74,32.81,17.93,7,critical_care,>=5_years,low,0,0
V460,colbert,35.66,1,2,139.47,35.41,29.98,8.14,34.21,76.91,35.52,27.69,8,critical_care,>=5_years,low,0,0
V460,sdt,35.8,1,2,107.03,28.5,23.19,4.78,29.23,80.58,24.34,8.86,9,critical_care,>=5_years,low,0,1
V095,llm_rag,201.2,0,5,152.64,67.25,97.73,29.5,87.0,43.51,93.4,52.36,1,hospital_medicine,<5_years,high,1,0
V095,sdt,89.82,1,5,113.15,44.44,56.03,14.11,43.05,68.72,54.3,30.45,2,hospital_medicine,<5_years,high,1,1
V095,cma,101.22,1,5,152.04,49.27,67.84,9.91,62.66,58.29,62.13,34.77,3,hospital_medicine,<5_years,high,1,1
V095,medcpt,95.53,1,5,156.2,47.46,64.69,15.75,53.15,61.83,55.03,34.29,4,hospital_medicine,<5_years,high,1,0
V095,colbert,99.11,1,5,171.6,47.14,59.6,11.31,64.47,59.13,52.48,35.83,5,hospital_medicine,<5_years,high,1,0
V095,control,112.74,1,5,194.65,58.37,86.22,25.59,73.71,42.18,76.92,45.61,6,hospital_medicine,<5_years,high,1,0
V095,gdt,97.42,1,5,117.24,44.28,54.81,19.71,58.21,54.38,55.16,23.38,7,hospital_medicine,<5_years,high,1,1
V095,bm25,113.39,1,5,179.97,59.88,83.63,21.86,81.88,47.72,80.77,43.43,8,hospital_medicine,<5_years,high,1,0
V095,graphcare,105.46,1,5,145.06,49.14,69.46,11.08,55.2,64.45,64.91,29.77,9,hospital_medicine,<5_years,high,1,0
V506,sdt,17.59,1,1,102.4,25.97,16.05,17.35,12.85,83.6,18.5,7.46,1,critical_care,>=5_years,low,0,1
V506,medcpt,20.4,1,1,141.1,28.76,29.59,5.49,27.9,79.2,20.26,10.12,2,critical_care,>=5_years,low,0,0
V506,llm_rag,19.28,1,1,165.46,29.72,34.91,10.85,20.25,80.24,26.46,5.59,3,critical_care,>=5_years,low,0,0
V506,colbert,16.38,1,1,168.17,31.46,32.51,7.86,31.17,77.07,24.48,15.63,4,critical_care,>=5_years,low,0,0
V506,control,23.06,1,1,178.32,40.72,44.59,9.54,42.19,72.74,44.35,30.93,5,critical_care,>=5_years,low,0,0
V506,cma,16.94,1,1,145.49,30.35,27.45,8.72,26.53,83.89,27.85,7.63,6,critical_care,>=5_years,low,0,1
V506,gdt,19.8,1,1,143.91,29.52,23.99,3.69,27.91,82.52,25.95,13.09,7,critical_care,>=5_years,low,0,1
V506,bm25,23.02,1,1,194.04,41.51,45.4,11.88,41.91,73.23,48.74,27.9,8,critical_care,>=5_years,low,0,0
V506,graphcare,17.84,1,1,137.58,30.09,31.41,15.0,23.54,77.39,22.08,11.14,9,critical_care,>=5_years,low,0,0
V167,control,22.26,1,1,172.27,37.33,38.94,12.26,41.04,71.99,37.38,22.35,1,critical_care,<5_years,low,0,0
V167,cma,20.75,1,1,152.11,29.7,29.11,3.66,20.69,89.37,24.34,11.03,2,critical_care,<5_years,low,0,1
V167,graphcare,17.76,1,1,158.08,31.78,22.36,15.47,31.15,86.43,21.59,13.68,3,critical_care,<5_years,low,0,0
V167,bm25,26.25,1,1,187.07,38.42,42.77,11.26,40.71,67.2,39.58,29.0,4,critical_care,<5_years,low,0,0
V167,llm_rag,17.01,1,1,159.27,28.03,26.68,10.73,27.63,73.83,19.62,9.69,5,critical_care,<5_years,low,0,0
V167,gdt,17.47,1,1,133.78,23.76,21.57,0.0,14.05,77.32,21.01,8.63,6,critical_care,<5_years,low,0,1
V167,sdt,15.29,1,1,108.27,23.55,18.23,6.79,7.97,82.95,13.45,11.9,7,critical_care,<5_years,low,0,1
V167,medcpt,21.78,1,1,124.52,26.89,28.81,0.0,24.9,66.37,31.63,9.61,8,critical_care,<5_years,low,0,0
V167,colbert,18.03,1,1,164.05,29.3,24.59,0.0,23.0,84.11,27.85,16.28,9,critical_care,<5_years,low,0,0
V979,gdt,97.34,1,5,134.67,48.3,63.08,14.37,54.42,60.62,60.8,36.51,1,internal_medicine,>=5_years,high,3,1
V979,bm25,122.72,1,5,187.8,61.77,82.31,30.06,77.82,43.54,84.26,52.64,2,internal_medicine,>=5_years,high,3,0
V979,llm_rag,102.54,1,5,164.49,48.98,64.97,18.44,58.44,60.66,58.02,33.36,3,internal_medicine,>=5_years,high,3,0
V979,medcpt,105.38,1,5,144.88,47.39,60.25,14.87,55.36,54.77,60.12,38.93,4,internal_medicine,>=5_years,high,3,0
V979,cma,99.93,1,5,146.54,51.1,73.51,20.04,61.26,54.95,63.29,33.57,5,internal_medicine,>=5_years,high,3,1
V979,colbert,95.88,1,5,162.39,47.46,62.77,15.24,59.14,58.43,63.73,25.48,6,internal_medicine,>=5_years,high,3,0
V979,control,125.26,1,5,178.59,58.29,80.08,22.4,77.12,43.22,82.25,44.67,7,internal_medicine,>=5_years,high,3,0
V979,sdt,92.9,1,5,122.14,41.26,50.16,20.11,42.12,64.81,44.06,26.28,8,internal_medicine,>=5_years,high,3,1
V979,graphcare,94.66,1,5,144.02,47.71,62.34,22.54,59.18,57.2,59.1,25.88,9,internal_medicine,>=5_years,high,3,0
V108,control,125.29,1,5,187.28,59.97,83.66,22.23,82.24,48.52,76.8,46.38,1,internal_medicine,>=5_years,high,1,0
V108,llm_rag,94.81,1,5,170.98,48.07,65.5,17.43,55.72,59.38,58.84,31.52,2,internal_medicine,>=5_years,high,1,0
V108,bm25,116.0,1,5,195.23,61.53,88.4,21.26,82.83,53.01,78.46,45.23,3,internal_medicine,>=5_years,high,1,0
V108,sdt,92.59,1,5,118.06,40.0,53.71,12.13,39.23,64.42,46.07,24.41,4,internal_medicine,>=5_years,high,1,1
V108,gdt,93.39,1,5,129.48,46.59,59.18,19.59,56.0,56.18,56.75,31.86,5,internal_medicine,>=5_years,high,1,1
V108,graphcare,98.32,1,5,142.22,46.91,57.9,18.28,54.07,60.84,64.68,25.71,6,internal_medicine,>=5_years,high,1,0
V108,colbert,99.02,1,5,174.14,48.98,69.11,11.83,58.22,62.33,57.52,34.89,7,internal_medicine,>=5_years,high,1,0
V108,medcpt,99.7,1,5,141.94,46.99,54.76,14.71,58.6,57.88,57.2,38.79,8,internal_medicine,>=5_years,high,1,0
V108,cma,99.54,1,5,139.96,53.56,72.69,22.8,67.31,60.29,61.38,36.91,9,internal_medicine,>=5_years,high,1,1
V156,colbert,91.52,1,5,145.38,46.67,62.7,19.86,59.79,55.25,61.95,20.47,1,critical_care,<5_years,high,3,0
V156,control,104.72,1,5,178.11,59.7,82.34,21.98,72.2,54.16,78.94,48.62,2,critical_care,<5_years,high,3,0
V156,bm25,110.65,1,5,174.54,56.85,78.43,27.23,68.76,49.5,74.93,42.27,3,critical_care,<5_years,high,3,0
V156,cma,108.02,1,5,146.51,49.28,67.02,20.59,53.83,53.19,70.9,30.12,4,critical_care,<5_years,high,3,1
V156,medcpt,93.95,1,5,150.8,47.23,55.21,19.59,55.16,59.32,59.75,34.37,5,critical_care,<5_years,high,3,0
V156,llm_rag,91.0,1,5,165.63,48.46,64.84,14.45,59.57,60.89,62.5,28.51,6,critical_care,<5_years,high,3,0
V156,graphcare,103.04,1,5,145.49,49.99,64.52,25.73,64.74,54.19,58.02,32.72,7,critical_care,<5_years,high,3,0
V156,sdt,86.76,1,5,111.84,42.66,50.74,16.96,40.81,67.4,54.52,25.51,8,critical_care,<5_years,high,3,1
V156,gdt,89.45,1,5,127.02,47.26,62.86,12.99,54.1,62.71,54.95,35.97,9,critical_care,<5_years,high,3,1
V583,control,112.97,1,5,187.87,59.41,80.12,25.85,73.51,48.4,79.35,49.24,1,critical_care,<5_years,high,4,0
V583,graphcare,95.17,1,5,147.69,48.03,61.7,16.44,58.05,64.3,59.96,27.75,2,critical_care,<5_years,high,4,0
V583,colbert,93.99,1,5,155.35,46.83,56.08,13.32,58.76,62.55,53.17,37.11,3,critical_care,<5_years,high,4,0
V583,medcpt,95.83,1,5,143.64,48.8,58.68,22.38,60.58,62.22,58.21,30.75,4,critical_care,<5_years,high,4,0
V583,llm_rag,184.09,0,5,165.48,64.38,95.26,25.09,85.23,38.7,90.2,51.79,5,critical_care,<5_years,high,4,0
V583,bm25,114.94,1,5,180.09,57.75,79.39,19.55,75.29,48.13,81.44,42.69,6,critical_care,<5_years,high,4,0
V583,cma,104.55,1,5,146.03,51.11,64.98,26.09,66.05,55.77,57.98,35.79,7,critical_care,<5_years,high,4,1
V583,sdt,89.05,1,5,105.12,43.81,52.8,22.3,45.31,68.12,52.82,21.49,8,critical_care,<5_years,high,4,1
V583,gdt,91.68,1,5,131.2,44.3,62.52,8.91,54.37,61.62,49.63,28.73,9,critical_care,<5_years,high,4,1
V360,cma,58.4,1,3,167.03,41.08,47.16,10.18,41.84,74.29,47.92,25.08,1,internal_medicine,<5_years,low,0,1
V360,control,72.14,1,3,189.54,47.62,60.67,16.28,59.64,58.72,63.31,27.08,2,internal_medicine,<5_years,low,0,0
V360,llm_rag,58.17,1,3,181.76,34.82,38.43,11.35,31.55,77.15,31.82,18.62,3,internal_medicine,<5_years,low,0,0
V360,gdt,61.8,1,3,129.39,38.46,42.14,14.33,43.57,72.38,37.75,20.59,4,internal_medicine,<5_years,low,0,1
V360,colbert,64.57,1,3,164.18,39.34,46.63,12.1,46.59,70.12,41.84,18.79,5,internal_medicine,<5_years,low,0,0
V360,sdt,59.33,1,3,121.64,35.31,42.48,8.23,35.29,75.78,39.27,10.79,6,internal_medicine,<5_years,low,0,1
V360,graphcare,60.75,1,3,151.15,39.1,50.25,8.9,40.92,70.42,40.41,23.72,7,internal_medicine,<5_years,low,0,0
V360,medcpt,57.08,1,3,148.75,37.59,45.97,14.68,33.31,62.05,44.68,24.86,8,internal_medicine,<5_years,low,0,0
V360,bm25,73.67,1,3,187.83,50.23,67.07,17.7,56.26,54.52,63.99,41.82,9,internal_medicine,<5_years,low,0,0
V657,gdt,152.05,0,3,118.6,53.73,73.96,15.23,62.75,54.45,70.14,45.83,1,critical_care,<5_years,low,1,1
V657,colbert,152.79,0,3,154.07,56.19,79.14,18.82,73.97,48.24,74.67,42.28,2,critical_care,<5_years,low,1,0
V657,control,177.39,0,3,178.73,70.21,100.0,26.58,92.73,41.58,96.07,64.29,3,critical_care,<5_years,low,1,0
V657,medcpt,168.2,0,3,146.63,58.91,81.06,25.37,72.24,47.8,74.52,52.47,4,critical_care,<5_years,low,1,0
V657,cma,156.1,0,3,158.37,56.98,83.06,18.66,76.26,51.05,75.42,37.45,5,critical_care,<5_years,low,1,1
V657,llm_rag,55.78,1,3,153.42,35.22,41.22,16.08,34.61,66.13,41.24,12.05,6,critical_care,<5_years,low,1,0
V657,bm25,187.11,0,3,185.1,69.39,100.0,26.57,100.0,38.26,100.0,51.52,7,critical_care,<5_years,low,1,0
V657,sdt,155.79,0,3,113.74,52.36,72.89,23.28,64.32,52.64,61.43,39.62,8,critical_care,<5_years,low,1,1
V657,graphcare,147.64,0,3,149.23,52.02,69.18,19.56,68.59,50.34,68.24,36.23,9,critical_care,<5_years,low,1,0
V269,graphcare,61.18,1,3,155.24,40.08,47.38,19.2,39.6,69.32,47.03,17.95,1,critical_care,<5_years,low,0,0
V269,gdt,56.08,1,3,124.69,36.65,39.61,12.73,39.23,79.89,36.86,11.6,2,critical_care,<5_years,low,0,1
V269,llm_rag,64.8,1,3,160.24,40.02,47.32,7.69,45.21,75.57,43.17,21.15,3,critical_care,<5_years,low,0,0
V269,medcpt,58.73,1,3,166.88,39.34,53.17,11.95,38.54,70.92,44.4,17.09,4,critical_care,<5_years,low,0,0
V269,sdt,54.94,1,3,108.35,34.4,36.66,10.7,31.43,78.16,33.22,16.26,5,critical_care,<5_years,low,0,1
V269,cma,57.56,1,3,146.42,37.79,49.92,16.13,39.65,64.41,35.79,20.85,6,critical_care,<5_years,low,0,1
V269,colbert,60.27,1,3,153.4,39.88,44.86,9.3,42.11,70.54,46.17,26.3,7,critical_care,<5_years,low,0,0
V269,control,72.49,1,3,191.08,51.59,60.06,13.13,64.55,61.66,67.04,43.07,8,critical_care,<5_years,low,0,0
V269,bm25,66.73,1,3,193.68,49.61,63.37,21.27,55.25,62.91,60.0,34.85,9,critical_care,<5_years,low,0,0
V253,bm25,22.62,1,1,158.14,37.52,41.97,14.35,38.33,74.61,39.51,16.35,1,emergency,>=5_years,low,0,0
V253,gdt,18.46,1,1,108.32,26.52,22.27,7.43,14.18,84.04,20.15,11.07,2,emergency,>=5_years,low,0,1
V253,llm_rag,18.77,1,1,158.52,31.06,30.86,7.55,29.13,83.79,32.42,2.61,3,emergency,>=5_years,low,0,0
V253,control,28.13,1,1,190.36,44.26,51.19,11.14,45.55,75.59,48.3,33.78,4,emergency,>=5_years,low,0,0
V253,cma,20.04,1,1,125.78,30.23,28.97,8.81,24.49,78.59,33.64,6.89,5,emergency,>=5_years,low,0,1
V253,colbert,19.6,1,1,160.84,29.69,35.58,11.13,22.0,77.24,24.78,7.41,6,emergency,>=5_years,low,0,0
V253,medcpt,22.1,1,1,139.78,31.19,29.13,4.67,25.74,83.85,30.18,13.6,7,emergency,>=5_years,low,0,0
V253,graphcare,18.0,1,1,117.23,28.85,30.17,6.64,20.27,77.58,27.34,11.11,8,emergency,>=5_years,low,0,0
V253,sdt,19.06,1,1,104.51,26.27,20.8,10.34,11.38,87.26,22.24,5.61,9,emergency,>=5_years,low,0,1
V628,cma,19.17,1,1,146.63,31.54,27.97,16.22,24.71,77.06,26.14,17.1,1,hospital_medicine,<5_years,low,0,1
V628,graphcare,18.25,1,1,147.05,32.47,26.89,5.66,30.74,82.1,31.36,18.06,2,hospital_medicine,<5_years,low,0,0
V628,medcpt,23.92,1,1,145.27,31.8,33.05,5.29,24.85,76.1,31.78,19.74,3,hospital_medicine,<5_years,low,0,0
V628,sdt,15.32,1,1,126.86,24.88,18.79,4.91,17.39,90.89,13.01,4.27,4,hospital_medicine,<5_years,low,0,1
V628,bm25,18.61,1,1,183.86,38.24,43.98,8.06,37.28,77.87,38.1,24.14,5,hospital_medicine,<5_years,low,0,0
V628,colbert,18.14,1,1,156.46,30.78,29.55,9.28,21.65,85.31,26.05,12.87,6,hospital_medicine,<5_years,low,0,0
V628,control,18.01,1,1,177.06,39.79,39.18,13.0,40.89,69.37,49.47,26.84,7,hospital_medicine,<5_years,low,0,0
V628,llm_rag,18.03,1,1,160.51,28.32,22.81,4.05,26.02,87.66,27.2,2.17,8,hospital_medicine,<5_years,low,0,0
V628,gdt,17.82,1,1,150.42,25.75,27.44,0.75,21.5,82.31,16.29,6.23,9,hospital_medicine,<5_years,low,0,1
V632,cma,80.8,1,4,140.13,45.33,59.55,16.36,54.81,58.99,50.49,31.77,1,critical_care,>=5_years,high,3,1
V632,bm25,99.2,1,4,183.81,58.18,76.03,17.01,68.99,62.51,73.69,50.86,2,critical_care,>=5_years,high,3,0
V632,control,95.21,1,4,191.55,52.0,67.74,20.58,69.66,50.44,65.24,38.34,3,critical_care,>=5_years,high,3,0
V632,colbert,82.18,1,4,171.83,43.5,53.99,14.24,49.73,52.92,57.4,32.74,4,critical_care,>=5_years,high,3,0
V632,llm_rag,73.37,1,4,153.76,43.27,47.13,21.08,53.74,67.61,48.97,21.11,5,critical_care,>=5_years,high,3,0
V632,medcpt,83.93,1,4,139.6,46.17,61.97,17.27,53.67,61.56,53.78,28.77,6,critical_care,>=5_years,high,3,0
V632,graphcare,80.8,1,4,147.59,43.17,58.34,9.56,49.24,57.86,53.02,31.03,7,critical_care,>=5_years,high,3,0
V632,sdt,75.26,1,4,117.44,39.24,39.88,19.87,36.74,74.09,45.05,19.84,8,critical_care,>=5_years,high,3,1
V632,gdt,68.87,1,4,128.33,41.51,47.5,14.27,50.24,60.38,52.06,24.61,9,critical_care,>=5_years,high,3,1
V703,bm25,91.34,1,4,186.33,53.8,68.72,15.55,68.28,53.86,70.16,46.2,1,emergency,>=5_years,high,2,0
V703,colbert,79.25,1,4,155.17,44.41,58.77,17.6,45.48,61.58,55.29,27.71,2,emergency,>=5_years,high,2,0
V703,llm_rag,73.37,1,4,168.79,43.25,47.86,18.92,45.03,68.54,49.0,30.18,3,emergency,>=5_years,high,2,0
V703,cma,75.54,1,4,152.69,43.81,54.2,11.52,52.95,58.33,53.46,32.37,4,emergency,>=5_years,high,2,1
V703,gdt,76.23,1,4,129.68,39.85,45.17,6.67,41.45,66.1,46.44,33.26,5,emergency,>=5_years,high,2,1
V703,control,94.89,1,4,184.12,54.85,74.0,16.35,69.27,54.43,65.26,49.82,6,emergency,>=5_years,high,2,0
V703,graphcare,76.52,1,4,150.76,39.54,51.15,9.35,48.15,47.29,49.32,31.96,7,emergency,>=5_years,high,2,0
V703,sdt,75.87,1,4,117.77,34.12,41.19,10.04,31.4,62.45,39.26,20.4,8,emergency,>=5_years,high,2,1
V703,medcpt,77.64,1,4,144.91,43.67,64.2,13.25,45.5,59.71,47.16,32.18,9,emergency,>=5_years,high,2,0
V890,llm_rag,21.42,1,1,168.14,27.61,24.94,7.38,23.48,75.99,24.88,8.97,1,emergency,<5_years,low,0,0
V890,bm25,20.8,1,1,194.99,39.59,38.51,7.55,38.99,80.05,43.61,28.84,2,emergency,<5_years,low,0,0
V890,control,24.2,1,1,177.25,38.99,37.3,4.19,48.27,71.46,44.27,28.45,3,emergency,<5_years,low,0,0
V890,colbert,18.86,1,1,142.19,30.19,27.38,9.26,20.55,82.84,28.23,12.86,4,emergency,<5_years,low,0,0
V890,graphcare,17.29,1,1,151.72,28.98,25.88,7.7,20.86,80.92,22.58,15.94,5,emergency,<5_years,low,0,0
V890,medcpt,19.17,1,1,135.89,32.47,28.68,11.38,25.95,77.24,35.31,16.25,6,emergency,<5_years,low,0,0
V890,sdt,18.46,1,1,116.18,25.13,15.93,8.72,11.53,97.99,15.43,1.21,7,emergency,<5_years,low,0,1
V890,gdt,18.54,1,1,131.51,31.41,30.18,6.5,23.94,87.46,25.13,15.26,8,emergency,<5_years,low,0,1
V890,cma,26.09,1,1,149.51,30.59,29.06,4.06,23.58,81.63,28.7,16.53,9,emergency,<5_years,low,0,1
V042,control,67.13,1,3,174.25,47.79,61.36,21.43,54.12,64.5,54.15,31.19,1,internal_medicine,<5_years,high,2,0
V042,graphcare,57.08,1,3,151.92,37.17,44.91,7.86,37.66,74.62,37.19,20.77,2,internal_medicine,<5_years,high,2,0
V042,sdt,56.65,1,3,121.23,35.33,36.54,12.06,33.69,77.91,31.31,20.5,3,internal_medicine,<5_years,high,2,1
V042,colbert,57.62,1,3,151.98,38.88,49.35,10.4,41.29,70.53,43.7,18.0,4,internal_medicine,<5_years,high,2,0
V042,cma,56.96,1,3,155.21,39.81,48.54,15.08,37.98,66.19,43.58,27.49,5,internal_medicine,<5_years,high,2,1
V042,llm_rag,58.22,1,3,168.97,39.94,43.37,15.5,37.02,77.89,38.46,27.38,6,internal_medicine,<5_years,high,2,0
V042,bm25,63.97,1,3,207.18,49.56,64.69,21.06,60.56,58.16,54.74,38.18,7,internal_medicine,<5_years,high,2,0
V042,gdt,57.71,1,3,122.56,33.98,38.09,12.45,32.54,63.64,36.5,20.66,8,internal_medicine,<5_years,high,2,1
V042,medcpt,53.69,1,3,135.03,40.75,47.83,14.78,38.37,73.88,46.78,22.88,9,internal_medicine,<5_years,high,2,0
V234,graphcare,100.06,1,5,142.37,47.67,64.21,9.13,50.13,59.7,64.96,37.88,1,critical_care,<5_years,high,4,0
V234,cma,98.46,1,5,144.39,50.96,65.93,16.65,65.87,58.73,61.51,37.06,2,critical_care,<5_years,high,4,1
V234,colbert,92.87,1,5,148.96,47.86,61.51,14.74,55.33,60.41,58.94,36.24,3,critical_care,<5_years,high,4,0
V234,llm_rag,102.1,1,5,174.99,46.92,59.16,19.75,52.06,54.81,64.99,30.78,4,critical_care,<5_years,high,4,0
V234,gdt,95.13,1,5,127.16,46.85,63.97,13.42,52.65,61.87,57.64,31.56,5,critical_care,<5_years,high,4,1
V234,medcpt,98.28,1,5,130.27,48.21,62.29,17.63,57.28,55.66,60.15,36.25,6,critical_care,<5_years,high,4,0
V234,control,119.02,1,5,199.47,60.46,80.22,23.94,75.44,52.23,78.91,52.0,7,critical_care,<5_years,high,4,0
V234,bm25,115.12,1,5,195.04,58.4,81.69,16.62,79.72,46.7,79.22,46.45,8,critical_care,<5_years,high,4,0
V234,sdt,92.19,1,5,107.8,46.17,56.83,21.81,46.2,65.25,56.4,30.54,9,critical_care,<5_years,high,4,1
V603,medcpt,41.97,1,2,149.88,36.7,30.6,9.71,43.77,68.78,39.49,27.84,1,critical_care,<5_years,low,1,0
V603,cma,44.18,1,2,142.24,39.51,41.75,14.83,38.17,71.51,46.39,24.4,2,critical_care,<5_years,low,1,1
V603,llm_rag,40.27,1,2,152.41,34.68,39.63,9.08,32.58,74.82,31.93,20.05,3,critical_care,<5_years,low,1,0
V603,control,46.69,1,2,197.18,42.59,52.71,12.29,43.04,60.23,52.25,35.02,4,critical_care,<5_years,low,1,0
V603,bm25,52.25,1,2,178.84,45.62,52.06,17.38,55.53,60.96,55.14,32.65,5,critical_care,<5_years,low,1,0
V603,gdt,34.96,1,2,138.69,30.07,31.64,9.05,30.07,72.68,22.55,14.42,6,critical_care,<5_years,low,1,1
V603,graphcare,37.74,1,2,147.05,33.91,36.26,0.0,35.67,78.1,31.21,22.21,7,critical_care,<5_years,low,1,0
V603,colbert,39.89,1,2,145.95,37.08,39.73,16.67,30.79,74.57,39.2,21.52,8,critical_care,<5_years,low,1,0
V603,sdt,38.08,1,2,112.46,29.98,35.19,7.58,21.93,74.95,26.39,13.88,9,critical_care,<5_years,low,1,1
V500,sdt,50.64,1,3,114.65,36.16,38.09,11.01,30.96,80.87,38.86,17.14,1,internal_medicine,>=5_years,high,2,1
V500,medcpt,58.93,1,3,136.6,39.55,45.77,9.92,41.37,65.44,48.94,25.88,2,internal_medicine,>=5_years,high,2,0
V500,control,79.31,1,3,199.58,49.7,66.63,19.14,56.92,58.24,58.86,38.37,3,internal_medicine,>=5_years,high,2,0
V500,cma,58.26,1,3,143.72,42.26,41.51,19.66,42.14,68.96,48.81,32.46,4,internal_medicine,>=5_years,high,2,1
V500,graphcare,59.27,1,3,146.78,37.08,44.38,9.31,37.66,75.18,36.35,19.58,5,internal_medicine,>=5_years,high,2,0
V500,gdt,58.04,1,3,121.98,36.38,50.71,14.12,42.3,57.97,34.84,18.32,6,internal_medicine,>=5_years,high,2,1
V500,llm_rag,55.38,1,3,167.4,37.95,41.15,11.69,33.1,72.94,49.32,19.49,7,internal_medicine,>=5_years,high,2,0
V500,colbert,57.26,1,3,170.22,39.75,47.59,16.66,44.47,71.13,36.01,22.61,8,internal_medicine,>=5_years,high,2,0
V500,bm25,74.02,1,3,193.73,51.29,69.33,15.78,62.07,60.41,65.86,34.29,9,internal_medicine,>=5_years,high,2,0
V673,colbert,56.34,1,3,158.92,36.14,40.13,10.37,42.83,65.77,41.6,16.17,1,emergency,>=5_years,high,2,0
V673,control,67.21,1,3,185.89,53.37,64.44,20.73,69.45,66.44,67.54,31.65,2,emergency,>=5_years,high,2,0
V673,gdt,55.61,1,3,131.42,36.98,37.74,14.94,36.26,73.7,33.09,26.13,3,emergency,>=5_years,high,2,1
V673,cma,58.84,1,3,147.73,38.16,48.08,7.17,39.91,68.92,43.81,21.07,4,emergency,>=5_years,high,2,1
V673,llm_rag,56.78,1,3,154.81,36.17,44.24,7.74,39.44,69.62,39.15,16.82,5,emergency,>=5_years,high,2,0
V673,sdt,53.21,1,3,109.43,32.04,33.78,10.12,26.18,70.56,36.51,15.11,6,emergency,>=5_years,high,2,1
V673,medcpt,57.97,1,3,132.93,39.61,56.31,15.85,36.83,66.47,41.85,20.33,7,emergency,>=5_years,high,2,0
V673,graphcare,56.51,1,3,154.87,36.98,50.86,10.74,38.83,62.81,42.71,15.9,8,emergency,>=5_years,high,2,0
V673,bm25,64.1,1,3,179.68,48.53,60.73,5.79,63.85,58.16,61.1,41.55,9,emergency,>=5_years,high,2,0
V007,colbert,59.31,1,3,173.22,39.37,50.44,12.6,35.87,62.99,46.09,28.22,1,emergency,<5_years,low,0,0
V007,cma,59.93,1,3,145.48,42.55,50.59,18.06,41.7,67.02,53.98,23.93,2,emergency,<5_years,low,0,1
V007,llm_rag,59.43,1,3,162.11,40.43,48.77,17.12,38.71,72.44,39.01,26.52,3,emergency,<5_years,low,0,0
V007,control,69.6,1,3,184.54,50.99,62.66,23.06,54.58,63.74,61.46,40.43,4,emergency,<5_years,low,0,0
V007,bm25,300.0,0,3,173.72,71.03,100.0,36.9,100.0,9.57,100.0,79.68,5,emergency,<5_years,low,0,0
V007,gdt,53.64,1,3,118.06,37.12,38.94,10.42,38.89,71.89,43.67,18.91,6,emergency,<5_years,low,0,1
V007,graphcare,56.84,1,3,142.27,39.36,43.01,11.46,43.96,70.49,41.64,25.62,7,emergency,<5_years,low,0,0
V007,sdt,56.13,1,3,119.26,33.55,37.0,14.49,24.77,73.13,28.59,23.35,8,emergency,<5_years,low,0,1
V007,medcpt,62.26,1,3,138.69,40.62,37.91,12.52,44.87,70.96,49.7,27.76,9,emergency,<5_years,low,0,0
V791,llm_rag,19.0,1,1,187.49,31.63,37.04,10.32,26.12,79.06,27.47,9.8,1,critical_care,<5_years,low,0,0
V791,bm25,21.1,1,1,179.43,37.23,45.07,10.33,32.5,65.75,42.95,26.76,2,critical_care,<5_years,low,0,0
V791,gdt,22.35,1,1,108.86,29.76,20.32,3.3,26.83,83.27,34.15,10.67,3,critical_care,<5_years,low,0,1
V791,sdt,17.61,1,1,106.17,26.29,22.46,12.49,13.06,82.73,19.89,7.11,4,critical_care,<5_years,low,0,1
V791,colbert,20.22,1,1,155.3,31.55,33.6,13.56,27.49,82.66,22.85,9.16,5,critical_care,<5_years,low,0,0
V791,control,24.38,1,1,160.48,39.71,41.02,10.28,44.48,68.19,44.56,29.74,6,critical_care,<5_years,low,0,0
V791,medcpt,21.91,1,1,141.29,29.6,28.14,8.94,23.21,77.23,33.83,6.26,7,critical_care,<5_years,low,0,0
V791,cma,19.06,1,1,161.07,28.09,27.16,6.55,26.2,75.23,22.04,11.36,8,critical_care,<5_years,low,0,1
V791,graphcare,17.73,1,1,133.24,28.39,18.04,3.79,22.06,88.21,24.32,13.95,9,critical_care,<5_years,low,0,0
V119,sdt,95.47,1,5,112.1,45.52,58.82,21.28,44.74,72.19,51.17,24.91,1,internal_medicine,<5_years,high,4,1
V119,medcpt,92.4,1,5,149.02,46.47,59.88,17.37,52.31,58.6,59.5,31.15,2,internal_medicine,<5_years,high,4,0
V119,control,118.75,1,5,184.22,58.72,84.29,19.37,71.61,45.87,81.8,49.35,3,internal_medicine,<5_years,high,4,0
V119,graphcare,104.62,1,5,157.27,48.39,60.11,8.78,67.57,53.58,60.33,39.98,4,internal_medicine,<5_years,high,4,0
V119,bm25,117.37,1,5,186.77,59.92,82.34,26.31,79.08,51.55,73.37,46.86,5,internal_medicine,<5_years,high,4,0
V119,llm_rag,97.37,1,5,164.78,48.81,63.94,23.25,56.09,64.43,49.1,36.04,6,internal_medicine,<5_years,high,4,0
V119,cma,104.71,1,5,139.16,49.99,66.5,11.98,64.3,59.93,58.84,38.38,7,internal_medicine,<5_years,high,4,1
V119,colbert,108.89,1,5,161.87,50.96,66.51,18.72,72.7,57.68,53.9,36.26,8,internal_medicine,<5_years,high,4,0
V119,gdt,98.61,1,5,125.86,45.62,58.56,13.63,55.55,55.62,57.78,32.57,9,internal_medicine,<5_years,high,4,1
V292,control,122.75,1,5,201.04,59.35,87.15,17.6,77.64,47.09,81.62,44.98,1,critical_care,<5_years,high,3,0
V292,sdt,89.38,1,5,123.15,41.38,51.84,16.68,43.19,65.45,48.48,22.66,2,critical_care,<5_years,high,3,1
V292,medcpt,101.76,1,5,139.22,51.29,65.77,22.0,56.19,54.97,66.39,42.43,3,critical_care,<5_years,high,3,0
V292,gdt,100.82,1,5,136.66,45.58,58.13,19.93,52.42,59.88,54.62,28.48,4,critical_care,<5_years,high,3,1
V292,graphcare,98.17,1,5,145.14,48.27,72.08,15.69,55.85,57.13,55.14,33.73,5,critical_care,<5_years,high,3,0
V292,llm_rag,103.04,1,5,163.69,45.97,58.36,16.29,54.02,54.56,59.16,33.4,6,critical_care,<5_years,high,3,0
V292,cma,96.08,1,5,146.79,48.63,64.81,16.16,52.34,60.59,61.05,36.84,7,critical_care,<5_years,high,3,1
V292,bm25,108.26,1,5,202.44,60.03,75.65,25.46,80.07,49.75,79.3,49.95,8,critical_care,<5_years,high,3,0
V292,colbert,97.19,1,5,149.62,47.42,65.1,19.27,52.09,63.77,52.87,31.39,9,critical_care,<5_years,high,3,0
V406,gdt,20.13,1,1,103.94,30.4,27.36,11.64,23.5,86.1,26.05,7.77,1,hospital_medicine,<5_years,low,0,1
V406,llm_rag,20.37,1,1,150.08,28.38,30.35,0.0,19.42,79.74,29.6,11.15,2,hospital_medicine,<5_years,low,0,0
V406,colbert,21.59,1,1,158.5,30.27,30.51,5.83,22.71,77.87,23.46,21.26,3,hospital_medicine,<5_years,low,0,0
V406,bm25,22.06,1,1,197.8,37.21,39.33,15.12,40.82,65.01,35.38,27.62,4,hospital_medicine,<5_years,low,0,0
V406,control,22.3,1,1,177.05,38.07,46.48,8.24,42.15,73.4,41.14,17.03,5,hospital_medicine,<5_years,low,0,0
V406,medcpt,18.61,1,1,145.1,29.29,31.02,8.35,22.06,79.9,22.04,12.34,6,hospital_medicine,<5_years,low,0,0
V406,graphcare,19.35,1,1,142.77,27.99,21.13,11.97,19.82,79.33,24.72,10.96,7,hospital_medicine,<5_years,low,0,0
V406,sdt,18.72,1,1,128.58,23.72,17.31,0.0,6.77,88.34,17.45,12.45,8,hospital_medicine,<5_years,low,0,1
V406,cma,21.83,1,1,147.23,32.93,34.01,11.62,27.11,76.85,28.03,19.98,9,hospital_medicine,<5_years,low,0,1
V782,cma,102.55,1,5,143.71,48.05,57.61,16.92,56.01,55.42,68.71,33.62,1,internal_medicine,>=5_years,high,4,1
V782,llm_rag,101.38,1,5,158.01,51.49,65.7,20.95,59.82,62.33,67.37,32.76,2,internal_medicine,>=5_years,high,4,0
V782,graphcare,90.82,1,5,143.2,47.69,62.04,17.25,58.57,56.3,57.38,34.64,3,internal_medicine,>=5_years,high,4,0
V782,colbert,98.82,1,5,157.88,47.82,62.33,15.86,52.42,59.69,57.48,39.16,4,internal_medicine,>=5_years,high,4,0
V782,sdt,86.57,1,5,123.04,42.38,54.72,9.29,42.41,66.4,56.91,24.58,5,internal_medicine,>=5_years,high,4,1
V782,gdt,99.04,1,5,120.73,48.58,62.48,14.4,59.17,64.79,59.45,31.17,6,internal_medicine,>=5_years,high,4,1
V782,medcpt,101.05,1,5,145.99,46.67,63.03,19.93,50.34,54.91,54.44,37.35,7,internal_medicine,>=5_years,high,4,0
V782,control,110.34,1,5,186.71,58.58,79.9,16.47,76.67,48.31,79.95,50.16,8,internal_medicine,>=5_years,high,4,0
V782,bm25,121.92,1,5,186.15,60.25,85.56,16.42,76.37,48.58,77.9,56.69,9,internal_medicine,>=5_years,high,4,0
V688,gdt,77.43,1,4,127.34,42.57,49.81,13.12,44.62,67.4,49.62,30.88,1,hospital_medicine,<5_years,high,2,1
V688,llm_rag,75.11,1,4,163.37,41.59,57.98,14.06,41.73,66.9,41.61,27.27,2,hospital_medicine,<5_years,high,2,0
V688,graphcare,82.3,1,4,142.18,44.27,52.72,8.53,49.23,65.05,56.27,33.81,3,hospital_medicine,<5_years,high,2,0
V688,control,96.05,1,4,182.63,55.64,79.19,17.52,70.08,60.38,67.4,39.29,4,hospital_medicine,<5_years,high,2,0
V688,medcpt,80.48,1,4,144.73,45.14,58.35,15.11,52.91,68.78,48.86,26.8,5,hospital_medicine,<5_years,high,2,0
V688,colbert,85.01,1,4,141.47,46.34,55.54,18.93,55.15,61.86,53.14,33.41,6,hospital_medicine,<5_years,high,2,0
V688,cma,85.21,1,4,136.86,48.14,57.88,19.92,58.07,66.51,56.93,29.56,7,hospital_medicine,<5_years,high,2,1
V688,sdt,79.74,1,4,105.06,44.6,51.02,14.22,45.79,77.04,54.66,24.89,8,hospital_medicine,<5_years,high,2,1
V688,bm25,90.87,1,4,179.76,55.24,70.98,25.22,67.82,50.36,68.76,48.29,9,hospital_medicine,<5_years,high,2,0
V488,cma,290.29,0,5,144.11,71.5,100.0,30.25,100.0,18.91,100.0,79.82,1,internal_medicine,>=5_years,high,3,1
V488,medcpt,292.83,0,5,141.89,70.4,100.0,33.63,100.0,18.06,100.0,70.71,2,internal_medicine,>=5_years,high,3,0
V488,sdt,90.83,1,5,113.81,43.58,58.03,13.89,47.93,68.92,54.45,18.26,3,internal_medicine,>=5_years,high,3,1
V488,bm25,300.0,0,5,178.63,72.22,100.0,42.45,100.0,13.47,100.0,77.39,4,internal_medicine,>=5_years,high,3,0
V488,colbert,300.0,0,5,147.86,72.32,100.0,41.22,100.0,15.07,100.0,77.61,5,internal_medicine,>=5_years,high,3,0
V488,graphcare,283.42,0,5,150.31,68.05,100.0,23.95,100.0,15.71,100.0,68.63,6,internal_medicine,>=5_years,high,3,0
V488,llm_rag,300.0,0,5,163.26,71.42,100.0,37.78,100.0,21.9,100.0,68.84,7,internal_medicine,>=5_years,high,3,0
V488,control,300.0,0,5,203.06,71.5,100.0,38.93,100.0,6.91,100.0,83.16,8,internal_medicine,>=5_years,high,3,0
V488,gdt,190.0,0,5,131.94,60.18,94.49,15.25,76.61,40.08,92.79,41.86,9,internal_medicine,>=5_years,high,3,1
V449,control,95.52,1,4,170.72,52.83,68.56,23.31,62.36,51.12,67.07,44.55,1,emergency,>=5_years,high,3,0
V449,bm25,98.6,1,4,180.49,56.47,78.05,20.28,74.08,53.62,69.27,43.55,2,emergency,>=5_years,high,3,0
V449,graphcare,77.35,1,4,146.4,41.02,50.59,9.32,50.11,64.18,45.82,26.08,3,emergency,>=5_years,high,3,0
V449,llm_rag,74.72,1,4,158.67,39.75,57.26,7.41,43.34,61.65,49.49,19.34,4,emergency,>=5_years,high,3,0
V449,gdt,77.29,1,4,125.57,45.76,54.77,17.27,45.04,70.5,55.58,31.38,5,emergency,>=5_years,high,3,1
V449,sdt,66.77,1,4,113.53,38.34,41.71,16.91,32.67,74.7,42.17,21.9,6,emergency,>=5_years,high,3,1
V449,medcpt,83.15,1,4,145.07,45.27,54.7,13.67,52.14,65.54,58.02,27.54,7,emergency,>=5_years,high,3,0
V449,colbert,78.48,1,4,160.06,44.15,55.16,17.38,44.92,66.31,48.46,32.71,8,emergency,>=5_years,high,3,0
V449,cma,82.8,1,4,143.21,45.29,57.96,13.89,55.82,67.29,53.65,23.14,9,emergency,>=5_years,high,3,1
V950,cma,38.13,1,2,153.28,38.38,48.53,14.65,36.83,73.83,35.56,20.87,1,hospital_medicine,<5_years,low,1,1
V950,medcpt,37.88,1,2,143.43,33.68,36.48,8.42,32.56,77.19,29.37,18.06,2,hospital_medicine,<5_years,low,1,0
V950,control,43.61,1,2,185.13,46.43,58.34,17.43,49.57,66.97,51.82,34.48,3,hospital_medicine,<5_years,low,1,0
V950,graphcare,37.1,1,2,130.46,32.36,35.3,0.0,26.3,83.77,26.38,22.4,4,hospital_medicine,<5_years,low,1,0
V950,llm_rag,128.19,0,2,166.31,47.44,60.9,18.47,52.72,55.27,58.94,38.31,5,hospital_medicine,<5_years,low,1,0
V950,colbert,43.77,1,2,145.25,34.01,37.86,9.73,30.69,62.95,41.12,21.68,6,hospital_medicine,<5_years,low,1,0
V950,bm25,43.1,1,2,190.38,44.69,51.33,16.19,53.33,61.75,53.63,31.91,7,hospital_medicine,<5_years,low,1,0
V950,gdt,38.73,1,2,136.01,34.94,41.16,9.64,30.95,79.7,33.76,14.42,8,hospital_medicine,<5_years,low,1,1
V950,sdt,33.57,1,2,121.22,29.03,26.86,10.28,27.13,74.12,21.34,14.46,9,hospital_medicine,<5_years,low,1,1
V121,graphcare,78.15,1,4,156.88,46.15,54.32,11.84,52.39,68.79,57.03,32.52,1,internal_medicine,>=5_years,high,2,0
V121,llm_rag,300.0,0,4,151.18,70.49,100.0,33.6,100.0,18.99,100.0,70.34,2,internal_medicine,>=5_years,high,2,0
V121,colbert,83.97,1,4,158.69,44.84,55.42,11.42,48.3,74.54,53.3,26.04,3,internal_medicine,>=5_years,high,2,0
V121,cma,81.49,1,4,140.05,44.38,59.68,17.13,41.97,68.84,48.54,30.1,4,internal_medicine,>=5_years,high,2,1
V121,control,97.8,1,4,195.72,58.39,76.29,19.37,78.51,51.62,74.64,49.9,5,internal_medicine,>=5_years,high,2,0
V121,bm25,92.21,1,4,179.85,51.66,70.1,12.4,71.52,53.83,64.97,37.14,6,internal_medicine,>=5_years,high,2,0
V121,medcpt,79.38,1,4,141.76,43.96,45.71,16.09,46.29,66.58,56.39,32.67,7,internal_medicine,>=5_years,high,2,0
V121,gdt,77.12,1,4,132.77,41.04,48.76,14.24,39.09,62.69,49.91,31.54,8,internal_medicine,>=5_years,high,2,1
V121,sdt,71.08,1,4,113.84,39.19,44.56,20.17,34.86,69.28,41.03,25.24,9,internal_medicine,>=5_years,high,2,1
V422,control,99.42,1,4,197.24,58.05,79.37,19.46,76.41,49.49,78.72,44.87,1,emergency,>=5_years,high,1,0
V422,cma,76.46,1,4,152.4,44.04,54.99,17.43,44.92,65.85,57.96,23.06,2,emergency,>=5_years,high,1,1
V422,graphcare,85.4,1,4,147.5,45.88,57.83,15.05,49.96,67.3,51.04,34.11,3,emergency,>=5_years,high,1,0
V422,medcpt,78.13,1,4,153.2,44.29,55.09,18.31,48.17,69.79,47.85,26.56,4,emergency,>=5_years,high,1,0
V422,llm_rag,82.36,1,4,158.67,42.87,52.08,9.75,53.22,70.89,44.39,26.88,5,emergency,>=5_years,high,1,0
V422,sdt,76.16,1,4,109.2,40.66,49.04,15.55,44.22,72.43,40.26,22.48,6,emergency,>=5_years,high,1,1
V422,gdt,73.69,1,4,132.6,41.83,53.41,14.76,46.15,63.61,45.14,27.94,7,emergency,>=5_years,high,1,1
V422,bm25,87.39,1,4,183.7,52.53,74.03,12.61,64.22,49.46,75.51,39.35,8,emergency,>=5_years,high,1,0
V422,colbert,71.36,1,4,162.85,44.45,54.68,12.27,54.44,65.33,50.22,29.74,9,emergency,>=5_years,high,1,0
V957,graphcare,101.89,1,5,143.4,47.52,63.11,12.25,57.07,56.93,64.5,31.3,1,internal_medicine,<5_years,high,3,0
V957,llm_rag,96.7,1,5,162.39,44.25,52.66,12.35,54.74,58.6,53.02,34.13,2,internal_medicine,<5_years,high,3,0
V957,medcpt,98.11,1,5,141.29,48.77,66.4,18.3,55.64,62.37,61.8,28.12,3,internal_medicine,<5_years,high,3,0
V957,cma,91.18,1,5,151.83,48.78,58.35,19.83,61.83,59.98,53.42,39.26,4,internal_medicine,<5_years,high,3,1
V957,gdt,93.71,1,5,119.74,46.47,56.79,22.58,48.05,62.23,56.33,32.82,5,internal_medicine,<5_years,high,3,1
V957,sdt,95.92,1,5,115.24,43.29,54.87,19.14,41.47,56.06,54.34,33.84,6,internal_medicine,<5_years,high,3,1
V957,bm25,120.58,1,5,178.18,60.06,78.45,25.56,78.69,51.62,78.4,47.64,7,internal_medicine,<5_years,high,3,0
V957,colbert,94.75,1,5,148.7,49.55,66.26,18.85,56.74,65.91,54.81,34.71,8,internal_medicine,<5_years,high,3,0
V957,control,112.71,1,5,181.71,59.13,80.45,17.09,81.29,48.16,80.58,47.22,9,internal_medicine,<5_years,high,3,0
V629,sdt,56.09,1,3,123.14,35.52,32.02,15.16,38.33,69.79,43.24,14.6,1,internal_medicine,>=5_years,high,2,1
V629,bm25,285.6,0,3,208.16,70.26,100.0,30.81,100.0,11.5,100.0,79.26,2,internal_medicine,>=5_years,high,2,0
V629,medcpt,266.84,0,3,148.53,70.45,100.0,33.58,100.0,29.09,100.0,60.0,3,internal_medicine,>=5_years,high,2,0
V629,llm_rag,252.02,0,3,173.48,68.96,100.0,30.03,100.0,24.05,100.0,59.71,4,internal_medicine,>=5_years,high,2,0
V629,gdt,252.7,0,3,122.48,70.55,100.0,26.05,97.54,38.35,100.0,61.38,5,internal_medicine,>=5_years,high,2,1
V629,colbert,265.6,0,3,158.54,69.9,100.0,27.07,100.0,27.82,100.0,64.51,6,internal_medicine,>=5_years,high,2,0
V629,control,284.89,0,3,171.87,72.51,100.0,34.01,100.0,17.48,100.0,83.56,7,internal_medicine,>=5_years,high,2,0
V629,cma,253.86,0,3,150.12,69.18,100.0,26.68,100.0,26.59,100.0,61.82,8,internal_medicine,>=5_years,high,2,1
V629,graphcare,249.65,0,3,146.07,68.95,100.0,20.25,100.0,35.47,97.91,60.07,9,internal_medicine,>=5_years,high,2,0
V711,sdt,38.07,1,2,104.33,30.66,29.48,6.79,24.91,86.0,20.82,15.92,1,hospital_medicine,<5_years,low,1,1
V711,gdt,38.14,1,2,122.08,32.43,39.13,6.76,29.79,76.67,31.54,10.69,2,hospital_medicine,<5_years,low,1,1
V711,cma,37.64,1,2,132.46,33.55,35.06,11.96,24.88,74.8,38.38,16.21,3,hospital_medicine,<5_years,low,1,1
V711,graphcare,36.43,1,2,151.66,35.23,37.26,12.71,31.06,78.21,31.5,20.63,4,hospital_medicine,<5_years,low,1,0
V711,colbert,36.58,1,2,146.15,33.6,34.1,19.48,26.24,67.43,38.66,15.69,5,hospital_medicine,<5_years,low,1,0
V711,medcpt,43.58,1,2,149.02,37.99,29.72,16.89,34.04,81.12,41.52,24.68,6,hospital_medicine,<5_years,low,1,0
V711,control,46.45,1,2,189.59,44.72,56.18,15.24,52.73,60.87,53.64,29.68,7,hospital_medicine,<5_years,low,1,0
V711,bm25,46.18,1,2,173.4,42.66,53.91,9.69,51.63,63.73,49.09,27.92,8,hospital_medicine,<5_years,low,1,0
V711,llm_rag,41.85,1,2,189.83,34.5,34.84,6.27,31.77,73.12,40.74,20.26,9,hospital_medicine,<5_years,low,1,0
V363,graphcare,81.0,1,4,137.45,44.5,56.38,24.98,50.03,61.93,48.95,24.75,1,internal_medicine,>=5_years,high,3,0
V363,sdt,69.97,1,4,109.97,37.31,43.83,15.79,32.46,70.72,42.81,18.25,2,internal_medicine,>=5_years,high,3,1
V363,medcpt,73.69,1,4,136.27,44.09,52.66,17.36,45.67,64.78,52.64,31.44,3,internal_medicine,>=5_years,high,3,0
V363,cma,82.87,1,4,137.69,46.53,53.64,20.5,50.37,63.52,57.04,34.11,4,internal_medicine,>=5_years,high,3,1
V363,llm_rag,74.41,1,4,153.68,41.25,49.99,13.59,39.68,65.38,52.45,26.39,5,internal_medicine,>=5_years,high,3,0
V363,bm25,88.21,1,4,184.21,52.01,74.87,15.1,63.04,55.84,64.1,39.14,6,internal_medicine,>=5_years,high,3,0
V363,colbert,77.44,1,4,156.4,43.23,54.15,11.06,53.39,71.89,41.18,27.73,7,internal_medicine,>=5_years,high,3,0
V363,gdt,83.57,1,4,124.3,43.15,55.36,21.06,47.99,63.36,50.4,20.74,8,internal_medicine,>=5_years,high,3,1
V363,control,97.76,1,4,178.13,52.21,63.92,9.35,72.47,57.56,68.88,41.08,9,internal_medicine,>=5_years,high,3,0
V129,colbert,60.75,1,3,149.2,39.75,45.7,16.45,35.28,77.78,40.52,22.75,1,emergency,>=5_years,low,1,0
V129,control,67.68,1,3,173.98,48.24,63.27,17.18,65.15,54.5,54.55,34.8,2,emergency,>=5_years,low,1,0
V129,sdt,56.09,1,3,105.26,30.13,38.51,2.98,30.6,67.34,26.61,14.75,3,emergency,>=5_years,low,1,1
V129,llm_rag,58.87,1,3,162.48,38.67,47.0,8.02,32.13,69.55,50.84,24.5,4,emergency,>=5_years,low,1,0
V129,graphcare,59.3,1,3,141.06,40.59,45.11,16.46,42.19,71.67,43.76,24.36,5,emergency,>=5_years,low,1,0
V129,medcpt,60.68,1,3,130.99,40.87,53.1,12.09,42.44,73.42,43.11,21.07,6,emergency,>=5_years,low,1,0
V129,cma,65.53,1,3,139.29,41.61,41.94,14.7,42.08,69.65,53.03,28.29,7,emergency,>=5_years,low,1,1
V129,bm25,62.65,1,3,177.03,47.39,62.42,12.74,52.83,59.41,62.77,34.19,8,emergency,>=5_years,low,1,0
V129,gdt,58.17,1,3,133.84,36.13,40.77,8.95,36.15,65.67,37.45,27.81,9,emergency,>=5_years,low,1,1
V730,control,29.29,1,1,196.51,37.58,36.67,11.55,40.33,72.73,40.14,24.07,1,internal_medicine,<5_years,low,0,0
V730,graphcare,19.37,1,1,151.9,31.97,32.36,8.65,23.37,84.86,24.76,17.83,2,internal_medicine,<5_years,low,0,0
V730,llm_rag,18.13,1,1,154.65,29.07,30.77,3.16,27.46,72.83,23.66,16.55,3,internal_medicine,<5_years,low,0,0
V730,colbert,18.64,1,1,153.73,28.35,30.67,5.92,27.73,74.61,20.03,11.14,4,internal_medicine,<5_years,low,0,0
V730,cma,18.32,1,1,136.78,28.8,26.1,2.63,24.51,81.32,25.54,12.72,5,internal_medicine,<5_years,low,0,1
V730,gdt,18.14,1,1,102.33,28.85,25.37,10.18,22.96,83.26,24.5,6.83,6,internal_medicine,<5_years,low,0,1
V730,medcpt,18.36,1,1,133.99,28.93,20.13,7.32,30.43,84.37,27.05,4.28,7,internal_medicine,<5_years,low,0,0
V730,sdt,18.78,1,1,85.32,27.5,24.79,10.97,18.04,81.36,18.86,10.97,8,internal_medicine,<5_years,low,0,1
V730,bm25,22.68,1,1,164.05,39.85,40.91,16.5,37.68,73.43,47.68,22.92,9,internal_medicine,<5_years,low,0,0
V187,bm25,96.05,1,4,194.91,52.9,71.69,16.99,64.77,49.14,68.64,46.19,1,internal_medicine,<5_years,high,2,0
V187,gdt,77.73,1,4,126.56,40.01,52.26,5.24,44.96,62.43,47.71,27.45,2,internal_medicine,<5_years,high,2,1
V187,colbert,81.22,1,4,159.65,43.72,52.87,14.63,57.32,54.93,52.14,30.41,3,internal_medicine,<5_years,high,2,0
V187,control,94.52,1,4,187.59,53.86,74.89,20.54,60.08,54.18,64.25,49.19,4,internal_medicine,<5_years,high,2,0
V187,llm_rag,85.16,1,4,173.38,44.96,56.29,19.02,51.2,61.65,53.22,28.38,5,internal_medicine,<5_years,high,2,0
V187,graphcare,85.94,1,4,150.31,44.93,56.89,17.34,47.9,63.56,53.58,30.34,6,internal_medicine,<5_years,high,2,0
V187,cma,80.05,1,4,148.01,46.82,58.02,14.96,51.5,63.9,58.33,34.23,7,internal_medicine,<5_years,high,2,1
V187,medcpt,81.35,1,4,128.97,44.83,51.83,15.53,51.72,63.54,50.85,35.52,8,internal_medicine,<5_years,high,2,0
V187,sdt,71.33,1,4,118.45,36.44,44.65,12.16,39.69,61.92,40.73,19.49,9,internal_medicine,<5_years,high,2,1
V354,colbert,16.4,1,1,141.65,30.42,32.48,2.3,21.63,79.31,32.42,14.37,1,internal_medicine,>=5_years,low,0,0
V354,llm_rag,18.19,1,1,159.41,26.62,23.83,3.26,16.01,79.19,25.21,12.21,2,internal_medicine,>=5_years,low,0,0
V354,gdt,19.22,1,1,139.88,29.07,25.42,7.28,21.56,90.4,19.15,10.61,3,internal_medicine,>=5_years,low,0,1
V354,bm25,26.05,1,1,176.85,37.33,40.39,12.8,33.95,77.08,38.65,21.12,4,internal_medicine,>=5_years,low,0,0
V354,graphcare,20.88,1,1,164.35,30.88,21.99,9.02,29.59,85.16,24.6,14.91,5,internal_medicine,>=5_years,low,0,0
V354,sdt,16.79,1,1,96.13,23.52,17.59,8.64,7.31,88.59,17.15,1.86,6,internal_medicine,>=5_years,low,0,1
V354,cma,21.84,1,1,163.29,32.31,30.12,1.58,35.89,79.75,32.38,14.16,7,internal_medicine,>=5_years,low,0,1
V354,control,18.25,1,1,172.22,38.59,43.83,13.42,39.02,74.47,42.1,18.72,8,internal_medicine,>=5_years,low,0,0
V354,medcpt,17.77,1,1,144.13,29.08,18.87,5.93,19.98,90.39,26.13,13.17,9,internal_medicine,>=5_years,low,0,0
V005,control,89.59,1,4,185.75,55.6,83.74,19.5,66.84,52.38,67.91,43.21,1,internal_medicine,>=5_years,high,0,0
V005,bm25,92.2,1,4,179.75,52.74,69.01,19.8,62.78,61.79,64.5,38.59,2,internal_medicine,>=5_years,high,0,0
V005,sdt,67.7,1,4,114.13,36.7,40.95,13.26,47.42,63.31,32.13,23.1,3,internal_medicine,>=5_years,high,0,1
V005,medcpt,74.43,1,4,147.55,44.63,63.07,10.26,54.88,60.18,50.58,28.79,4,internal_medicine,>=5_years,high,0,0
V005,colbert,77.59,1,4,150.21,41.49,57.73,15.93,45.73,58.24,47.57,23.76,5,internal_medicine,>=5_years,high,0,0
V005,graphcare,80.63,1,4,137.68,40.83,58.07,11.23,52.21,57.1,49.86,16.54,6,internal_medicine,>=5_years,high,0,0
V005,gdt,68.4,1,4,134.97,40.83,43.63,15.74,38.64,69.5,46.75,30.71,7,internal_medicine,>=5_years,high,0,1
V005,cma,80.51,1,4,136.06,46.1,62.08,14.36,48.81,66.91,51.34,33.1,8,internal_medicine,>=5_years,high,0,1
V005,llm_rag,76.62,1,4,159.76,44.59,54.35,9.69,53.33,65.94,53.7,30.51,9,internal_medicine,>=5_years,high,0,0
V343,sdt,93.29,1,5,107.65,40.95,48.44,16.28,44.55,67.81,46.83,21.77,1,emergency,<5_years,high,4,1
V343,gdt,205.86,0,5,127.24,64.52,95.78,23.25,90.68,37.4,82.08,57.96,2,emergency,<5_years,high,4,1
V343,llm_rag,300.0,0,5,168.76,70.41,100.0,30.87,100.0,21.4,100.0,70.21,3,emergency,<5_years,high,4,0
V343,control,236.06,0,5,188.41,71.67,100.0,31.24,100.0,28.87,100.0,69.92,4,emergency,<5_years,high,4,0
V343,cma,198.43,0,5,155.94,66.22,98.79,16.38,92.02,41.14,91.37,57.62,5,emergency,<5_years,high,4,1
V343,medcpt,196.29,0,5,139.41,63.92,100.0,17.97,84.95,39.87,90.6,50.13,6,emergency,<5_years,high,4,0
V343,bm25,231.35,0,5,196.45,69.96,100.0,29.33,100.0,19.07,100.0,71.38,7,emergency,<5_years,high,4,0
V343,colbert,298.13,0,5,149.06,69.76,100.0,31.51,100.0,15.07,100.0,71.96,8,emergency,<5_years,high,4,0
V343,graphcare,189.02,0,5,141.08,65.43,97.11,28.19,87.44,36.02,92.65,51.15,9,emergency,<5_years,high,4,0
V604,bm25,122.73,1,5,195.55,58.62,86.93,19.95,75.86,39.19,81.71,48.1,1,hospital_medicine,<5_years,high,4,0
V604,control,112.46,1,5,181.48,58.96,82.56,19.76,77.0,38.73,84.71,51.03,2,hospital_medicine,<5_years,high,4,0
V604,medcpt,93.1,1,5,139.11,45.97,60.73,20.34,52.5,60.6,55.36,26.3,3,hospital_medicine,<5_years,high,4,0
V604,colbert,94.86,1,5,166.48,47.93,61.98,18.93,58.43,56.31,58.25,33.69,4,hospital_medicine,<5_years,high,4,0
V604,cma,104.07,1,5,144.82,51.13,71.11,17.47,57.53,57.8,62.45,40.44,5,hospital_medicine,<5_years,high,4,1
V604,graphcare,98.86,1,5,151.18,46.82,56.68,20.08,51.45,55.4,59.94,37.35,6,hospital_medicine,<5_years,high,4,0
V604,llm_rag,100.72,1,5,164.37,45.77,70.94,6.57,52.64,62.81,49.89,31.78,7,hospital_medicine,<5_years,high,4,0
V604,sdt,92.67,1,5,118.12,44.42,54.77,24.46,45.08,67.41,54.19,20.59,8,hospital_medicine,<5_years,high,4,1
V604,gdt,93.92,1,5,131.6,47.5,63.12,16.17,54.31,65.05,54.74,31.62,9,hospital_medicine,<5_years,high,4,1
V381,sdt,99.22,1,5,105.97,43.63,47.96,20.4,46.91,62.68,54.7,29.13,1,hospital_medicine,<5_years,high,4,1
V381,gdt,91.31,1,5,128.3,45.46,54.94,14.49,48.56,66.07,54.09,34.63,2,hospital_medicine,<5_years,high,4,1
V381,llm_rag,95.59,1,5,147.14,46.11,61.25,15.37,45.63,60.11,60.06,34.26,3,hospital_medicine,<5_years,high,4,0
V381,graphcare,95.31,1,5,149.03,49.85,61.43,22.36,52.55,61.82,62.56,38.41,4,hospital_medicine,<5_years,high,4,0
V381,cma,100.63,1,5,153.24,52.99,62.93,24.0,67.86,65.28,58.74,39.14,5,hospital_medicine,<5_years,high,4,1
V381,control,123.83,1,5,187.15,60.19,85.33,20.13,80.47,43.89,78.29,53.04,6,hospital_medicine,<5_years,high,4,0
V381,bm25,119.38,1,5,193.69,60.78,92.96,16.26,80.05,43.76,84.81,46.82,7,hospital_medicine,<5_years,high,4,0
V381,medcpt,100.9,1,5,148.53,48.06,64.14,18.93,50.34,65.18,57.01,32.75,8,hospital_medicine,<5_years,high,4,0
V381,colbert,99.4,1,5,159.15,49.11,60.43,19.53,55.99,62.14,64.92,31.66,9,hospital_medicine,<5_years,high,4,0
V220,control,26.29,1,1,179.59,39.82,47.2,13.39,37.75,71.17,45.68,23.76,1,critical_care,<5_years,low,0,0
V220,llm_rag,16.4,1,1,171.31,29.46,21.68,8.45,15.79,89.14,27.89,13.83,2,critical_care,<5_years,low,0,0
V220,cma,24.81,1,1,153.11,35.93,37.31,12.56,34.12,77.72,36.81,17.06,3,critical_care,<5_years,low,0,1
V220,medcpt,23.14,1,1,169.34,33.23,32.21,11.34,28.35,87.95,27.79,11.73,4,critical_care,<5_years,low,0,0
V220,colbert,17.93,1,1,194.28,30.47,26.02,4.04,30.34,83.06,20.99,18.34,5,critical_care,<5_years,low,0,0
V220,gdt,19.31,1,1,143.35,26.56,22.11,6.93,21.14,81.53,16.12,11.55,6,critical_care,<5_years,low,0,1
V220,bm25,21.39,1,1,181.13,39.18,40.99,17.13,41.57,66.33,41.47,27.57,7,critical_care,<5_years,low,0,0
V220,sdt,17.01,1,1,114.58,26.65,22.86,9.85,18.25,80.92,18.5,9.53,8,critical_care,<5_years,low,0,1
V220,graphcare,15.64,1,1,158.19,27.3,27.89,8.26,19.31,85.94,13.45,8.94,9,critical_care,<5_years,low,0,0
V434,gdt,41.42,1,2,127.23,33.22,37.66,6.76,33.29,75.74,28.42,17.47,1,critical_care,>=5_years,low,1,1
V434,medcpt,38.26,1,2,139.12,34.33,41.72,14.07,29.17,73.17,28.23,19.6,2,critical_care,>=5_years,low,1,0
V434,bm25,53.95,1,2,174.73,44.46,51.04,9.05,49.98,64.15,51.23,41.29,3,critical_care,>=5_years,low,1,0
V434,colbert,40.96,1,2,148.98,33.06,36.34,7.79,28.59,76.85,36.17,12.61,4,critical_care,>=5_years,low,1,0
V434,cma,40.28,1,2,150.88,33.93,32.04,9.99,33.97,70.76,37.83,19.0,5,critical_care,>=5_years,low,1,1
V434,sdt,38.43,1,2,117.54,31.5,36.71,15.15,25.79,70.16,22.21,19.0,6,critical_care,>=5_years,low,1,1
V434,llm_rag,37.56,1,2,137.82,31.47,31.78,9.59,30.63,73.99,26.42,16.42,7,critical_care,>=5_years,low,1,0
V434,control,42.18,1,2,169.37,43.14,59.93,9.68,46.82,70.65,44.29,27.47,8,critical_care,>=5_years,low,1,0
V434,graphcare,39.31,1,2,147.37,33.29,38.13,5.52,33.54,72.0,33.23,17.32,9,critical_care,>=5_years,low,1,0
V853,sdt,52.05,1,3,113.26,34.0,33.9,12.05,27.97,80.12,31.85,18.08,1,hospital_medicine,>=5_years,low,1,1
V853,llm_rag,54.71,1,3,173.86,39.72,42.6,16.64,37.48,66.23,44.8,30.6,2,hospital_medicine,>=5_years,low,1,0
V853,colbert,57.28,1,3,160.01,37.67,42.16,7.84,39.96,68.99,45.24,21.82,3,hospital_medicine,>=5_years,low,1,0
V853,cma,56.41,1,3,134.64,42.55,54.06,11.57,40.88,70.04,52.32,26.41,4,hospital_medicine,>=5_years,low,1,1
V853,bm25,65.06,1,3,221.73,44.99,52.02,13.74,51.01,64.15,58.32,30.72,5,hospital_medicine,>=5_years,low,1,0
V853,graphcare,60.98,1,3,140.42,39.44,39.73,14.65,44.45,66.95,43.19,27.64,6,hospital_medicine,>=5_years,low,1,0
V853,medcpt,58.27,1,3,146.15,41.73,48.61,13.82,49.8,69.23,44.38,24.53,7,hospital_medicine,>=5_years,low,1,0
V853,control,73.43,1,3,184.12,48.06,61.96,13.36,55.05,59.24,58.47,40.3,8,hospital_medicine,>=5_years,low,1,0
V853,gdt,54.96,1,3,118.69,38.79,43.22,13.28,37.92,78.4,39.28,20.65,9,hospital_medicine,>=5_years,low,1,1
V372,bm25,26.9,1,1,177.47,40.47,45.71,10.15,49.92,77.1,39.69,20.28,1,emergency,<5_years,low,0,0
V372,colbert,19.71,1,1,176.62,27.71,22.2,0.8,30.0,77.16,20.46,15.64,2,emergency,<5_years,low,0,0
V372,llm_rag,17.6,1,1,206.97,27.82,30.46,4.44,20.51,86.02,15.71,9.76,3,emergency,<5_years,low,0,0
V372,gdt,20.4,1,1,151.98,29.44,27.87,9.87,21.28,80.07,20.26,17.32,4,emergency,<5_years,low,0,1
V372,medcpt,20.53,1,1,154.92,30.96,39.69,10.7,17.6,79.6,30.25,7.93,5,emergency,<5_years,low,0,0
V372,graphcare,18.72,1,1,139.51,30.37,39.0,5.03,17.48,80.07,22.27,18.34,6,emergency,<5_years,low,0,0
V372,control,22.93,1,1,199.68,42.72,40.79,16.02,45.29,77.02,54.2,23.03,7,emergency,<5_years,low,0,0
V372,sdt,16.82,1,1,110.15,24.47,17.19,7.83,15.13,79.26,20.29,7.13,8,emergency,<5_years,low,0,1
V372,cma,21.64,1,1,141.03,30.52,25.41,12.36,32.87,73.55,23.94,15.01,9,emergency,<5_years,low,0,1
V817,graphcare,78.76,1,4,162.0,42.08,53.21,17.24,45.37,59.9,49.99,26.76,1,critical_care,>=5_years,high,2,0
V817,cma,75.81,1,4,137.53,42.78,47.72,21.75,51.16,58.55,47.55,29.94,2,critical_care,>=5_years,high,2,1
V817,control,89.56,1,4,186.27,55.78,70.12,25.97,61.98,54.85,73.09,48.65,3,critical_care,>=5_years,high,2,0
V817,llm_rag,81.79,1,4,171.68,46.47,54.07,15.16,44.3,74.47,53.15,37.69,4,critical_care,>=5_years,high,2,0
V817,bm25,199.73,0,4,178.06,70.18,100.0,31.33,99.29,28.56,100.0,61.92,5,critical_care,>=5_years,high,2,0
V817,colbert,77.97,1,4,152.95,46.24,54.23,18.01,49.82,70.7,59.43,25.24,6,critical_care,>=5_years,high,2,0
V817,gdt,74.4,1,4,125.8,41.54,49.2,13.56,41.94,67.01,51.43,26.12,7,critical_care,>=5_years,high,2,1
V817,sdt,73.79,1,4,109.28,38.1,45.33,18.62,33.18,68.28,45.19,18.0,8,critical_care,>=5_years,high,2,1
V817,medcpt,81.99,1,4,135.42,43.15,57.03,12.45,48.46,61.09,53.98,25.87,9,critical_care,>=5_years,high,2,0
V846,gdt,21.42,1,1,145.98,31.12,22.12,10.32,25.95,82.85,27.31,18.14,1,critical_care,<5_years,low,0,1
V846,graphcare,21.91,1,1,142.04,29.32,30.68,4.14,23.13,84.27,25.64,8.06,2,critical_care,<5_years,low,0,0
V846,bm25,21.85,1,1,192.46,39.76,45.91,7.26,39.32,74.89,38.16,33.03,3,critical_care,<5_years,low,0,0
V846,cma,20.97,1,1,130.25,30.67,24.29,3.72,20.72,86.58,33.16,15.55,4,critical_care,<5_years,low,0,1
V846,medcpt,17.54,1,1,163.53,29.7,26.7,6.47,23.21,81.68,28.83,11.29,5,critical_care,<5_years,low,0,0
V846,control,21.97,1,1,163.51,40.63,40.9,3.61,44.12,76.84,45.52,32.79,6,critical_care,<5_years,low,0,0
V846,colbert,19.5,1,1,155.01,28.45,26.64,1.71,25.99,83.58,18.01,14.77,7,critical_care,<5_years,low,0,0
V846,sdt,19.4,1,1,111.12,26.57,18.77,9.09,15.28,87.2,22.28,6.79,8,critical_care,<5_years,low,0,1
V846,llm_rag,18.59,1,1,151.78,26.59,26.62,5.36,12.14,82.31,22.46,10.63,9,critical_care,<5_years,low,0,0
V476,medcpt,54.7,1,3,137.48,37.0,38.38,12.54,35.8,71.58,37.36,26.33,1,internal_medicine,<5_years,high,2,0
V476,cma,163.21,0,3,142.55,57.0,79.31,21.38,74.42,52.19,77.99,36.73,2,internal_medicine,<5_years,high,2,1
V476,colbert,56.07,1,3,156.97,38.3,42.83,7.03,40.7,73.06,38.31,27.85,3,internal_medicine,<5_years,high,2,0
V476,sdt,50.83,1,3,104.21,32.41,40.67,2.49,31.64,74.11,30.83,14.76,4,internal_medicine,<5_years,high,2,1
V476,bm25,175.46,0,3,194.5,69.35,99.35,26.83,96.42,38.04,96.99,58.46,5,internal_medicine,<5_years,high,2,0
V476,graphcare,61.25,1,3,147.38,39.0,46.79,13.51,38.93,70.59,39.37,24.8,6,internal_medicine,<5_years,high,2,0
V476,llm_rag,151.41,0,3,178.86,54.39,74.79,20.43,65.55,54.9,73.42,37.28,7,internal_medicine,<5_years,high,2,0
V476,control,185.33,0,3,193.0,68.41,96.88,22.3,100.0,33.82,94.39,63.06,8,internal_medicine,<5_years,high,2,0
V476,gdt,55.04,1,3,120.43,36.05,40.28,12.76,33.23,65.88,40.93,23.23,9,internal_medicine,<5_years,high,2,1
V159,gdt,94.97,1,5,127.67,45.95,59.07,16.41,49.64,62.9,56.5,31.17,1,internal_medicine,>=5_years,high,3,1
V159,medcpt,98.69,1,5,129.77,50.75,67.59,25.58,62.65,52.82,62.25,33.6,2,internal_medicine,>=5_years,high,3,0
V159,colbert,94.11,1,5,156.63,45.46,59.66,20.52,59.11,55.66,54.49,23.33,3,internal_medicine,>=5_years,high,3,0
V159,bm25,111.08,1,5,178.15,60.16,88.6,21.73,74.08,48.86,83.64,44.06,4,internal_medicine,>=5_years,high,3,0
V159,llm_rag,106.37,1,5,181.28,49.0,72.23,22.81,57.94,55.89,54.32,30.83,5,internal_medicine,>=5_years,high,3,0
V159,graphcare,97.11,1,5,149.54,47.18,57.85,16.39,55.48,61.31,62.5,29.57,6,internal_medicine,>=5_years,high,3,0
V159,control,115.15,1,5,187.59,58.81,75.23,18.89,76.91,50.85,83.36,47.63,7,internal_medicine,>=5_years,high,3,0
V159,sdt,88.88,1,5,125.97,39.58,49.81,12.64,38.96,60.76,47.58,27.74,8,internal_medicine,>=5_years,high,3,1
V159,cma,99.92,1,5,135.26,47.82,58.21,23.39,57.55,52.88,62.35,32.56,9,internal_medicine,>=5_years,high,3,1
V839,graphcare,219.71,0,2,154.35,64.39,95.1,20.11,89.41,40.65,91.14,49.95,1,hospital_medicine,<5_years,low,0,0
V839,control,269.96,0,2,184.91,69.03,100.0,24.06,100.0,19.67,100.0,70.42,2,hospital_medicine,<5_years,low,0,0
V839,llm_rag,248.19,0,2,149.81,69.64,100.0,34.38,100.0,25.7,96.9,60.88,3,hospital_medicine,<5_years,low,0,0
V839,sdt,226.0,0,2,110.21,66.39,91.15,32.57,92.46,42.29,89.69,50.18,4,hospital_medicine,<5_years,low,0,1
V839,colbert,41.39,1,2,152.52,34.33,34.47,9.33,33.32,74.06,35.98,18.8,5,hospital_medicine,<5_years,low,0,0
V839,gdt,230.12,0,2,137.4,65.27,97.61,30.33,89.48,27.08,99.88,47.25,6,hospital_medicine,<5_years,low,0,1
V839,bm25,278.91,0,2,179.85,69.56,100.0,34.34,100.0,13.86,100.0,69.14,7,hospital_medicine,<5_years,low,0,0
V839,cma,230.15,0,2,137.89,66.11,100.0,28.67,85.84,37.02,94.51,50.64,8,hospital_medicine,<5_years,low,0,1
V839,medcpt,246.84,0,2,144.35,68.93,100.0,31.49,98.73,27.63,100.0,55.76,9,hospital_medicine,<5_years,low,0,0
V863,gdt,76.65,1,4,130.38,41.87,51.92,10.9,45.45,60.39,52.93,29.64,1,internal_medicine,<5_years,high,1,1
V863,sdt,79.24,1,4,111.79,40.95,45.06,15.72,42.2,68.24,45.38,29.08,2,internal_medicine,<5_years,high,1,1
V863,medcpt,80.75,1,4,139.75,45.94,56.89,19.96,52.19,57.01,57.09,32.49,3,internal_medicine,<5_years,high,1,0
V863,colbert,79.76,1,4,159.17,43.61,44.99,22.82,50.26,65.47,53.77,24.37,4,internal_medicine,<5_years,high,1,0
V863,bm25,98.62,1,4,183.63,54.95,69.03,25.07,69.39,52.07,72.3,41.85,5,internal_medicine,<5_years,high,1,0
V863,graphcare,77.55,1,4,134.04,42.45,46.44,9.06,56.2,60.43,53.2,29.37,6,internal_medicine,<5_years,high,1,0
V863,llm_rag,75.25,1,4,150.21,40.63,54.43,9.61,39.39,67.52,46.27,26.54,7,internal_medicine,<5_years,high,1,0
V863,control,97.06,1,4,181.78,53.83,75.11,13.25,76.79,53.32,69.99,34.51,8,internal_medicine,<5_years,high,1,0
V863,cma,82.71,1,4,158.22,45.31,53.9,16.18,58.1,59.36,52.89,31.43,9,internal_medicine,<5_years,high,1,1
V977,colbert,110.0,1,5,145.48,53.42,71.0,17.13,65.47,53.83,69.15,43.97,1,internal_medicine,>=5_years,high,1,0
V977,sdt,90.36,1,5,116.09,42.76,53.1,16.55,48.79,65.05,51.94,21.1,2,internal_medicine,>=5_years,high,1,1
V977,gdt,98.46,1,5,134.17,48.57,60.6,17.7,53.11,65.78,62.9,31.34,3,internal_medicine,>=5_years,high,1,1
V977,llm_rag,92.84,1,5,159.72,47.36,59.14,20.76,55.53,63.79,57.68,27.26,4,internal_medicine,>=5_years,high,1,0
V977,bm25,118.54,1,5,179.93,57.72,86.19,12.09,84.65,35.53,76.34,51.52,5,internal_medicine,>=5_years,high,1,0
V977,cma,98.82,1,5,145.19,47.31,64.32,21.4,58.77,49.73,61.11,28.51,6,internal_medicine,>=5_years,high,1,1
V977,control,125.74,1,5,178.53,57.26,85.84,21.16,79.7,40.77,74.66,41.43,7,internal_medicine,>=5_years,high,1,0
V977,graphcare,99.36,1,5,154.13,46.38,63.93,15.25,53.39,58.49,56.28,30.97,8,internal_medicine,>=5_years,high,1,0
V977,medcpt,97.55,1,5,131.6,45.03,59.42,15.17,61.29,55.33,52.06,26.9,9,internal_medicine,>=5_years,high,1,0
V691,medcpt,273.53,0,4,137.5,71.36,100.0,36.99,100.0,20.58,100.0,70.6,1,internal_medicine,>=5_years,high,2,0
V691,llm_rag,168.74,0,4,160.29,62.66,88.42,29.91,74.16,49.57,90.1,43.8,2,internal_medicine,>=5_years,high,2,0
V691,bm25,208.12,0,4,160.88,68.92,100.0,27.83,100.0,27.03,100.0,58.63,3,internal_medicine,>=5_years,high,2,0
V691,colbert,271.56,0,4,160.72,68.89,100.0,29.56,100.0,20.08,100.0,63.69,4,internal_medicine,>=5_years,high,2,0
V691,control,300.0,0,4,204.58,69.66,100.0,30.26,100.0,5.8,100.0,81.92,5,internal_medicine,>=5_years,high,2,0
V691,gdt,276.54,0,4,130.2,71.45,100.0,38.77,100.0,23.51,100.0,66.43,6,internal_medicine,>=5_years,high,2,1
V691,sdt,168.16,0,4,111.08,54.36,78.2,23.7,71.47,44.57,69.83,38.39,7,internal_medicine,>=5_years,high,2,1
V691,graphcare,267.11,0,4,145.35,67.89,100.0,29.36,100.0,22.09,100.0,55.88,8,internal_medicine,>=5_years,high,2,0
V691,cma,296.89,0,4,146.62,69.35,100.0,28.82,100.0,14.44,100.0,72.85,9,internal_medicine,>=5_years,high,2,1
V891,bm25,90.85,1,4,181.9,53.54,68.66,20.42,63.71,58.31,72.9,37.25,1,emergency,<5_years,high,3,0
V891,graphcare,79.98,1,4,149.57,43.29,48.92,18.38,53.5,64.69,46.35,27.91,2,emergency,<5_years,high,3,0
V891,llm_rag,187.1,0,4,173.79,62.89,87.93,27.37,80.22,41.27,83.93,56.61,3,emergency,<5_years,high,3,0
V891,cma,71.24,1,4,141.9,45.67,57.91,21.13,45.68,68.03,57.46,23.83,4,emergency,<5_years,high,3,1
V891,colbert,87.5,1,4,160.45,45.46,57.29,20.13,50.49,63.67,54.14,27.06,5,emergency,<5_years,high,3,0
V891,medcpt,177.11,0,4,137.93,60.34,84.97,24.35,76.67,46.61,83.32,46.14,6,emergency,<5_years,high,3,0
V891,gdt,72.78,1,4,119.91,42.65,49.4,16.09,45.4,74.53,41.89,28.57,7,emergency,<5_years,high,3,1
V891,control,94.07,1,4,188.08,54.97,74.47,20.03,71.06,51.49,70.63,42.15,8,emergency,<5_years,high,3,0
V891,sdt,74.82,1,4,115.39,39.59,43.87,19.18,38.09,68.84,43.35,24.18,9,emergency,<5_years,high,3,1
V792,graphcare,189.9,0,5,156.22,59.58,91.11,21.25,85.04,29.57,87.65,42.85,1,hospital_medicine,>=5_years,high,4,0
V792,bm25,300.0,0,5,182.86,71.06,100.0,33.83,100.0,6.58,100.0,85.96,2,hospital_medicine,>=5_years,high,4,0
V792,llm_rag,299.25,0,5,165.89,72.55,100.0,42.46,100.0,20.68,100.0,72.16,3,hospital_medicine,>=5_years,high,4,0
V792,gdt,286.35,0,5,130.57,68.51,100.0,37.01,100.0,9.34,100.0,64.71,4,hospital_medicine,>=5_years,high,4,1
V792,control,300.0,0,5,197.6,72.21,100.0,36.27,100.0,16.79,100.0,80.18,5,hospital_medicine,>=5_years,high,4,0
V792,medcpt,300.0,0,5,134.07,68.74,100.0,30.18,100.0,14.57,100.0,67.68,6,hospital_medicine,>=5_years,high,4,0
V792,cma,295.41,0,5,152.33,71.34,100.0,31.94,100.0,22.34,100.0,73.77,7,hospital_medicine,>=5_years,high,4,1
V792,colbert,192.95,0,5,161.09,65.34,96.68,24.44,88.46,37.07,90.99,54.44,8,hospital_medicine,>=5_years,high,4,0
V792,sdt,272.32,0,5,109.39,69.78,100.0,28.15,100.0,24.92,100.0,65.62,9,hospital_medicine,>=5_years,high,4,1
V825,medcpt,41.89,1,2,144.44,33.62,37.6,6.42,34.05,72.41,32.42,18.79,1,hospital_medicine,>=5_years,low,1,0
V825,llm_rag,38.85,1,2,166.37,34.66,38.09,10.65,38.42,64.54,39.52,16.75,2,hospital_medicine,>=5_years,low,1,0
V825,cma,44.52,1,2,152.33,37.82,40.33,9.11,41.78,73.52,41.38,20.82,3,hospital_medicine,>=5_years,low,1,1
V825,gdt,38.54,1,2,125.75,34.51,35.65,14.15,32.34,72.59,32.89,19.45,4,hospital_medicine,>=5_years,low,1,1
V825,colbert,39.66,1,2,159.24,34.14,39.12,8.5,35.36,78.1,34.36,9.42,5,hospital_medicine,>=5_years,low,1,0
V825,graphcare,38.18,1,2,135.62,31.76,31.92,0.44,27.78,70.7,34.76,24.93,6,hospital_medicine,>=5_years,low,1,0
V825,control,44.35,1,2,176.28,44.61,54.23,13.43,49.24,74.07,42.82,33.9,7,hospital_medicine,>=5_years,low,1,0
V825,bm25,56.24,1,2,210.98,47.55,57.51,14.31,50.79,70.91,58.9,32.89,8,hospital_medicine,>=5_years,low,1,0
V825,sdt,33.45,1,2,112.49,26.57,19.39,9.5,17.71,71.19,24.22,17.41,9,hospital_medicine,>=5_years,low,1,1
V150,colbert,96.45,1,5,149.85,49.4,63.11,15.78,58.6,64.27,54.63,39.98,1,internal_medicine,<5_years,high,2,0
V150,gdt,104.05,1,5,128.67,50.44,69.7,17.25,63.56,58.28,65.49,28.34,2,internal_medicine,<5_years,high,2,1
V150,medcpt,97.81,1,5,158.87,47.73,59.1,12.98,60.27,54.82,64.61,34.59,3,internal_medicine,<5_years,high,2,0
V150,control,120.66,1,5,178.54,59.9,80.39,20.88,76.65,44.01,86.27,51.19,4,internal_medicine,<5_years,high,2,0
V150,bm25,111.82,1,5,184.94,54.61,80.11,24.54,71.31,39.43,70.51,41.78,5,internal_medicine,<5_years,high,2,0
V150,cma,99.58,1,5,152.03,51.32,65.09,20.94,65.69,57.99,65.61,32.6,6,internal_medicine,<5_years,high,2,1
V150,graphcare,92.06,1,5,145.69,47.71,60.99,20.82,48.63,59.71,65.52,30.6,7,internal_medicine,<5_years,high,2,0
V150,sdt,100.04,1,5,111.15,44.49,55.2,15.79,50.31,61.33,52.54,31.76,8,internal_medicine,<5_years,high,2,1
V150,llm_rag,96.42,1,5,172.24,47.98,60.99,25.23,55.12,58.74,54.5,33.3,9,internal_medicine,<5_years,high,2,0
V987,bm25,47.09,1,2,177.08,45.39,57.43,6.68,54.76,68.98,50.68,33.83,1,internal_medicine,>=5_years,low,1,0
V987,sdt,37.76,1,2,126.63,28.39,26.85,9.43,21.26,76.2,29.71,6.87,2,internal_medicine,>=5_years,low,1,1
V987,colbert,37.58,1,2,155.99,31.91,30.67,11.07,34.7,73.08,32.6,9.37,3,internal_medicine,>=5_years,low,1,0
V987,control,43.78,1,2,194.96,42.04,53.34,14.28,42.8,64.13,48.5,29.19,4,internal_medicine,>=5_years,low,1,0
V987,llm_rag,36.23,1,2,169.4,33.67,39.65,14.06,35.73,71.34,30.88,10.39,5,internal_medicine,>=5_years,low,1,0
V987,cma,38.46,1,2,153.49,33.97,35.98,9.8,34.84,76.16,33.7,13.32,6,internal_medicine,>=5_years,low,1,1
V987,gdt,38.85,1,2,125.67,32.13,29.68,7.97,29.97,77.15,30.09,17.95,7,internal_medicine,>=5_years,low,1,1
V987,graphcare,42.04,1,2,134.86,35.36,37.73,10.7,38.19,71.36,37.76,16.41,8,internal_medicine,>=5_years,low,1,0
V987,medcpt,37.84,1,2,135.82,35.02,36.35,11.22,32.56,71.35,36.15,22.46,9,internal_medicine,>=5_years,low,1,0
V001,colbert,38.51,1,2,160.49,33.75,42.8,0.56,29.45,73.97,39.26,16.48,1,hospital_medicine,>=5_years,low,0,0
V001,cma,40.11,1,2,136.36,37.8,37.65,9.68,40.27,79.27,42.29,17.66,2,hospital_medicine,>=5_years,low,0,1
V001,control,54.58,1,2,178.13,43.96,51.03,18.03,45.11,65.88,46.69,36.99,3,hospital_medicine,>=5_years,low,0,0
V001,medcpt,36.21,1,2,135.83,36.91,36.96,7.93,38.03,72.71,43.07,22.74,4,hospital_medicine,>=5_years,low,0,0
V001,sdt,33.72,1,2,105.68,30.04,32.1,10.54,21.78,80.61,25.66,9.56,5,hospital_medicine,>=5_years,low,0,1
V001,llm_rag,248.03,0,2,166.24,69.05,100.0,28.38,95.71,29.96,97.63,62.62,6,hospital_medicine,>=5_years,low,0,0
V001,bm25,41.91,1,2,166.82,41.38,44.43,10.55,53.61,65.14,45.15,29.38,7,hospital_medicine,>=5_years,low,0,0
V001,graphcare,38.42,1,2,160.98,35.54,33.7,10.78,32.92,86.19,35.88,13.78,8,hospital_medicine,>=5_years,low,0,0
V001,gdt,34.29,1,2,135.79,33.6,29.21,19.17,28.03,78.31,34.3,12.58,9,hospital_medicine,>=5_years,low,0,1
V526,control,20.12,1,1,192.05,40.05,44.29,11.65,44.05,71.85,42.52,25.94,1,internal_medicine,<5_years,low,0,0
V526,graphcare,23.1,1,1,133.77,31.57,33.9,3.36,27.04,87.72,25.78,11.64,2,internal_medicine,<5_years,low,0,0
V526,llm_rag,19.87,1,1,147.94,30.78,29.25,5.25,29.88,75.49,25.14,19.67,3,internal_medicine,<5_years,low,0,0
V526,bm25,26.0,1,1,187.49,40.79,46.35,14.45,41.36,75.68,35.91,30.97,4,internal_medicine,<5_years,low,0,0
V526,cma,21.22,1,1,120.92,36.49,34.32,16.17,34.41,81.88,32.59,19.58,5,internal_medicine,<5_years,low,0,1
V526,gdt,22.29,1,1,140.48,28.24,26.85,14.94,16.97,79.45,20.66,10.53,6,internal_medicine,<5_years,low,0,1
V526,medcpt,19.56,1,1,143.69,30.47,30.43,14.81,22.77,74.28,26.88,13.61,7,internal_medicine,<5_years,low,0,0
V526,colbert,18.25,1,1,145.85,30.61,17.98,8.28,30.42,83.64,26.89,16.45,8,internal_medicine,<5_years,low,0,0
V526,sdt,16.01,1,1,114.14,27.21,19.01,9.6,16.07,82.91,24.29,11.37,9,internal_medicine,<5_years,low,0,1
V336,control,112.22,1,5,185.8,60.27,78.99,25.53,73.49,52.22,79.64,51.77,1,critical_care,<5_years,high,4,0
V336,graphcare,101.95,1,5,136.98,46.96,56.05,12.34,57.19,57.75,61.18,37.24,2,critical_care,<5_years,high,4,0
V336,llm_rag,298.28,0,5,177.72,67.54,100.0,29.95,100.0,11.95,100.0,63.36,3,critical_care,<5_years,high,4,0
V336,sdt,87.45,1,5,109.1,41.01,51.01,8.69,47.55,57.54,52.05,29.23,4,critical_care,<5_years,high,4,1
V336,gdt,89.15,1,5,115.9,45.96,53.85,13.46,53.68,64.36,65.71,24.72,5,critical_care,<5_years,high,4,1
V336,colbert,187.23,0,5,147.7,62.53,89.78,32.69,86.83,37.58,81.85,46.45,6,critical_care,<5_years,high,4,0
V336,cma,97.62,1,5,144.58,48.67,62.36,19.24,58.5,54.81,58.86,38.22,7,critical_care,<5_years,high,4,1
V336,medcpt,89.89,1,5,139.08,46.13,55.96,13.5,62.39,57.37,60.53,27.0,8,critical_care,<5_years,high,4,0
V336,bm25,238.12,0,5,184.64,70.81,100.0,34.98,100.0,18.76,100.0,71.1,9,critical_care,<5_years,high,4,0
V377,graphcare,61.97,1,3,169.71,39.54,46.95,8.81,44.83,69.49,43.44,23.74,1,hospital_medicine,>=5_years,high,2,0
V377,control,70.62,1,3,181.37,49.74,67.41,14.42,62.14,58.04,60.18,36.26,2,hospital_medicine,>=5_years,high,2,0
V377,bm25,64.73,1,3,203.69,48.24,61.32,20.61,53.82,61.68,58.23,33.8,3,hospital_medicine,>=5_years,high,2,0
V377,colbert,67.89,1,3,153.8,42.45,46.98,21.48,44.45,66.77,51.59,23.4,4,hospital_medicine,>=5_years,high,2,0
V377,llm_rag,54.38,1,3,161.52,40.44,30.08,17.08,45.54,71.69,49.76,28.5,5,hospital_medicine,>=5_years,high,2,0
V377,sdt,60.28,1,3,126.71,34.34,34.67,16.61,30.21,81.0,29.38,14.2,6,hospital_medicine,>=5_years,high,2,1
V377,cma,59.9,1,3,153.38,42.93,49.46,14.89,49.39,70.46,44.76,28.59,7,hospital_medicine,>=5_years,high,2,1
V377,gdt,57.48,1,3,124.88,39.2,41.37,15.03,43.62,69.56,38.47,27.14,8,hospital_medicine,>=5_years,high,2,1
V377,medcpt,59.03,1,3,138.62,38.93,40.61,16.75,37.95,68.16,46.52,23.57,9,hospital_medicine,>=5_years,high,2,0
V261,colbert,40.01,1,2,178.67,37.72,38.58,10.58,40.61,75.1,40.9,20.58,1,internal_medicine,<5_years,low,1,0
V261,medcpt,43.98,1,2,131.18,36.62,38.71,10.14,35.32,72.52,43.02,20.0,2,internal_medicine,<5_years,low,1,0
V261,control,50.4,1,2,203.26,45.2,51.7,10.68,50.04,66.83,56.15,35.79,3,internal_medicine,<5_years,low,1,0
V261,bm25,47.61,1,2,180.1,45.73,53.67,15.67,52.68,65.65,49.22,37.5,4,internal_medicine,<5_years,low,1,0
V261,cma,35.45,1,2,142.18,36.14,43.57,4.88,33.88,80.03,36.66,17.8,5,internal_medicine,<5_years,low,1,1
V261,llm_rag,37.37,1,2,165.89,34.19,32.48,7.93,36.36,77.4,35.21,15.76,6,internal_medicine,<5_years,low,1,0
V261,sdt,32.41,1,2,107.49,28.89,17.83,12.79,22.07,77.54,26.47,16.63,7,internal_medicine,<5_years,low,1,1
V261,gdt,39.09,1,2,111.84,32.55,39.9,2.2,30.75,73.52,28.47,20.49,8,internal_medicine,<5_years,low,1,1
V261,graphcare,43.92,1,2,142.61,35.99,41.37,13.76,35.3,75.68,34.5,15.35,9,internal_medicine,<5_years,low,1,0
V587,cma,109.2,1,5,141.98,51.12,67.32,20.09,58.62,53.42,62.34,44.92,1,critical_care,<5_years,high,4,1
V587,medcpt,105.98,1,5,147.7,48.73,69.63,13.42,54.45,58.8,61.2,34.88,2,critical_care,<5_years,high,4,0
V587,sdt,92.79,1,5,117.22,43.2,49.7,18.99,53.52,60.75,47.69,28.58,3,critical_care,<5_years,high,4,1
V587,llm_rag,93.27,1,5,166.85,46.38,58.15,20.4,47.07,59.52,56.04,37.05,4,critical_care,<5_years,high,4,0
V587,control,112.97,1,5,190.83,61.67,90.09,22.69,81.53,54.91,74.62,46.17,5,critical_care,<5_years,high,4,0
V587,colbert,103.98,1,5,147.16,46.53,58.51,14.82,54.52,52.6,63.31,35.4,6,critical_care,<5_years,high,4,0
V587,graphcare,90.08,1,5,158.9,47.23,55.87,15.69,62.94,60.74,52.66,35.47,7,critical_care,<5_years,high,4,0
V587,bm25,121.28,1,5,190.07,59.17,76.65,23.63,78.94,42.86,80.68,52.24,8,critical_care,<5_years,high,4,0
V587,gdt,102.12,1,5,130.87,47.45,54.77,18.5,62.92,61.6,53.45,33.45,9,critical_care,<5_years,high,4,1
V738,control,300.0,0,5,188.37,71.71,100.0,33.88,100.0,14.67,100.0,81.7,1,internal_medicine,<5_years,high,2,0
V738,llm_rag,300.0,0,5,174.34,70.07,100.0,25.25,100.0,21.54,100.0,73.64,2,internal_medicine,<5_years,high,2,0
V738,cma,300.0,0,5,143.88,67.85,100.0,33.73,100.0,5.69,100.0,67.71,3,internal_medicine,<5_years,high,2,1
V738,sdt,189.25,0,5,122.95,60.02,91.87,22.37,80.93,42.37,79.84,42.71,4,internal_medicine,<5_years,high,2,1
V738,gdt,194.99,0,5,134.09,64.43,97.52,23.54,85.59,44.68,90.05,45.2,5,internal_medicine,<5_years,high,2,1
V738,colbert,96.1,1,5,158.5,47.48,64.94,16.33,51.11,61.79,59.08,31.61,6,internal_medicine,<5_years,high,2,0
V738,graphcare,297.58,0,5,148.72,69.72,100.0,29.42,100.0,19.39,100.0,69.54,7,internal_medicine,<5_years,high,2,0
V738,bm25,300.0,0,5,192.13,72.71,100.0,43.28,100.0,11.39,100.0,81.58,8,internal_medicine,<5_years,high,2,0
V738,medcpt,298.53,0,5,136.08,70.25,100.0,35.6,100.0,19.18,100.0,66.69,9,internal_medicine,<5_years,high,2,0
V834,colbert,18.8,1,1,141.16,32.33,27.23,16.79,21.46,84.05,27.56,16.88,1,critical_care,<5_years,low,0,0
V834,llm_rag,20.01,1,1,174.88,27.87,25.87,6.96,20.64,80.87,22.38,10.53,2,critical_care,<5_years,low,0,0
V834,bm25,18.57,1,1,219.68,37.87,34.26,9.48,43.27,65.09,45.41,29.72,3,critical_care,<5_years,low,0,0
V834,graphcare,19.88,1,1,174.38,28.26,23.15,12.09,19.59,83.47,22.99,8.27,4,critical_care,<5_years,low,0,0
V834,control,27.23,1,1,202.41,39.03,37.97,6.69,40.82,76.26,44.35,28.08,5,critical_care,<5_years,low,0,0
V834,cma,22.22,1,1,169.09,31.8,32.17,0.78,27.32,84.11,34.56,11.84,6,critical_care,<5_years,low,0,1
V834,gdt,18.35,1,1,125.16,29.09,25.23,5.82,22.58,81.09,25.91,13.93,7,critical_care,<5_years,low,0,1
V834,sdt,18.72,1,1,123.23,27.95,22.67,8.47,17.83,94.17,15.91,8.66,8,critical_care,<5_years,low,0,1
V834,medcpt,19.48,1,1,151.17,28.05,22.68,4.71,20.4,81.11,27.56,11.84,9,critical_care,<5_years,low,0,0
V949,cma,60.94,1,3,143.21,38.65,44.79,12.92,39.35,68.91,44.22,21.74,1,internal_medicine,>=5_years,high,2,1
V949,gdt,62.35,1,3,121.22,41.94,47.72,17.84,44.23,83.04,41.35,17.46,2,internal_medicine,>=5_years,high,2,1
V949,medcpt,57.36,1,3,140.02,40.76,46.28,7.85,49.21,67.5,43.39,30.31,3,internal_medicine,>=5_years,high,2,0
V949,control,68.05,1,3,173.22,50.21,57.99,15.63,59.64,60.46,64.58,42.97,4,internal_medicine,>=5_years,high,2,0
V949,bm25,70.31,1,3,196.31,50.28,60.41,12.87,58.61,60.71,63.55,45.55,5,internal_medicine,>=5_years,high,2,0
V949,colbert,58.45,1,3,154.48,40.31,46.1,9.01,43.64,80.96,42.92,19.22,6,internal_medicine,>=5_years,high,2,0
V949,graphcare,59.41,1,3,133.5,38.87,46.38,16.94,38.28,71.58,37.77,22.29,7,internal_medicine,>=5_years,high,2,0
V949,llm_rag,59.18,1,3,161.23,40.29,53.95,9.23,40.33,71.61,41.68,24.92,8,internal_medicine,>=5_years,high,2,0
V949,sdt,59.24,1,3,103.15,32.42,44.83,4.91,24.67,70.95,35.18,13.97,9,internal_medicine,>=5_years,high,2,1
V039,colbert,62.75,1,3,164.82,42.47,48.85,23.46,42.8,67.32,51.45,20.91,1,hospital_medicine,>=5_years,high,2,0
V039,gdt,52.35,1,3,132.13,39.88,42.97,12.19,38.26,80.08,40.99,24.79,2,hospital_medicine,>=5_years,high,2,1
V039,sdt,53.97,1,3,120.63,33.44,37.3,8.36,27.67,69.0,40.27,18.06,3,hospital_medicine,>=5_years,high,2,1
V039,graphcare,61.37,1,3,138.83,40.18,46.9,13.78,39.75,76.98,39.83,23.83,4,hospital_medicine,>=5_years,high,2,0
V039,bm25,67.57,1,3,184.04,48.69,59.52,14.39,60.23,58.71,63.63,35.68,5,hospital_medicine,>=5_years,high,2,0
V039,medcpt,55.67,1,3,137.01,41.9,44.46,14.45,54.13,68.75,43.63,25.99,6,hospital_medicine,>=5_years,high,2,0
V039,control,70.77,1,3,209.88,51.75,68.8,23.62,63.39,58.25,56.74,39.67,7,hospital_medicine,>=5_years,high,2,0
V039,cma,58.88,1,3,145.68,41.65,53.57,5.79,42.88,77.2,41.46,28.99,8,hospital_medicine,>=5_years,high,2,1
V039,llm_rag,54.41,1,3,172.01,37.11,43.66,11.12,39.24,71.83,35.4,21.41,9,hospital_medicine,>=5_years,high,2,0
V002,llm_rag,56.33,1,3,172.43,34.27,28.25,13.4,36.25,71.71,30.53,25.48,1,hospital_medicine,>=5_years,low,0,0
V002,control,64.14,1,3,179.9,49.85,59.98,17.53,58.19,67.98,55.76,39.66,2,hospital_medicine,>=5_years,low,0,0
V002,gdt,58.98,1,3,139.3,39.36,43.17,17.69,30.66,72.09,47.14,25.38,3,hospital_medicine,>=5_years,low,0,1
V002,bm25,75.19,1,3,185.34,51.13,71.58,14.47,57.9,66.02,60.81,36.02,4,hospital_medicine,>=5_years,low,0,0
V002,medcpt,60.11,1,3,139.81,38.32,47.74,10.45,36.78,72.55,39.95,22.46,5,hospital_medicine,>=5_years,low,0,0
V002,sdt,51.18,1,3,119.38,33.26,36.4,12.56,24.93,80.47,26.79,18.38,6,hospital_medicine,>=5_years,low,0,1
V002,graphcare,57.09,1,3,153.07,36.96,43.98,10.87,41.6,66.99,37.1,21.24,7,hospital_medicine,>=5_years,low,0,0
V002,colbert,60.1,1,3,148.85,39.18,41.04,10.95,40.93,71.69,41.37,29.11,8,hospital_medicine,>=5_years,low,0,0
V002,cma,55.08,1,3,144.36,40.35,47.68,12.91,41.43,67.63,51.46,20.98,9,hospital_medicine,>=5_years,low,0,1
V755,graphcare,58.8,1,3,136.61,39.95,44.77,19.65,37.74,70.91,41.4,25.22,1,emergency,<5_years,high,2,0
V755,control,68.64,1,3,178.61,49.66,62.23,18.79,57.6,61.77,60.25,37.31,2,emergency,<5_years,high,2,0
V755,cma,58.93,1,3,148.65,37.91,51.35,10.23,42.97,62.67,40.96,19.25,3,emergency,<5_years,high,2,1
V755,sdt,55.34,1,3,109.36,32.28,39.18,4.7,28.32,70.86,36.42,14.18,4,emergency,<5_years,high,2,1
V755,gdt,59.85,1,3,136.25,38.16,38.63,10.17,38.54,68.24,46.66,26.74,5,emergency,<5_years,high,2,1
V755,medcpt,58.96,1,3,151.79,39.34,45.26,14.6,36.67,68.57,48.61,22.34,6,emergency,<5_years,high,2,0
V755,llm_rag,57.45,1,3,179.5,38.46,46.02,13.49,39.54,73.53,41.53,16.66,7,emergency,<5_years,high,2,0
V755,colbert,55.89,1,3,151.7,41.82,46.94,13.19,42.27,73.63,45.88,28.99,8,emergency,<5_years,high,2,0
V755,bm25,64.23,1,3,192.75,50.37,61.83,13.73,60.79,64.49,63.07,38.29,9,emergency,<5_years,high,2,0
V311,colbert,41.45,1,2,138.42,32.97,37.13,0.9,27.51,79.46,35.16,17.64,1,hospital_medicine,>=5_years,low,1,0
V311,llm_rag,38.85,1,2,150.55,32.72,27.31,16.87,33.54,71.94,29.02,17.61,2,hospital_medicine,>=5_years,low,1,0
V311,cma,45.63,1,2,153.85,36.68,40.85,12.85,35.45,74.22,37.92,18.79,3,hospital_medicine,>=5_years,low,1,1
V311,sdt,38.49,1,2,128.98,30.82,20.1,7.72,25.4,84.75,30.94,16.0,4,hospital_medicine,>=5_years,low,1,1
V311,bm25,43.23,1,2,187.0,42.53,48.34,12.72,50.72,64.85,51.33,27.19,5,hospital_medicine,>=5_years,low,1,0
V311,medcpt,41.43,1,2,136.61,35.7,40.65,9.09,32.21,78.56,30.29,23.36,6,hospital_medicine,>=5_years,low,1,0
V311,control,43.91,1,2,182.59,45.28,57.61,11.62,52.98,66.69,49.83,32.95,7,hospital_medicine,>=5_years,low,1,0
V311,graphcare,34.48,1,2,148.13,33.17,33.54,11.45,26.81,78.5,33.2,15.49,8,hospital_medicine,>=5_years,low,1,0
V311,gdt,33.95,1,2,129.41,34.3,41.24,7.76,28.98,76.66,33.31,17.83,9,hospital_medicine,>=5_years,low,1,1
V004,graphcare,35.97,1,2,139.04,35.05,36.61,9.77,30.96,77.07,36.61,19.27,1,internal_medicine,>=5_years,low,1,0
V004,bm25,44.22,1,2,169.84,46.71,51.39,22.06,52.7,70.04,51.72,32.37,2,internal_medicine,>=5_years,low,1,0
V004,cma,40.23,1,2,147.3,34.69,37.59,9.79,35.38,75.74,40.5,9.12,3,internal_medicine,>=5_years,low,1,1
V004,colbert,40.01,1,2,161.38,34.21,35.52,9.17,21.29,83.34,30.9,25.01,4,internal_medicine,>=5_years,low,1,0
V004,sdt,36.71,1,2,106.96,27.43,27.51,7.83,21.2,78.37,19.86,9.81,5,internal_medicine,>=5_years,low,1,1
V004,medcpt,43.11,1,2,150.58,34.3,42.1,8.7,27.69,70.2,35.43,21.69,6,internal_medicine,>=5_years,low,1,0
V004,gdt,38.67,1,2,126.15,34.67,34.71,10.6,35.77,78.59,27.99,20.36,7,internal_medicine,>=5_years,low,1,1
V004,llm_rag,40.59,1,2,166.85,36.92,43.11,13.79,32.78,80.22,34.05,17.54,8,internal_medicine,>=5_years,low,1,0
V004,control,50.06,1,2,224.9,44.76,54.55,16.25,53.38,60.03,51.19,33.17,9,internal_medicine,>=5_years,low,1,0
V084,colbert,93.4,1,5,164.81,47.15,58.27,14.74,64.19,57.52,56.16,32.01,1,critical_care,<5_years,high,4,0
V084,llm_rag,104.03,1,5,163.57,49.3,68.09,15.29,60.1,63.85,61.02,27.42,2,critical_care,<5_years,high,4,0
V084,control,108.75,1,5,206.21,58.12,75.3,22.41,72.11,55.78,73.2,49.9,3,critical_care,<5_years,high,4,0
V084,medcpt,98.28,1,5,148.81,48.99,63.66,17.97,51.55,66.69,61.37,32.72,4,critical_care,<5_years,high,4,0
V084,graphcare,94.8,1,5,147.41,47.25,59.72,12.84,54.38,61.05,62.33,33.21,5,critical_care,<5_years,high,4,0
V084,cma,100.0,1,5,154.34,46.49,63.74,16.33,51.96,55.9,63.96,27.09,6,critical_care,<5_years,high,4,1
V084,bm25,112.31,1,5,200.07,59.84,78.21,27.12,75.76,48.69,78.15,51.12,7,critical_care,<5_years,high,4,0
V084,gdt,103.35,1,5,127.53,47.27,64.67,16.06,54.83,59.51,63.36,25.17,8,critical_care,<5_years,high,4,1
V084,sdt,93.14,1,5,111.93,45.07,52.42,16.94,49.81,61.84,63.16,26.25,9,critical_care,<5_years,high,4,1
V323,graphcare,61.19,1,3,161.72,38.64,44.29,13.05,38.69,67.84,50.4,17.56,1,emergency,<5_years,low,1,0
V323,medcpt,53.55,1,3,132.52,39.14,42.19,14.21,37.52,70.49,49.73,20.71,2,emergency,<5_years,low,1,0
V323,control,67.54,1,3,191.27,50.41,61.35,13.32,59.94,65.51,62.31,40.05,3,emergency,<5_years,low,1,0
V323,llm_rag,152.27,0,3,170.57,52.59,71.06,25.36,63.96,46.28,72.19,36.7,4,emergency,<5_years,low,1,0
V323,gdt,51.69,1,3,130.27,36.37,43.49,14.71,36.74,78.32,36.83,8.13,5,emergency,<5_years,low,1,1
V323,colbert,63.68,1,3,157.83,40.43,44.77,17.64,43.88,69.86,40.61,25.84,6,emergency,<5_years,low,1,0
V323,sdt,52.1,1,3,116.4,33.05,35.55,5.08,32.96,82.43,34.67,7.62,7,emergency,<5_years,low,1,1
V323,bm25,68.08,1,3,212.93,50.62,67.51,21.46,56.97,64.06,53.77,39.93,8,emergency,<5_years,low,1,0
V323,cma,61.41,1,3,145.08,37.78,43.05,11.94,38.57,65.57,46.0,21.58,9,emergency,<5_years,low,1,1
V851,colbert,298.26,0,5,145.41,69.7,100.0,32.61,100.0,18.17,100.0,67.43,1,internal_medicine,<5_years,high,4,0
V851,bm25,108.45,1,5,180.16,58.68,76.26,19.35,80.44,53.56,80.41,42.04,2,internal_medicine,<5_years,high,4,0
V851,graphcare,95.29,1,5,145.01,48.5,61.82,19.26,52.39,62.9,56.31,38.29,3,internal_medicine,<5_years,high,4,0
V851,llm_rag,98.28,1,5,158.02,47.95,62.73,17.69,49.13,57.62,68.02,32.51,4,internal_medicine,<5_years,high,4,0
V851,sdt,93.82,1,5,114.95,43.42,51.91,21.78,42.44,66.4,53.04,24.97,5,internal_medicine,<5_years,high,4,1
V851,cma,100.27,1,5,155.22,49.6,61.03,21.82,61.47,57.39,63.6,32.31,6,internal_medicine,<5_years,high,4,1
V851,control,115.76,1,5,194.1,59.68,83.48,26.42,74.27,46.01,80.23,47.66,7,internal_medicine,<5_years,high,4,0
V851,medcpt,100.27,1,5,141.54,49.41,61.73,10.97,63.98,60.68,60.9,38.22,8,internal_medicine,<5_years,high,4,0
V851,gdt,95.02,1,5,124.27,46.34,60.82,19.54,46.31,59.28,58.26,33.86,9,internal_medicine,<5_years,high,4,1
V795,cma,38.76,1,2,146.68,40.49,42.73,15.28,35.0,80.75,45.33,23.84,1,emergency,<5_years,low,1,1
V795,bm25,46.97,1,2,191.8,44.21,59.99,10.36,51.94,60.28,50.23,32.5,2,emergency,<5_years,low,1,0
V795,llm_rag,42.44,1,2,157.73,32.87,37.92,8.98,24.34,72.94,31.18,21.85,3,emergency,<5_years,low,1,0
V795,gdt,41.78,1,2,119.07,34.44,27.54,14.25,33.39,83.02,31.99,16.45,4,emergency,<5_years,low,1,1
V795,graphcare,40.06,1,2,144.27,33.84,32.82,2.59,33.54,87.23,31.6,15.25,5,emergency,<5_years,low,1,0
V795,colbert,36.83,1,2,151.7,32.28,32.04,10.2,31.72,70.08,41.7,7.92,6,emergency,<5_years,low,1,0
V795,sdt,37.85,1,2,118.88,29.04,28.57,11.87,20.32,74.0,35.85,3.6,7,emergency,<5_years,low,1,1
V795,control,44.4,1,2,184.75,48.24,53.08,17.76,57.03,75.85,59.36,26.38,8,emergency,<5_years,low,1,0
V795,medcpt,40.23,1,2,151.19,36.49,37.16,13.76,37.59,69.96,39.5,20.99,9,emergency,<5_years,low,1,0
V371,cma,59.76,1,3,144.35,40.87,42.47,14.8,47.05,68.34,48.97,23.57,1,critical_care,<5_years,low,1,1
V371,bm25,67.36,1,3,201.54,50.11,55.35,16.52,63.39,59.22,68.1,38.1,2,critical_care,<5_years,low,1,0
V371,control,74.9,1,3,183.2,48.93,63.03,13.95,59.28,49.69,69.04,38.58,3,critical_care,<5_years,low,1,0
V371,sdt,53.03,1,3,104.28,35.7,31.55,13.12,35.87,75.42,36.33,21.92,4,critical_care,<5_years,low,1,1
V371,medcpt,62.35,1,3,146.37,38.75,44.13,7.27,41.13,72.72,46.36,20.88,5,critical_care,<5_years,low,1,0
V371,graphcare,58.92,1,3,162.0,37.25,39.59,6.27,44.34,72.23,41.83,19.24,6,critical_care,<5_years,low,1,0
V371,llm_rag,59.13,1,3,160.14,39.21,46.86,16.02,35.05,73.79,42.91,20.64,7,critical_care,<5_years,low,1,0
V371,colbert,61.36,1,3,156.56,38.01,47.04,7.99,36.98,69.73,45.04,21.29,8,critical_care,<5_years,low,1,0
V371,gdt,58.59,1,3,120.07,38.52,46.92,9.0,34.64,69.09,46.96,24.48,9,critical_care,<5_years,low,1,1
V210,graphcare,77.58,1,4,160.11,43.78,51.08,17.36,49.41,65.78,52.6,26.45,1,hospital_medicine,<5_years,high,2,0
V210,sdt,69.25,1,4,106.99,33.41,34.36,5.13,36.12,66.2,39.85,18.8,2,hospital_medicine,<5_years,high,2,1
V210,bm25,93.83,1,4,190.89,54.09,70.8,24.73,69.28,53.66,65.8,40.26,3,hospital_medicine,<5_years,high,2,0
V210,cma,73.52,1,4,144.76,43.66,54.32,17.56,45.43,62.86,52.53,29.28,4,hospital_medicine,<5_years,high,2,1
V210,medcpt,80.43,1,4,139.18,41.69,49.22,15.45,45.15,59.63,54.32,26.37,5,hospital_medicine,<5_years,high,2,0
V210,gdt,76.7,1,4,132.78,40.53,50.22,12.39,45.11,63.82,46.96,24.66,6,hospital_medicine,<5_years,high,2,1
V210,colbert,75.03,1,4,149.28,41.58,51.89,4.36,48.23,67.51,50.1,27.42,7,hospital_medicine,<5_years,high,2,0
V210,llm_rag,172.48,0,4,169.64,56.69,73.69,20.76,77.46,48.21,76.85,43.16,8,hospital_medicine,<5_years,high,2,0
V210,control,98.18,1,4,201.02,54.86,69.3,18.6,68.39,56.53,75.59,40.76,9,hospital_medicine,<5_years,high,2,0
V567,sdt,68.98,1,4,109.25,37.96,43.61,6.91,49.62,62.58,46.92,18.13,1,hospital_medicine,<5_years,high,1,1
V567,medcpt,78.02,1,4,150.15,42.92,59.7,6.77,45.83,63.35,56.72,25.15,2,hospital_medicine,<5_years,high,1,0
V567,gdt,71.1,1,4,132.59,44.64,52.55,17.73,42.3,73.32,56.97,24.98,3,hospital_medicine,<5_years,high,1,1
V567,llm_rag,74.15,1,4,162.08,42.78,57.18,15.65,42.91,65.88,53.66,21.4,4,hospital_medicine,<5_years,high,1,0
V567,control,95.19,1,4,183.79,55.6,69.91,21.41,71.5,57.03,65.17,48.59,5,hospital_medicine,<5_years,high,1,0
V567,graphcare,76.16,1,4,158.44,42.27,51.22,14.74,49.73,70.09,42.29,25.57,6,hospital_medicine,<5_years,high,1,0
V567,bm25,88.95,1,4,181.3,54.68,69.16,23.02,73.69,50.26,68.81,43.11,7,hospital_medicine,<5_years,high,1,0
V567,cma,76.81,1,4,137.81,46.14,53.43,8.97,47.78,68.99,60.74,36.95,8,hospital_medicine,<5_years,high,1,1
V567,colbert,72.26,1,4,155.82,41.98,62.04,11.92,36.16,65.57,55.57,20.59,9,hospital_medicine,<5_years,high,1,0
V237,control,92.82,1,4,193.77,56.53,72.28,23.77,69.68,57.66,71.89,43.88,1,emergency,<5_years,high,2,0
V237,gdt,69.97,1,4,129.48,42.27,53.02,12.43,47.08,68.64,50.77,21.68,2,emergency,<5_years,high,2,1
V237,bm25,96.1,1,4,179.94,56.27,72.47,22.08,75.74,42.89,78.7,45.73,3,emergency,<5_years,high,2,0
V237,medcpt,84.94,1,4,144.46,46.39,59.02,17.1,55.98,60.67,59.59,25.96,4,emergency,<5_years,high,2,0
V237,cma,76.6,1,4,143.83,44.31,47.15,12.79,54.94,65.9,56.75,28.3,5,emergency,<5_years,high,2,1
V237,llm_rag,72.56,1,4,165.4,42.81,53.97,11.4,48.16,70.54,48.12,24.67,6,emergency,<5_years,high,2,0
V237,graphcare,73.12,1,4,159.5,42.37,50.15,19.14,41.02,67.27,53.62,22.99,7,emergency,<5_years,high,2,0
V237,colbert,72.42,1,4,151.61,40.56,49.18,14.77,51.02,63.67,41.19,23.5,8,emergency,<5_years,high,2,0
V237,sdt,70.26,1,4,111.36,38.54,46.33,12.53,38.87,69.21,40.12,24.15,9,emergency,<5_years,high,2,1
V325,colbert,73.73,1,4,155.36,43.4,57.43,13.88,46.02,68.44,48.11,26.52,1,internal_medicine,>=5_years,high,3,0
V325,sdt,72.9,1,4,121.15,38.74,44.39,12.14,39.65,70.05,38.9,27.29,2,internal_medicine,>=5_years,high,3,1
V325,cma,79.61,1,4,148.99,44.67,58.41,16.65,48.77,65.18,51.6,27.41,3,internal_medicine,>=5_years,high,3,1
V325,llm_rag,87.3,1,4,151.75,40.62,49.54,8.77,52.4,58.34,51.47,23.22,4,internal_medicine,>=5_years,high,3,0
V325,graphcare,79.61,1,4,139.61,45.05,55.48,11.96,52.2,63.46,52.69,34.52,5,internal_medicine,>=5_years,high,3,0
V325,medcpt,76.85,1,4,137.3,43.46,53.15,20.0,47.8,63.13,52.64,24.04,6,internal_medicine,>=5_years,high,3,0
V325,gdt,79.39,1,4,129.66,43.26,55.08,13.48,48.22,64.7,51.74,26.34,7,internal_medicine,>=5_years,high,3,1
V325,control,93.92,1,4,199.12,51.76,70.06,14.45,68.85,56.53,62.77,37.9,8,internal_medicine,>=5_years,high,3,0
V325,bm25,99.14,1,4,187.78,55.08,68.75,14.82,73.68,50.94,75.36,46.9,9,internal_medicine,>=5_years,high,3,0
V043,medcpt,18.29,1,1,129.53,28.82,29.1,7.22,27.97,81.94,18.65,8.03,1,emergency,<5_years,low,0,0
V043,cma,19.68,1,1,146.09,30.95,27.33,7.85,25.07,80.08,31.82,13.56,2,emergency,<5_years,low,0,1
V043,sdt,19.04,1,1,98.11,25.78,19.62,4.84,13.07,84.09,23.35,9.72,3,emergency,<5_years,low,0,1
V043,graphcare,19.58,1,1,140.14,29.11,31.44,2.96,24.55,74.1,23.24,18.39,4,emergency,<5_years,low,0,0
V043,gdt,18.32,1,1,126.19,28.42,24.28,7.75,24.71,77.92,25.74,10.14,5,emergency,<5_years,low,0,1
V043,control,25.49,1,1,195.37,41.87,48.5,13.59,42.72,78.41,44.87,23.17,6,emergency,<5_years,low,0,0
V043,colbert,22.32,1,1,135.73,32.67,31.6,12.1,24.51,85.43,28.4,14.0,7,emergency,<5_years,low,0,0
V043,bm25,20.34,1,1,199.62,37.15,43.7,3.9,43.93,74.89,32.42,24.06,8,emergency,<5_years,low,0,0
V043,llm_rag,17.58,1,1,151.89,29.94,33.06,9.59,21.73,78.27,24.27,12.73,9,emergency,<5_years,low,0,0
V015,cma,57.32,1,3,139.66,37.72,51.15,8.57,43.07,65.44,43.1,14.96,1,critical_care,>=5_years,low,1,1
V015,llm_rag,54.6,1,3,159.31,38.34,45.04,8.77,39.97,67.82,43.13,25.32,2,critical_care,>=5_years,low,1,0
V015,sdt,56.32,1,3,109.59,33.79,41.2,11.78,22.9,72.98,34.18,19.7,3,critical_care,>=5_years,low,1,1
V015,control,66.27,1,3,187.91,48.36,62.24,11.45,63.19,61.45,60.24,31.55,4,critical_care,>=5_years,low,1,0
V015,medcpt,58.61,1,3,136.49,39.15,43.56,8.65,40.56,67.62,42.2,32.31,5,critical_care,>=5_years,low,1,0
V015,gdt,62.9,1,3,123.07,37.09,40.17,9.43,41.55,71.13,42.68,17.59,6,critical_care,>=5_years,low,1,1
V015,colbert,55.4,1,3,164.75,40.16,43.73,21.01,43.84,68.67,38.71,25.01,7,critical_care,>=5_years,low,1,0
V015,graphcare,59.4,1,3,136.08,39.42,40.52,17.82,38.16,70.74,46.18,23.09,8,critical_care,>=5_years,low,1,0
V015,bm25,59.94,1,3,193.65,47.41,60.63,18.79,52.6,64.01,61.22,27.2,9,critical_care,>=5_years,low,1,0
V958,colbert,57.9,1,3,157.07,39.16,51.94,18.41,36.02,65.91,37.43,25.25,1,critical_care,<5_years,high,2,0
V958,graphcare,63.45,1,3,140.02,42.06,45.24,12.63,46.52,74.29,43.7,29.97,2,critical_care,<5_years,high,2,0
V958,medcpt,59.99,1,3,150.48,40.48,47.4,13.87,44.45,64.68,49.75,22.7,3,critical_care,<5_years,high,2,0
V958,cma,61.4,1,3,144.04,40.79,47.85,17.4,38.43,75.22,45.1,20.75,4,critical_care,<5_years,high,2,1
V958,sdt,55.0,1,3,111.51,33.92,35.65,12.95,34.89,70.93,38.98,10.1,5,critical_care,<5_years,high,2,1
V958,bm25,59.78,1,3,180.0,48.23,62.62,9.98,56.94,70.2,56.9,32.75,6,critical_care,<5_years,high,2,0
V958,llm_rag,56.27,1,3,176.79,38.12,45.41,8.85,42.15,70.67,36.68,24.97,7,critical_care,<5_years,high,2,0
V958,gdt,56.52,1,3,123.71,36.43,39.62,11.63,42.38,69.15,33.85,21.94,8,critical_care,<5_years,high,2,1
V958,control,77.69,1,3,199.25,47.75,57.43,18.0,59.1,51.15,65.25,35.58,9,critical_care,<5_years,high,2,0
V990,cma,35.87,1,2,133.51,35.36,30.28,5.15,34.15,71.89,44.53,26.13,1,critical_care,<5_years,low,1,1
V990,bm25,49.02,1,2,174.98,43.16,48.58,10.28,49.73,66.62,50.27,33.45,2,critical_care,<5_years,low,1,0
V990,colbert,39.73,1,2,147.32,32.17,31.83,0.0,33.14,68.67,38.7,20.65,3,critical_care,<5_years,low,1,0
V990,sdt,34.6,1,2,112.93,27.27,20.4,8.9,22.17,82.8,20.58,8.79,4,critical_care,<5_years,low,1,1
V990,gdt,36.98,1,2,127.84,30.29,33.71,10.42,27.35,69.28,33.71,7.28,5,critical_care,<5_years,low,1,1
V990,llm_rag,142.32,0,2,156.1,52.78,73.22,14.66,65.39,53.55,68.43,41.46,6,critical_care,<5_years,low,1,0
V990,medcpt,39.14,1,2,137.44,37.53,35.88,8.48,39.92,77.83,44.97,18.1,7,critical_care,<5_years,low,1,0
V990,graphcare,36.54,1,2,180.29,31.97,36.76,12.66,28.0,72.58,31.4,10.4,8,critical_care,<5_years,low,1,0
V990,control,48.29,1,2,199.25,44.22,58.31,16.72,44.25,65.89,51.06,29.09,9,critical_care,<5_years,low,1,0
V244,graphcare,43.92,1,2,178.57,36.03,41.09,6.56,32.27,81.6,34.62,20.04,1,hospital_medicine,<5_years,low,1,0
V244,llm_rag,37.18,1,2,179.58,35.76,38.28,13.07,36.68,79.15,31.9,15.48,2,hospital_medicine,<5_years,low,1,0
V244,colbert,38.91,1,2,170.13,32.53,33.49,4.7,27.07,75.86,33.71,20.32,3,hospital_medicine,<5_years,low,1,0
V244,medcpt,37.34,1,2,145.33,35.23,35.91,12.6,32.99,80.64,30.54,18.72,4,hospital_medicine,<5_years,low,1,0
V244,bm25,47.05,1,2,183.32,44.09,56.69,11.33,51.59,64.45,50.77,29.7,5,hospital_medicine,<5_years,low,1,0
V244,gdt,35.58,1,2,113.56,32.58,32.07,12.38,29.15,77.61,32.79,11.47,6,hospital_medicine,<5_years,low,1,1
V244,control,45.4,1,2,188.1,41.27,53.92,11.8,50.44,60.73,48.61,22.12,7,hospital_medicine,<5_years,low,1,0
V244,cma,34.27,1,2,142.97,35.01,35.67,8.17,34.67,81.36,32.85,17.34,8,hospital_medicine,<5_years,low,1,1
V244,sdt,36.43,1,2,117.77,29.49,26.9,13.75,21.76,85.65,23.11,5.77,9,hospital_medicine,<5_years,low,1,1
V403,colbert,189.33,0,4,166.72,61.69,96.31,25.51,79.72,39.4,81.87,47.34,1,hospital_medicine,>=5_years,high,2,0
V403,cma,185.35,0,4,145.89,64.91,96.21,23.13,85.31,41.59,91.78,51.45,2,hospital_medicine,>=5_years,high,2,1
V403,gdt,169.31,0,4,121.42,57.9,82.4,18.04,79.44,47.07,81.54,38.89,3,hospital_medicine,>=5_years,high,2,1
V403,bm25,197.68,0,4,196.01,70.61,100.0,29.28,100.0,35.63,100.0,58.73,4,hospital_medicine,>=5_years,high,2,0
V403,graphcare,172.09,0,4,142.66,62.58,87.96,24.56,81.74,44.91,83.73,52.61,5,hospital_medicine,>=5_years,high,2,0
V403,medcpt,180.43,0,4,138.62,59.94,83.37,22.23,85.75,36.32,84.79,47.19,6,hospital_medicine,>=5_years,high,2,0
V403,sdt,171.35,0,4,118.59,53.97,79.17,13.71,69.34,49.01,70.33,42.28,7,hospital_medicine,>=5_years,high,2,1
V403,control,196.33,0,4,190.9,69.5,100.0,27.9,98.88,34.31,94.16,61.78,8,hospital_medicine,>=5_years,high,2,0
V403,llm_rag,74.23,1,4,157.66,42.11,53.17,18.4,48.23,66.53,46.24,20.13,9,hospital_medicine,>=5_years,high,2,0
V760,colbert,20.08,1,1,164.3,32.03,26.8,12.93,26.14,84.16,27.48,14.66,1,hospital_medicine,>=5_years,low,0,0
V760,sdt,18.36,1,1,138.92,25.1,20.25,8.55,16.7,77.87,19.92,7.3,2,hospital_medicine,>=5_years,low,0,1
V760,llm_rag,18.66,1,1,172.19,26.62,22.63,2.85,29.33,72.5,24.58,7.81,3,hospital_medicine,>=5_years,low,0,0
V760,gdt,19.33,1,1,140.7,27.53,31.04,0.0,18.65,83.44,22.65,9.42,4,hospital_medicine,>=5_years,low,0,1
V760,medcpt,18.84,1,1,127.43,31.43,28.82,3.84,20.41,83.93,28.43,23.14,5,hospital_medicine,>=5_years,low,0,0
V760,control,24.32,1,1,201.32,41.71,42.42,11.08,42.41,69.02,46.95,38.39,6,hospital_medicine,>=5_years,low,0,0
V760,cma,19.45,1,1,182.59,32.59,28.41,11.44,31.5,80.32,32.55,11.32,7,hospital_medicine,>=5_years,low,0,1
V760,graphcare,20.04,1,1,162.22,29.92,25.81,14.1,19.34,83.08,20.75,16.46,8,hospital_medicine,>=5_years,low,0,0
V760,bm25,26.89,1,1,183.67,39.59,41.55,9.34,42.61,69.0,46.94,28.13,9,hospital_medicine,>=5_years,low,0,0
V887,gdt,40.8,1,2,134.15,34.8,34.97,15.44,24.84,82.75,32.47,18.34,1,critical_care,<5_years,low,1,1
V887,graphcare,133.04,0,2,149.08,48.28,64.14,14.28,57.36,58.81,57.53,37.54,2,critical_care,<5_years,low,1,0
V887,sdt,38.59,1,2,109.61,29.49,26.52,15.13,20.85,80.62,30.53,3.29,3,critical_care,<5_years,low,1,1
V887,cma,163.63,0,2,149.0,58.8,80.03,25.29,77.04,49.57,78.42,42.45,4,critical_care,<5_years,low,1,1
V887,llm_rag,35.04,1,2,169.84,31.11,33.78,8.75,27.86,73.62,24.59,18.05,5,critical_care,<5_years,low,1,0
V887,colbert,131.14,0,2,159.65,53.2,63.92,15.33,63.22,59.13,75.98,41.62,6,critical_care,<5_years,low,1,0
V887,bm25,154.11,0,2,186.68,64.17,84.11,27.97,88.28,48.5,84.17,51.98,7,critical_care,<5_years,low,1,0
V887,control,154.54,0,2,192.52,62.63,91.88,20.6,81.82,47.43,84.44,49.62,8,critical_care,<5_years,low,1,0
V887,medcpt,142.1,0,2,143.76,53.05,78.21,15.1,73.52,50.99,63.83,36.66,9,critical_care,<5_years,low,1,0
V446,control,42.69,1,2,180.96,45.97,57.78,17.11,43.36,68.81,52.56,36.18,1,emergency,<5_years,low,1,0
V446,sdt,32.56,1,2,97.14,30.09,29.19,5.2,25.46,75.56,30.22,14.89,2,emergency,<5_years,low,1,1
V446,bm25,53.14,1,2,182.95,44.84,49.88,16.26,51.08,65.28,50.87,35.67,3,emergency,<5_years,low,1,0
V446,colbert,36.92,1,2,165.41,32.93,34.28,8.67,32.04,79.41,33.94,9.24,4,emergency,<5_years,low,1,0
V446,cma,37.62,1,2,143.53,33.95,35.42,10.59,33.34,71.15,34.45,18.73,5,emergency,<5_years,low,1,1
V446,gdt,41.2,1,2,136.05,35.46,34.58,10.57,31.81,77.01,38.39,20.4,6,emergency,<5_years,low,1,1
V446,llm_rag,42.99,1,2,163.59,33.17,33.59,10.19,29.08,69.44,37.76,18.96,7,emergency,<5_years,low,1,0
V446,medcpt,41.49,1,2,135.37,36.14,37.86,8.75,39.39,75.83,33.31,21.72,8,emergency,<5_years,low,1,0
V446,graphcare,32.91,1,2,150.85,32.56,31.89,7.88,30.84,73.55,32.87,18.33,9,emergency,<5_years,low,1,0
V548,gdt,20.54,1,1,141.04,30.65,22.78,5.02,21.2,84.52,35.23,15.12,1,critical_care,<5_years,low,0,1
V548,colbert,18.16,1,1,192.08,29.31,28.32,6.81,22.13,85.86,24.9,7.87,2,critical_care,<5_years,low,0,0
V548,control,24.19,1,1,181.84,38.89,38.46,18.2,43.8,68.29,39.24,25.31,3,critical_care,<5_years,low,0,0
V548,cma,19.04,1,1,131.7,30.39,31.71,8.99,22.89,75.14,32.17,11.44,4,critical_care,<5_years,low,0,1
V548,llm_rag,17.64,1,1,169.96,30.51,27.26,7.1,23.86,85.01,19.74,20.1,5,critical_care,<5_years,low,0,0
V548,bm25,20.48,1,1,175.85,38.13,43.67,17.34,37.73,70.29,35.98,23.79,6,critical_care,<5_years,low,0,0
V548,sdt,17.0,1,1,113.1,25.19,16.43,8.2,19.59,85.77,16.3,4.87,7,critical_care,<5_years,low,0,1
V548,medcpt,20.91,1,1,145.42,31.99,29.64,9.91,30.24,82.55,27.6,12.02,8,critical_care,<5_years,low,0,0
V548,graphcare,19.47,1,1,171.25,27.92,29.6,3.64,21.39,77.15,22.24,13.47,9,critical_care,<5_years,low,0,0
V493,medcpt,21.85,1,1,126.97,31.7,28.78,9.19,25.88,80.93,31.46,13.98,1,critical_care,<5_years,low,0,0
V493,colbert,20.36,1,1,177.55,32.74,28.36,11.28,27.28,83.94,28.83,16.78,2,critical_care,<5_years,low,0,0
V493,graphcare,19.67,1,1,168.47,29.0,28.85,12.13,13.89,83.14,22.98,13.03,3,critical_care,<5_years,low,0,0
V493,llm_rag,17.15,1,1,133.93,29.06,23.95,6.29,22.4,88.95,27.02,5.76,4,critical_care,<5_years,low,0,0
V493,gdt,18.9,1,1,110.18,27.5,20.69,6.82,23.38,77.51,25.65,10.94,5,critical_care,<5_years,low,0,1
V493,sdt,18.94,1,1,101.75,28.56,29.61,11.2,11.52,87.02,18.3,13.69,6,critical_care,<5_years,low,0,1
V493,control,22.04,1,1,194.89,36.45,46.53,12.34,35.99,67.64,38.31,17.9,7,critical_care,<5_years,low,0,0
V493,cma,23.07,1,1,147.84,32.93,29.53,3.58,28.63,81.29,32.08,22.43,8,critical_care,<5_years,low,0,1
V493,bm25,28.86,1,1,191.84,39.65,43.72,18.13,44.26,66.19,41.85,23.74,9,critical_care,<5_years,low,0,0
V153,colbert,61.45,1,3,154.33,42.47,47.08,16.42,41.59,72.97,48.37,28.39,1,internal_medicine,<5_years,low,1,0
V153,gdt,56.98,1,3,135.12,38.36,46.38,10.84,41.57,71.0,38.78,21.56,2,internal_medicine,<5_years,low,1,1
V153,bm25,68.84,1,3,191.34,45.88,61.09,17.85,49.21,56.04,56.47,34.59,3,internal_medicine,<5_years,low,1,0
V153,graphcare,62.99,1,3,150.76,38.24,47.41,14.0,36.27,68.75,45.11,17.88,4,internal_medicine,<5_years,low,1,0
V153,cma,60.26,1,3,154.49,38.04,44.79,7.89,37.96,69.04,42.51,26.03,5,internal_medicine,<5_years,low,1,1
V153,medcpt,60.49,1,3,146.33,41.07,50.04,13.77,41.0,68.74,48.28,24.59,6,internal_medicine,<5_years,low,1,0
V153,control,71.75,1,3,191.45,48.16,63.46,15.8,55.62,49.98,71.62,32.48,7,internal_medicine,<5_years,low,1,0
V153,sdt,52.72,1,3,112.41,33.75,32.84,8.8,32.28,73.07,39.45,16.03,8,internal_medicine,<5_years,low,1,1
V153,llm_rag,54.84,1,3,172.12,35.56,40.49,9.6,31.95,73.4,39.89,18.02,9,internal_medicine,<5_years,low,1,0
V870,bm25,87.49,1,4,183.46,51.91,68.72,14.4,65.47,54.87,68.98,39.0,1,hospital_medicine,<5_years,high,3,0
V870,cma,87.15,1,4,142.51,44.3,59.25,16.91,51.01,59.88,50.98,27.75,2,hospital_medicine,<5_years,high,3,1
V870,sdt,78.41,1,4,108.39,40.73,43.89,11.7,50.53,70.27,38.35,29.67,3,hospital_medicine,<5_years,high,3,1
V870,control,95.67,1,4,199.55,56.72,78.93,12.19,70.69,58.08,70.7,49.72,4,hospital_medicine,<5_years,high,3,0
V870,gdt,75.87,1,4,127.93,41.0,50.63,14.43,49.94,60.8,46.77,23.43,5,hospital_medicine,<5_years,high,3,1
V870,colbert,72.22,1,4,162.05,42.35,49.87,16.6,46.62,69.39,42.6,28.99,6,hospital_medicine,<5_years,high,3,0
V870,medcpt,81.46,1,4,147.65,41.87,55.86,13.99,50.21,50.92,53.06,27.2,7,hospital_medicine,<5_years,high,3,0
V870,graphcare,81.68,1,4,152.86,41.73,52.04,15.64,51.87,54.86,53.11,22.84,8,hospital_medicine,<5_years,high,3,0
V870,llm_rag,82.75,1,4,167.45,41.84,50.52,10.18,46.53,67.95,51.39,24.48,9,hospital_medicine,<5_years,high,3,0
V479,graphcare,62.85,1,3,153.5,40.42,47.74,14.78,38.49,71.79,52.55,17.17,1,emergency,>=5_years,high,2,0
V479,medcpt,60.98,1,3,132.1,41.99,49.45,13.88,42.8,70.74,45.1,29.99,2,emergency,>=5_years,high,2,0
V479,colbert,155.7,0,3,153.67,55.17,77.58,16.68,75.67,42.82,77.47,40.79,3,emergency,>=5_years,high,2,0
V479,sdt,51.99,1,3,108.28,33.78,36.21,12.69,27.61,82.51,30.42,13.22,4,emergency,>=5_years,high,2,1
V479,gdt,53.28,1,3,123.36,38.8,38.03,18.3,41.69,71.32,40.99,22.49,5,emergency,>=5_years,high,2,1
V479,bm25,74.04,1,3,194.54,51.5,62.49,16.72,66.76,57.53,62.4,43.1,6,emergency,>=5_years,high,2,0
V479,llm_rag,55.3,1,3,154.51,37.37,46.34,10.42,38.43,69.54,37.52,21.99,7,emergency,>=5_years,high,2,0
V479,cma,55.7,1,3,144.42,39.71,38.77,14.26,37.9,75.48,42.94,28.88,8,emergency,>=5_years,high,2,1
V479,control,66.4,1,3,168.44,48.9,59.03,17.63,59.91,63.99,55.32,37.54,9,emergency,>=5_years,high,2,0
V179,bm25,70.34,1,3,195.68,45.17,59.15,12.9,51.0,53.13,58.97,35.87,1,emergency,<5_years,high,2,0
V179,sdt,52.0,1,3,117.2,31.97,35.93,9.43,26.91,75.49,31.64,12.41,2,emergency,<5_years,high,2,1
V179,control,72.37,1,3,200.52,49.28,58.81,22.09,62.67,56.65,62.17,33.26,3,emergency,<5_years,high,2,0
V179,llm_rag,56.56,1,3,167.95,39.02,48.62,12.41,44.26,62.6,45.81,20.41,4,emergency,<5_years,high,2,0
V179,colbert,68.96,1,3,157.53,42.6,52.34,13.93,44.82,66.01,49.25,29.27,5,emergency,<5_years,high,2,0
V179,cma,58.17,1,3,146.85,41.63,49.86,12.06,42.65,69.91,51.59,23.71,6,emergency,<5_years,high,2,1
V179,graphcare,51.15,1,3,153.2,38.19,37.36,8.48,39.91,79.03,40.1,24.25,7,emergency,<5_years,high,2,0
V179,gdt,58.25,1,3,121.18,37.79,41.19,12.93,41.07,70.7,47.56,13.31,8,emergency,<5_years,high,2,1
V179,medcpt,63.59,1,3,136.76,42.74,43.26,19.97,48.27,80.68,44.88,19.4,9,emergency,<5_years,high,2,0
V081,llm_rag,78.09,1,4,154.08,43.02,51.21,11.69,42.76,74.46,46.27,31.69,1,internal_medicine,<5_years,high,2,0
V081,cma,79.7,1,4,146.96,42.92,53.41,17.98,48.98,56.52,55.84,24.77,2,internal_medicine,<5_years,high,2,1
V081,colbert,74.14,1,4,159.68,45.13,53.59,11.74,49.67,67.12,54.06,34.62,3,internal_medicine,<5_years,high,2,0
V081,medcpt,82.05,1,4,140.7,44.86,59.72,7.87,51.47,62.59,59.11,28.4,4,internal_medicine,<5_years,high,2,0
V081,control,90.28,1,4,178.61,52.59,68.1,18.25,71.92,53.9,60.68,42.7,5,internal_medicine,<5_years,high,2,0
V081,graphcare,79.11,1,4,147.24,42.0,59.01,13.4,39.57,65.23,42.68,32.12,6,internal_medicine,<5_years,high,2,0
V081,bm25,92.46,1,4,179.61,53.11,70.1,13.88,70.08,51.75,69.41,43.43,7,internal_medicine,<5_years,high,2,0
V081,gdt,78.12,1,4,120.36,44.68,53.48,21.68,48.2,64.28,53.28,27.16,8,internal_medicine,<5_years,high,2,1
V081,sdt,72.35,1,4,105.29,38.26,46.13,15.66,35.13,69.49,43.71,19.44,9,internal_medicine,<5_years,high,2,1
V836,llm_rag,37.42,1,2,150.41,37.54,40.11,14.32,35.81,79.59,32.57,22.82,1,hospital_medicine,>=5_years,low,1,0
V836,control,50.84,1,2,172.56,44.8,58.59,17.89,49.73,64.51,48.3,29.8,2,hospital_medicine,>=5_years,low,1,0
V836,bm25,45.04,1,2,190.14,44.7,52.73,9.15,55.73,71.71,49.28,29.62,3,hospital_medicine,>=5_years,low,1,0
V836,graphcare,37.66,1,2,151.96,31.76,37.28,6.77,30.28,77.27,24.51,14.47,4,hospital_medicine,>=5_years,low,1,0
V836,medcpt,39.17,1,2,153.96,34.34,32.47,15.43,34.66,70.88,34.98,17.64,5,hospital_medicine,>=5_years,low,1,0
V836,colbert,39.71,1,2,155.88,35.21,31.1,16.54,31.25,77.4,41.18,13.75,6,hospital_medicine,>=5_years,low,1,0
V836,sdt,35.85,1,2,115.85,30.83,34.25,13.32,25.5,76.41,28.01,7.47,7,hospital_medicine,>=5_years,low,1,1
V836,cma,43.15,1,2,152.3,38.02,39.69,19.07,31.6,74.52,38.36,24.87,8,hospital_medicine,>=5_years,low,1,1
V836,gdt,41.25,1,2,115.44,35.07,36.38,11.63,29.4,81.09,30.97,20.92,9,hospital_medicine,>=5_years,low,1,1
V995,cma,19.24,1,1,138.47,32.64,31.83,6.97,28.64,75.85,31.94,20.58,1,internal_medicine,>=5_years,low,0,1
V995,control,22.98,1,1,165.81,37.29,45.03,10.09,42.64,64.63,39.31,22.06,2,internal_medicine,>=5_years,low,0,0
V995,graphcare,19.18,1,1,165.74,33.4,27.98,11.9,25.27,85.95,31.68,17.63,3,internal_medicine,>=5_years,low,0,0
V995,gdt,18.36,1,1,123.67,30.05,26.36,10.44,24.83,85.32,23.4,9.93,4,internal_medicine,>=5_years,low,0,1
V995,colbert,17.6,1,1,141.87,30.01,31.92,6.26,26.08,85.78,20.14,9.85,5,internal_medicine,>=5_years,low,0,0
V995,sdt,18.45,1,1,117.67,26.66,25.16,1.91,13.52,84.24,29.39,5.75,6,internal_medicine,>=5_years,low,0,1
V995,llm_rag,18.19,1,1,160.26,29.21,27.23,8.49,23.4,80.15,24.56,11.42,7,internal_medicine,>=5_years,low,0,0
V995,medcpt,20.67,1,1,180.9,30.26,34.75,2.54,27.1,80.05,24.37,12.75,8,internal_medicine,>=5_years,low,0,0
V995,bm25,22.27,1,1,225.29,37.89,43.27,7.3,36.49,69.54,44.27,26.45,9,internal_medicine,>=5_years,low,0,0
V874,graphcare,94.89,1,5,143.8,45.02,51.24,10.07,52.54,60.46,61.09,34.75,1,internal_medicine,>=5_years,high,3,0
V874,cma,98.74,1,5,143.78,48.65,65.82,12.47,59.78,60.3,65.32,28.24,2,internal_medicine,>=5_years,high,3,1
V874,control,108.07,1,5,202.73,57.71,78.65,22.27,76.95,39.16,77.02,52.22,3,internal_medicine,>=5_years,high,3,0
V874,colbert,96.91,1,5,153.67,48.95,67.4,15.39,55.19,56.76,67.6,31.35,4,internal_medicine,>=5_years,high,3,0
V874,medcpt,202.24,0,5,158.88,68.85,100.0,29.49,98.23,38.0,90.8,56.57,5,internal_medicine,>=5_years,high,3,0
V874,llm_rag,97.47,1,5,144.84,50.54,65.58,23.43,55.1,55.41,64.15,39.55,6,internal_medicine,>=5_years,high,3,0
V874,bm25,119.67,1,5,194.03,61.32,78.05,19.26,83.24,49.43,83.16,54.76,7,internal_medicine,>=5_years,high,3,0
V874,gdt,97.24,1,5,129.07,44.96,58.59,18.95,51.98,55.51,54.72,30.02,8,internal_medicine,>=5_years,high,3,1
V874,sdt,88.8,1,5,114.93,42.0,46.84,23.17,44.72,70.31,39.36,27.6,9,internal_medicine,>=5_years,high,3,1
V926,graphcare,21.63,1,1,138.24,31.45,29.86,8.02,23.59,77.63,36.56,13.02,1,internal_medicine,>=5_years,low,0,0
V926,llm_rag,19.24,1,1,171.63,30.31,30.83,8.49,24.09,82.76,25.97,9.73,2,internal_medicine,>=5_years,low,0,0
V926,control,22.71,1,1,189.41,36.68,42.69,10.23,35.59,65.37,41.94,24.24,3,internal_medicine,>=5_years,low,0,0
V926,gdt,17.12,1,1,127.34,30.65,25.17,8.0,23.97,85.63,31.82,9.32,4,internal_medicine,>=5_years,low,0,1
V926,medcpt,24.43,1,1,127.26,33.19,31.68,17.87,23.77,81.62,25.71,18.48,5,internal_medicine,>=5_years,low,0,0
V926,bm25,26.9,1,1,192.33,41.85,42.96,17.61,42.31,80.15,44.3,23.79,6,internal_medicine,>=5_years,low,0,0
V926,cma,21.0,1,1,155.8,30.93,37.4,16.27,23.64,74.57,22.47,11.21,7,internal_medicine,>=5_years,low,0,1
V926,colbert,19.81,1,1,152.55,29.21,27.76,13.24,25.3,76.86,23.96,8.11,8,internal_medicine,>=5_years,low,0,0
V926,sdt,16.26,1,1,97.96,26.31,20.8,6.31,18.78,87.65,14.07,10.27,9,internal_medicine,>=5_years,low,0,1
V867,graphcare,63.25,1,3,144.81,39.51,43.48,9.29,44.77,74.81,42.63,22.07,1,hospital_medicine,>=5_years,high,2,0
V867,medcpt,57.38,1,3,147.51,38.05,43.85,19.22,39.14,66.0,38.26,21.82,2,hospital_medicine,>=5_years,high,2,0
V867,gdt,63.84,1,3,126.84,37.83,41.17,8.95,40.91,69.26,46.0,20.71,3,hospital_medicine,>=5_years,high,2,1
V867,bm25,78.87,1,3,200.86,50.6,69.67,13.41,53.79,63.75,67.13,35.84,4,hospital_medicine,>=5_years,high,2,0
V867,llm_rag,155.88,0,3,172.85,54.57,75.19,17.81,66.03,57.08,72.87,38.46,5,hospital_medicine,>=5_years,high,2,0
V867,sdt,55.57,1,3,112.11,32.5,36.93,12.48,29.1,70.88,30.82,14.76,6,hospital_medicine,>=5_years,high,2,1
V867,colbert,63.61,1,3,169.85,38.98,44.99,12.27,41.94,65.74,40.37,28.54,7,hospital_medicine,>=5_years,high,2,0
V867,control,71.48,1,3,194.65,49.17,62.9,21.53,63.13,57.09,53.48,36.9,8,hospital_medicine,>=5_years,high,2,0
V867,cma,58.22,1,3,152.97,42.14,44.23,18.73,36.95,77.64,46.87,28.39,9,hospital_medicine,>=5_years,high,2,1
V118,medcpt,63.32,1,3,146.51,39.65,48.29,8.67,49.51,69.32,43.13,18.99,1,emergency,<5_years,low,0,0
V118,cma,66.16,1,3,129.96,42.75,46.1,17.58,47.45,72.84,45.57,26.95,2,emergency,<5_years,low,0,1
V118,sdt,53.23,1,3,108.66,33.63,41.87,2.76,33.89,73.31,34.98,14.96,3,emergency,<5_years,low,0,1
V118,control,66.94,1,3,185.06,50.88,65.47,17.2,59.79,63.77,62.99,36.05,4,emergency,<5_years,low,0,0
V118,gdt,57.11,1,3,134.33,35.39,40.48,12.92,36.62,65.32,38.46,18.53,5,emergency,<5_years,low,0,1
V118,graphcare,57.44,1,3,138.39,37.34,41.74,10.46,33.29,66.51,47.13,24.88,6,emergency,<5_years,low,0,0
V118,llm_rag,58.95,1,3,161.12,38.42,39.56,15.03,40.99,70.03,43.3,21.64,7,emergency,<5_years,low,0,0
V118,colbert,56.23,1,3,149.06,40.56,48.44,10.95,44.42,70.32,43.1,26.11,8,emergency,<5_years,low,0,0
V118,bm25,74.44,1,3,178.16,49.81,66.85,18.77,64.43,56.21,57.59,34.99,9,emergency,<5_years,low,0,0
V088,control,115.4,1,5,186.59,56.03,83.76,19.92,70.46,45.48,74.29,42.25,1,emergency,>=5_years,high,2,0
V088,bm25,112.56,1,5,207.31,60.39,80.96,27.1,74.21,55.63,74.36,50.06,2,emergency,>=5_years,high,2,0
V088,llm_rag,92.84,1,5,153.65,47.94,57.72,18.57,59.24,60.84,53.84,37.44,3,emergency,>=5_years,high,2,0
V088,cma,100.13,1,5,148.07,49.36,68.19,18.84,53.02,52.37,65.64,38.11,4,emergency,>=5_years,high,2,1
V088,medcpt,97.99,1,5,132.81,47.9,62.65,20.1,45.68,62.22,57.68,39.07,5,emergency,>=5_years,high,2,0
V088,sdt,93.39,1,5,115.29,39.78,54.44,12.02,44.37,62.56,47.96,17.33,6,emergency,>=5_years,high,2,1
V088,gdt,98.03,1,5,141.65,44.9,59.84,17.92,54.21,53.29,60.1,24.08,7,emergency,>=5_years,high,2,1
V088,graphcare,96.86,1,5,141.94,46.51,62.02,14.03,47.62,58.85,62.97,33.55,8,emergency,>=5_years,high,2,0
V088,colbert,102.19,1,5,150.76,51.15,69.61,18.62,61.7,60.14,67.85,28.98,9,emergency,>=5_years,high,2,0
V520,medcpt,59.52,1,3,149.08,36.98,46.56,5.85,40.07,76.56,35.6,17.28,1,emergency,>=5_years,high,2,0
V520,bm25,69.08,1,3,198.94,48.47,60.45,19.57,56.04,57.24,58.34,39.2,2,emergency,>=5_years,high,2,0
V520,control,70.63,1,3,190.9,50.96,58.18,22.95,64.89,62.42,60.97,36.33,3,emergency,>=5_years,high,2,0
V520,llm_rag,59.92,1,3,151.46,38.11,42.46,16.03,33.61,71.54,40.97,24.01,4,emergency,>=5_years,high,2,0
V520,graphcare,55.8,1,3,143.44,38.18,45.08,10.58,39.1,75.0,35.7,23.61,5,emergency,>=5_years,high,2,0
V520,cma,62.05,1,3,159.07,42.18,50.36,15.84,50.18,62.37,50.9,23.45,6,emergency,>=5_years,high,2,1
V520,colbert,58.71,1,3,145.82,38.08,47.08,10.52,38.96,69.75,40.8,21.38,7,emergency,>=5_years,high,2,0
V520,sdt,57.02,1,3,124.92,33.87,36.02,9.1,30.53,77.5,30.01,20.04,8,emergency,>=5_years,high,2,1
V520,gdt,55.96,1,3,132.93,38.96,44.17,11.39,38.31,72.59,48.84,18.47,9,emergency,>=5_years,high,2,1
V554,cma,206.7,0,5,146.29,69.15,95.24,29.0,91.87,37.73,100.0,61.04,1,hospital_medicine,<5_years,high,4,1
V554,colbert,95.89,1,5,152.1,45.34,60.22,17.0,52.42,51.06,60.98,30.33,2,hospital_medicine,<5_years,high,4,0
V554,control,235.86,0,5,188.65,70.72,100.0,32.95,100.0,23.91,100.0,67.45,3,hospital_medicine,<5_years,high,4,0
V554,gdt,211.11,0,5,131.79,68.28,98.66,26.11,94.53,37.13,95.81,57.43,4,hospital_medicine,<5_years,high,4,1
V554,medcpt,202.33,0,5,140.45,65.46,100.0,24.38,87.36,33.75,93.27,53.97,5,hospital_medicine,<5_years,high,4,0
V554,sdt,184.77,0,5,114.55,60.74,79.91,28.11,77.29,47.06,87.28,44.78,6,hospital_medicine,<5_years,high,4,1
V554,llm_rag,300.0,0,5,169.0,71.13,100.0,36.4,100.0,18.11,100.0,72.25,7,hospital_medicine,<5_years,high,4,0
V554,graphcare,181.03,0,5,153.74,65.2,88.39,25.18,91.12,40.83,93.27,52.39,8,hospital_medicine,<5_years,high,4,0
V554,bm25,118.39,1,5,169.71,57.96,73.42,21.33,81.31,43.42,77.5,50.74,9,hospital_medicine,<5_years,high,4,0
V348,colbert,57.3,1,3,159.47,36.45,43.17,5.76,35.2,72.74,40.16,21.7,1,critical_care,>=5_years,low,1,0
V348,cma,61.61,1,3,146.59,40.28,52.94,4.92,48.07,65.85,44.84,25.1,2,critical_care,>=5_years,low,1,1
V348,medcpt,61.74,1,3,136.29,37.85,44.85,6.67,41.98,66.68,44.19,22.7,3,critical_care,>=5_years,low,1,0
V348,control,69.29,1,3,197.28,49.19,59.47,18.77,62.93,53.86,61.72,38.41,4,critical_care,>=5_years,low,1,0
V348,llm_rag,59.2,1,3,163.4,40.19,47.08,5.66,41.18,71.9,47.71,27.61,5,critical_care,>=5_years,low,1,0
V348,gdt,60.48,1,3,117.22,39.29,45.87,10.26,45.88,74.1,36.11,23.54,6,critical_care,>=5_years,low,1,1
V348,bm25,68.8,1,3,197.06,50.39,65.26,20.68,61.19,61.55,61.63,32.03,7,critical_care,>=5_years,low,1,0
V348,graphcare,58.47,1,3,155.04,39.34,39.18,16.68,33.99,75.82,45.45,24.93,8,critical_care,>=5_years,low,1,0
V348,sdt,53.29,1,3,116.42,34.22,34.0,11.41,34.29,75.03,31.85,18.73,9,critical_care,>=5_years,low,1,1
V259,control,67.37,1,3,192.35,46.7,59.81,18.73,60.73,52.68,58.13,30.13,1,internal_medicine,>=5_years,high,2,0
V259,gdt,60.42,1,3,124.69,37.22,35.69,9.89,36.1,69.13,42.48,30.04,2,internal_medicine,>=5_years,high,2,1
V259,medcpt,58.59,1,3,126.43,40.69,45.06,17.38,40.48,72.1,47.88,21.24,3,internal_medicine,>=5_years,high,2,0
V259,llm_rag,54.87,1,3,167.56,34.88,34.53,6.29,28.0,74.04,42.92,23.5,4,internal_medicine,>=5_years,high,2,0
V259,bm25,69.56,1,3,186.04,49.39,62.03,15.82,55.11,54.74,71.06,37.56,5,internal_medicine,>=5_years,high,2,0
V259,sdt,55.23,1,3,114.56,35.28,36.75,11.88,32.46,81.16,33.93,15.51,6,internal_medicine,>=5_years,high,2,1
V259,cma,60.92,1,3,145.74,39.96,47.77,11.03,38.72,66.38,48.01,27.84,7,internal_medicine,>=5_years,high,2,1
V259,colbert,57.74,1,3,168.45,41.25,43.21,17.97,41.43,73.32,44.76,26.78,8,internal_medicine,>=5_years,high,2,0
V259,graphcare,53.68,1,3,132.0,35.5,44.0,13.6,32.52,65.16,40.63,17.09,9,internal_medicine,>=5_years,high,2,0
V147,colbert,79.83,1,4,167.47,44.23,56.3,12.59,49.77,61.01,55.55,30.19,1,hospital_medicine,>=5_years,high,1,0
V147,cma,84.93,1,4,139.98,45.49,58.08,13.0,53.19,60.87,58.55,29.23,2,hospital_medicine,>=5_years,high,1,1
V147,medcpt,85.56,1,4,151.75,43.95,56.05,11.64,47.75,66.77,54.2,27.32,3,hospital_medicine,>=5_years,high,1,0
V147,bm25,88.99,1,4,181.18,54.49,74.42,20.22,65.55,59.51,64.83,42.44,4,hospital_medicine,>=5_years,high,1,0
V147,graphcare,81.07,1,4,142.36,45.22,50.59,17.75,52.97,65.76,52.74,31.52,5,hospital_medicine,>=5_years,high,1,0
V147,gdt,70.4,1,4,149.89,42.94,49.7,22.63,45.56,63.42,44.14,32.21,6,hospital_medicine,>=5_years,high,1,1
V147,control,106.12,1,4,194.36,57.62,76.09,25.64,73.45,61.97,68.57,39.99,7,hospital_medicine,>=5_years,high,1,0
V147,sdt,71.32,1,4,103.92,38.57,46.08,10.51,38.57,69.58,41.41,25.28,8,hospital_medicine,>=5_years,high,1,1
V147,llm_rag,74.84,1,4,164.68,42.2,52.01,11.01,48.17,63.22,50.1,28.7,9,hospital_medicine,>=5_years,high,1,0
V474,cma,180.75,0,4,140.46,60.57,82.32,26.82,80.63,34.9,91.73,47.0,1,hospital_medicine,<5_years,high,2,1
V474,graphcare,174.17,0,4,149.35,59.87,88.11,23.15,73.06,47.22,84.57,43.11,2,hospital_medicine,<5_years,high,2,0
V474,llm_rag,81.62,1,4,158.85,45.32,57.99,14.24,46.49,64.14,60.14,28.91,3,hospital_medicine,<5_years,high,2,0
V474,medcpt,176.31,0,4,147.57,59.38,89.1,20.63,80.76,44.4,80.86,40.55,4,hospital_medicine,<5_years,high,2,0
V474,sdt,67.21,1,4,113.69,35.8,43.01,10.38,38.25,65.56,37.71,19.86,5,hospital_medicine,<5_years,high,2,1
V474,colbert,79.42,1,4,158.5,43.75,59.52,15.66,51.75,61.3,52.2,22.06,6,hospital_medicine,<5_years,high,2,0
V474,control,203.68,0,4,183.01,70.15,100.0,30.68,100.0,31.87,100.0,58.34,7,hospital_medicine,<5_years,high,2,0
V474,gdt,76.65,1,4,123.82,42.62,59.27,12.64,52.73,57.69,50.63,22.77,8,hospital_medicine,<5_years,high,2,1
V474,bm25,197.95,0,4,214.82,68.96,100.0,25.38,97.55,29.13,100.0,61.72,9,hospital_medicine,<5_years,high,2,0
V448,graphcare,155.89,0,3,152.48,57.35,78.68,26.23,76.02,47.05,74.62,41.5,1,emergency,>=5_years,low,0,0
V448,bm25,300.0,0,3,182.75,72.36,100.0,39.24,100.0,18.11,100.0,76.84,2,emergency,>=5_years,low,0,0
V448,cma,168.76,0,3,154.24,60.23,92.08,20.18,76.4,45.1,78.89,48.71,3,emergency,>=5_years,low,0,1
V448,gdt,56.3,1,3,122.92,36.97,42.36,14.16,34.21,65.6,42.52,22.99,4,emergency,>=5_years,low,0,1
V448,colbert,144.48,0,3,161.32,54.08,75.97,26.62,65.07,51.79,64.98,40.06,5,emergency,>=5_years,low,0,0
V448,control,172.54,0,3,173.4,68.57,98.68,27.75,96.71,36.4,92.66,59.23,6,emergency,>=5_years,low,0,0
V448,llm_rag,300.0,0,3,161.69,70.53,100.0,32.87,100.0,21.48,100.0,68.81,7,emergency,>=5_years,low,0,0
V448,medcpt,161.72,0,3,146.89,57.65,76.67,21.2,71.07,44.91,83.66,48.37,8,emergency,>=5_years,low,0,0
V448,sdt,56.32,1,3,125.63,29.02,28.8,8.12,21.3,73.04,30.57,12.3,9,emergency,>=5_years,low,0,1
V164,gdt,98.15,1,5,131.77,47.66,67.55,13.46,60.67,53.35,57.05,33.88,1,emergency,>=5_years,high,4,1
V164,cma,100.75,1,5,153.4,51.72,71.38,21.12,68.18,53.39,63.58,32.68,2,emergency,>=5_years,high,4,1
V164,medcpt,99.02,1,5,135.71,48.9,66.99,14.35,64.39,58.33,56.61,32.72,3,emergency,>=5_years,high,4,0
V164,control,117.5,1,5,180.33,62.15,84.89,19.55,84.85,57.77,79.65,46.22,4,emergency,>=5_years,high,4,0
V164,sdt,87.28,1,5,112.03,40.26,48.7,17.9,40.84,65.64,42.31,26.17,5,emergency,>=5_years,high,4,1
V164,bm25,119.95,1,5,198.67,60.42,82.03,22.51,79.21,48.76,79.45,50.57,6,emergency,>=5_years,high,4,0
V164,colbert,102.04,1,5,153.76,50.84,68.97,17.82,64.36,58.61,62.46,32.85,7,emergency,>=5_years,high,4,0
V164,llm_rag,97.27,1,5,164.85,50.19,66.4,18.47,62.84,60.31,60.7,32.45,8,emergency,>=5_years,high,4,0
V164,graphcare,98.7,1,5,145.15,47.67,65.59,10.0,59.7,58.46,58.78,33.45,9,emergency,>=5_years,high,4,0
V385,bm25,179.48,0,3,184.25,69.27,93.14,22.82,94.95,47.82,93.58,63.34,1,internal_medicine,<5_years,low,1,0
V385,sdt,246.62,0,3,126.22,64.07,93.78,25.1,85.89,36.7,86.32,56.62,2,internal_medicine,<5_years,low,1,1
V385,medcpt,156.28,0,3,134.66,57.79,80.64,19.86,77.98,51.24,74.95,42.05,3,internal_medicine,<5_years,low,1,0
V385,graphcare,256.2,0,3,163.8,69.51,100.0,27.07,100.0,30.41,100.0,59.58,4,internal_medicine,<5_years,low,1,0
V385,colbert,144.97,0,3,167.78,55.19,77.69,21.73,68.35,56.51,68.36,38.49,5,internal_medicine,<5_years,low,1,0
V385,gdt,147.34,0,3,132.84,52.51,68.26,17.37,71.34,50.99,72.57,34.51,6,internal_medicine,<5_years,low,1,1
V385,llm_rag,157.8,0,3,155.26,54.67,75.38,16.66,69.89,53.19,72.27,40.62,7,internal_medicine,<5_years,low,1,0
V385,control,290.53,0,3,181.86,72.09,100.0,36.97,100.0,12.59,100.0,82.96,8,internal_medicine,<5_years,low,1,0
V385,cma,250.11,0,3,136.9,70.12,100.0,25.51,100.0,32.52,100.0,62.67,9,internal_medicine,<5_years,low,1,1
V676,llm_rag,79.53,1,4,155.13,42.79,49.26,19.34,47.91,63.37,44.14,32.73,1,emergency,<5_years,high,3,0
V676,colbert,79.98,1,4,148.12,39.48,50.02,11.93,42.52,61.27,47.71,23.46,2,emergency,<5_years,high,3,0
V676,control,92.67,1,4,200.35,53.8,62.81,16.78,72.8,53.97,69.61,46.86,3,emergency,<5_years,high,3,0
V676,graphcare,73.79,1,4,162.77,42.62,52.22,10.11,46.53,64.25,52.87,29.72,4,emergency,<5_years,high,3,0
V676,sdt,73.17,1,4,106.12,37.15,43.45,10.93,34.57,64.97,45.45,23.54,5,emergency,<5_years,high,3,1
V676,cma,86.08,1,4,133.92,45.77,57.71,14.94,58.23,59.97,51.94,31.86,6,emergency,<5_years,high,3,1
V676,gdt,79.38,1,4,131.88,39.71,47.16,14.33,41.09,71.17,44.0,20.5,7,emergency,<5_years,high,3,1
V676,medcpt,82.5,1,4,138.77,43.97,52.15,18.1,52.83,63.16,49.14,28.42,8,emergency,<5_years,high,3,0
V676,bm25,92.78,1,4,201.12,55.56,75.24,12.78,68.84,56.87,76.81,42.82,9,emergency,<5_years,high,3,0
V281,sdt,94.13,1,5,117.54,41.71,50.86,14.46,49.62,63.68,51.12,20.51,1,hospital_medicine,<5_years,high,4,1
V281,medcpt,95.59,1,5,137.87,46.68,58.63,18.95,55.87,55.86,58.59,32.2,2,hospital_medicine,<5_years,high,4,0
V281,gdt,98.07,1,5,129.27,48.39,59.57,25.19,53.42,59.09,54.66,38.39,3,hospital_medicine,<5_years,high,4,1
V281,llm_rag,92.59,1,5,160.94,47.83,55.29,23.05,54.32,62.51,56.92,34.88,4,hospital_medicine,<5_years,high,4,0
V281,bm25,111.78,1,5,201.76,59.09,82.42,19.79,78.33,48.64,71.96,53.39,5,hospital_medicine,<5_years,high,4,0
V281,graphcare,98.59,1,5,149.86,48.67,57.08,21.01,56.6,58.25,57.13,41.95,6,hospital_medicine,<5_years,high,4,0
V281,cma,97.4,1,5,160.65,48.58,64.34,22.53,56.19,49.77,60.11,38.56,7,hospital_medicine,<5_years,high,4,1
V281,colbert,95.03,1,5,161.56,50.22,65.29,17.65,57.7,62.42,60.5,37.77,8,hospital_medicine,<5_years,high,4,0
V281,control,118.05,1,5,180.08,60.74,85.25,22.68,82.72,44.2,76.81,52.78,9,hospital_medicine,<5_years,high,4,0
V024,gdt,21.47,1,1,129.38,26.66,26.68,7.59,17.7,82.68,13.56,11.77,1,critical_care,>=5_years,low,0,1
V024,graphcare,19.96,1,1,151.94,31.77,26.66,14.58,27.31,78.33,24.74,18.98,2,critical_care,>=5_years,low,0,0
V024,colbert,21.97,1,1,141.4,29.79,23.13,17.47,21.62,80.74,26.16,9.63,3,critical_care,>=5_years,low,0,0
V024,bm25,25.06,1,1,230.06,40.8,49.77,12.9,48.52,71.22,38.02,24.39,4,critical_care,>=5_years,low,0,0
V024,llm_rag,18.69,1,1,148.23,32.24,31.0,6.86,21.88,87.81,27.39,18.46,5,critical_care,>=5_years,low,0,0
V024,medcpt,18.87,1,1,123.86,30.98,27.74,11.2,27.66,78.69,23.54,17.02,6,critical_care,>=5_years,low,0,0
V024,control,21.02,1,1,206.28,35.8,35.54,7.21,41.35,70.8,37.95,21.98,7,critical_care,>=5_years,low,0,0
V024,cma,21.73,1,1,132.32,33.14,29.62,4.29,31.47,83.39,31.96,18.11,8,critical_care,>=5_years,low,0,1
V024,sdt,17.83,1,1,110.23,20.93,9.98,3.21,13.77,77.12,13.69,7.83,9,critical_care,>=5_years,low,0,1
V655,gdt,95.17,1,5,131.86,48.17,57.44,18.41,53.72,66.85,59.05,33.58,1,emergency,>=5_years,high,4,1
V655,llm_rag,95.53,1,5,166.09,46.57,64.56,14.36,56.89,60.05,55.32,28.28,2,emergency,>=5_years,high,4,0
V655,bm25,300.0,0,5,192.65,71.59,100.0,32.06,100.0,11.63,100.0,85.87,3,emergency,>=5_years,high,4,0
V655,cma,292.35,0,5,135.01,70.75,100.0,37.16,100.0,15.86,100.0,71.46,4,emergency,>=5_years,high,4,1
V655,medcpt,292.42,0,5,146.11,69.15,100.0,30.04,100.0,17.99,100.0,66.86,5,emergency,>=5_years,high,4,0
V655,graphcare,296.53,0,5,155.31,70.21,100.0,28.33,100.0,15.34,100.0,77.6,6,emergency,>=5_years,high,4,0
V655,sdt,90.88,1,5,109.58,39.05,49.24,9.54,42.44,62.67,43.02,27.37,7,emergency,>=5_years,high,4,1
V655,control,300.0,0,5,174.65,70.75,100.0,35.59,100.0,4.86,100.0,84.07,8,emergency,>=5_years,high,4,0
V655,colbert,201.22,0,5,145.42,65.41,99.54,25.22,92.41,32.97,91.75,50.55,9,emergency,>=5_years,high,4,0
V016,sdt,48.81,1,3,113.55,32.3,39.6,7.77,21.67,73.45,32.65,18.67,1,hospital_medicine,<5_years,low,1,1
V016,colbert,57.27,1,3,155.85,39.1,38.84,7.43,37.92,75.1,46.6,28.71,2,hospital_medicine,<5_years,low,1,0
V016,control,72.17,1,3,182.55,47.78,60.83,15.07,54.09,58.58,63.45,34.67,3,hospital_medicine,<5_years,low,1,0
V016,gdt,60.82,1,3,132.35,37.61,40.79,13.55,42.17,67.57,33.44,28.12,4,hospital_medicine,<5_years,low,1,1
V016,bm25,76.47,1,3,184.33,50.83,67.18,14.63,62.5,56.46,63.02,41.22,5,hospital_medicine,<5_years,low,1,0
V016,medcpt,58.1,1,3,131.08,39.88,52.3,10.17,44.56,68.66,39.82,23.76,6,hospital_medicine,<5_years,low,1,0
V016,cma,57.15,1,3,136.31,40.37,44.67,12.24,43.33,69.41,44.51,28.04,7,hospital_medicine,<5_years,low,1,1
V016,llm_rag,64.36,1,3,172.74,40.91,48.25,10.02,43.84,70.12,46.31,26.9,8,hospital_medicine,<5_years,low,1,0
V016,graphcare,53.97,1,3,136.89,35.75,41.5,12.41,33.99,69.33,37.19,20.09,9,hospital_medicine,<5_years,low,1,0
V650,graphcare,37.96,1,2,140.11,35.93,39.61,8.14,32.96,76.18,40.01,18.65,1,critical_care,<5_years,low,1,0
V650,bm25,47.18,1,2,188.48,44.98,53.24,13.09,56.21,69.16,49.11,29.05,2,critical_care,<5_years,low,1,0
V650,sdt,35.65,1,2,109.51,29.67,25.42,6.17,23.4,77.94,30.04,15.04,3,critical_care,<5_years,low,1,1
V650,gdt,39.12,1,2,117.94,34.97,37.45,14.06,29.1,83.51,32.46,13.25,4,critical_care,<5_years,low,1,1
V650,llm_rag,40.45,1,2,168.14,36.95,42.71,11.04,37.99,78.0,32.17,19.82,5,critical_care,<5_years,low,1,0
V650,colbert,44.24,1,2,165.54,33.94,39.2,7.09,37.52,76.79,29.38,13.67,6,critical_care,<5_years,low,1,0
V650,control,45.94,1,2,195.1,44.07,50.7,21.5,46.69,61.99,54.15,29.41,7,critical_care,<5_years,low,1,0
V650,cma,39.32,1,2,160.25,37.69,40.76,14.65,32.12,73.67,40.23,24.74,8,critical_care,<5_years,low,1,1
V650,medcpt,40.83,1,2,139.11,32.16,29.49,6.31,30.89,71.3,33.36,21.58,9,critical_care,<5_years,low,1,0
V415,colbert,48.38,1,2,163.14,34.25,41.2,7.08,36.92,72.84,33.64,13.82,1,internal_medicine,>=5_years,low,1,0
V415,graphcare,37.06,1,2,145.58,33.87,32.92,11.57,29.3,72.77,41.05,15.58,2,internal_medicine,>=5_years,low,1,0
V415,llm_rag,38.57,1,2,160.4,29.4,35.26,9.65,21.52,68.39,30.73,10.84,3,internal_medicine,>=5_years,low,1,0
V415,sdt,38.56,1,2,114.73,28.84,28.64,10.55,29.63,75.23,21.16,7.83,4,internal_medicine,>=5_years,low,1,1
V415,medcpt,37.3,1,2,125.77,35.34,33.13,11.08,30.47,81.62,33.02,22.7,5,internal_medicine,>=5_years,low,1,0
V415,bm25,48.18,1,2,181.08,44.77,50.71,11.94,52.05,67.21,50.93,35.77,6,internal_medicine,>=5_years,low,1,0
V415,control,46.15,1,2,184.88,45.68,53.01,13.97,58.16,69.7,46.83,32.42,7,internal_medicine,>=5_years,low,1,0
V415,gdt,37.02,1,2,139.98,33.03,40.7,13.2,24.63,77.27,28.15,14.25,8,internal_medicine,>=5_years,low,1,1
V415,cma,43.32,1,2,128.17,37.66,37.62,11.16,40.6,76.82,40.66,19.09,9,internal_medicine,>=5_years,low,1,1
V704,control,74.5,1,3,187.88,51.15,64.69,15.4,63.99,62.35,59.73,40.76,1,internal_medicine,<5_years,high,2,0
V704,sdt,51.3,1,3,99.86,35.21,36.97,18.83,32.88,75.73,29.82,17.06,2,internal_medicine,<5_years,high,2,1
V704,cma,63.0,1,3,149.06,42.51,49.75,17.38,47.71,68.85,48.75,22.61,3,internal_medicine,<5_years,high,2,1
V704,llm_rag,62.12,1,3,176.62,38.2,46.37,11.71,47.4,66.76,45.31,11.63,4,internal_medicine,<5_years,high,2,0
V704,medcpt,57.7,1,3,145.02,42.1,43.28,10.86,44.7,76.14,45.39,32.25,5,internal_medicine,<5_years,high,2,0
V704,colbert,56.76,1,3,146.04,37.34,42.69,20.41,37.8,66.83,35.89,20.43,6,internal_medicine,<5_years,high,2,0
V704,bm25,71.66,1,3,194.0,48.08,60.87,18.4,58.51,59.63,62.53,28.51,7,internal_medicine,<5_years,high,2,0
V704,gdt,56.66,1,3,114.49,37.3,40.44,11.05,38.28,72.54,40.97,20.55,8,internal_medicine,<5_years,high,2,1
V704,graphcare,63.33,1,3,151.2,38.18,41.89,15.43,43.59,62.54,43.25,22.41,9,internal_medicine,<5_years,high,2,0
V809,sdt,36.22,1,2,122.08,26.78,29.74,9.03,11.83,75.35,22.51,12.19,1,hospital_medicine,<5_years,low,1,1
V809,medcpt,42.76,1,2,142.13,33.51,36.71,5.33,34.15,74.32,38.09,12.49,2,hospital_medicine,<5_years,low,1,0
V809,cma,38.25,1,2,140.71,36.58,37.37,13.71,36.32,73.96,41.53,16.59,3,hospital_medicine,<5_years,low,1,1
V809,graphcare,40.7,1,2,155.83,34.41,35.61,6.84,40.71,79.4,27.81,16.11,4,hospital_medicine,<5_years,low,1,0
V809,llm_rag,138.48,0,2,187.21,49.3,68.57,16.53,57.87,52.62,69.38,30.81,5,hospital_medicine,<5_years,low,1,0
V809,gdt,40.69,1,2,126.44,32.76,34.39,6.41,31.49,78.73,33.21,12.34,6,hospital_medicine,<5_years,low,1,1
V809,control,45.86,1,2,198.74,42.5,51.37,15.64,47.27,53.55,54.08,33.07,7,hospital_medicine,<5_years,low,1,0
V809,bm25,43.0,1,2,194.96,43.81,50.43,15.33,48.93,69.65,57.24,21.28,8,hospital_medicine,<5_years,low,1,0
V809,colbert,33.98,1,2,162.94,34.93,35.79,10.79,27.47,78.55,36.11,20.9,9,hospital_medicine,<5_years,low,1,0
V918,colbert,38.86,1,2,140.46,34.65,29.87,10.17,33.31,74.11,37.4,23.06,1,emergency,<5_years,low,1,0
V918,graphcare,38.36,1,2,152.54,33.39,34.61,12.04,32.58,70.83,34.04,16.23,2,emergency,<5_years,low,1,0
V918,bm25,39.72,1,2,173.6,41.55,45.7,8.87,51.95,63.87,49.35,29.57,3,emergency,<5_years,low,1,0
V918,cma,43.49,1,2,152.75,39.14,49.11,17.37,37.54,74.94,40.31,15.59,4,emergency,<5_years,low,1,1
V918,control,44.66,1,2,183.59,42.21,50.38,17.05,41.47,69.26,46.59,28.52,5,emergency,<5_years,low,1,0
V918,gdt,36.45,1,2,129.16,30.97,28.04,15.53,30.16,68.7,26.43,16.94,6,emergency,<5_years,low,1,1
V918,llm_rag,38.85,1,2,167.04,33.02,38.97,10.79,24.43,78.06,27.53,18.32,7,emergency,<5_years,low,1,0
V918,sdt,38.07,1,2,116.12,30.22,33.15,5.3,24.76,82.27,25.17,10.64,8,emergency,<5_years,low,1,1
V918,medcpt,46.58,1,2,150.73,36.74,38.23,11.31,41.01,69.6,42.09,18.21,9,emergency,<5_years,low,1,0
V278,sdt,53.84,1,3,105.63,31.66,36.01,9.23,22.8,76.07,32.4,13.47,1,critical_care,<5_years,high,2,1
V278,medcpt,55.69,1,3,121.41,40.11,40.82,16.4,36.88,71.93,48.43,26.22,2,critical_care,<5_years,high,2,0
V278,control,67.91,1,3,184.77,47.54,55.93,11.43,62.85,59.9,62.57,32.53,3,critical_care,<5_years,high,2,0
V278,cma,58.99,1,3,135.7,40.39,44.61,11.42,42.02,73.7,46.3,24.28,4,critical_care,<5_years,high,2,1
V278,gdt,59.85,1,3,130.28,35.99,36.46,11.21,41.17,74.52,35.26,17.29,5,critical_care,<5_years,high,2,1
V278,colbert,62.95,1,3,149.33,39.61,48.9,11.32,38.48,64.71,43.56,30.7,6,critical_care,<5_years,high,2,0
V278,bm25,65.18,1,3,176.07,50.76,65.3,20.94,63.63,57.93,60.6,36.18,7,critical_care,<5_years,high,2,0
V278,llm_rag,61.14,1,3,165.92,37.72,37.97,20.44,39.08,63.63,40.25,24.92,8,critical_care,<5_years,high,2,0
V278,graphcare,54.3,1,3,156.5,38.58,47.48,14.2,37.5,72.28,39.04,20.97,9,critical_care,<5_years,high,2,0
V105,colbert,18.94,1,1,156.42,29.41,24.42,8.16,21.81,77.18,25.69,19.17,1,hospital_medicine,>=5_years,low,0,0
V105,medcpt,19.42,1,1,130.09,31.01,28.99,6.83,26.39,77.67,35.77,10.41,2,hospital_medicine,>=5_years,low,0,0
V105,bm25,133.21,0,1,239.75,57.27,80.76,17.58,76.04,49.21,81.95,38.08,3,hospital_medicine,>=5_years,low,0,0
V105,llm_rag,20.32,1,1,177.42,32.08,27.65,11.12,22.26,84.07,31.57,15.8,4,hospital_medicine,>=5_years,low,0,0
V105,sdt,19.03,1,1,101.44,27.3,21.81,7.63,18.16,89.38,24.23,2.59,5,hospital_medicine,>=5_years,low,0,1
V105,gdt,16.91,1,1,123.45,27.73,21.25,7.58,29.41,81.71,22.25,4.17,6,hospital_medicine,>=5_years,low,0,1
V105,graphcare,16.78,1,1,161.51,27.95,27.79,5.33,24.39,81.11,18.6,10.5,7,hospital_medicine,>=5_years,low,0,0
V105,control,21.35,1,1,175.65,36.91,40.25,4.85,45.94,71.94,40.7,17.76,8,hospital_medicine,>=5_years,low,0,0
V105,cma,19.31,1,1,138.26,31.81,32.58,13.86,23.08,75.29,29.43,16.63,9,hospital_medicine,>=5_years,low,0,1
V335,sdt,53.12,1,3,107.87,31.31,34.66,5.37,38.79,73.78,26.1,9.17,1,hospital_medicine,<5_years,high,2,1
V335,cma,62.48,1,3,137.23,41.12,43.53,15.23,41.19,74.61,49.48,22.66,2,hospital_medicine,<5_years,high,2,1
V335,graphcare,62.55,1,3,139.7,39.59,43.88,9.92,47.07,64.92,43.23,28.53,3,hospital_medicine,<5_years,high,2,0
V335,control,67.47,1,3,191.01,46.78,61.07,9.63,56.63,56.13,61.75,35.47,4,hospital_medicine,<5_years,high,2,0
V335,colbert,56.72,1,3,158.38,37.37,44.0,13.71,38.39,65.59,45.76,16.79,5,hospital_medicine,<5_years,high,2,0
V335,medcpt,57.72,1,3,145.6,41.51,50.03,20.62,49.74,63.81,38.98,25.9,6,hospital_medicine,<5_years,high,2,0
V335,gdt,55.45,1,3,124.39,34.25,42.45,2.49,33.98,72.87,36.63,17.06,7,hospital_medicine,<5_years,high,2,1
V335,bm25,67.57,1,3,203.28,48.19,62.84,11.75,57.82,63.74,53.77,39.22,8,hospital_medicine,<5_years,high,2,0
V335,llm_rag,65.87,1,3,189.66,37.88,45.72,7.33,42.99,69.54,41.5,20.22,9,hospital_medicine,<5_years,high,2,0
V034,control,73.52,1,3,188.87,49.66,69.62,14.67,57.44,63.15,56.39,36.68,1,hospital_medicine,<5_years,low,1,0
V034,gdt,55.58,1,3,125.14,36.44,37.37,3.33,38.18,79.99,45.05,14.72,2,hospital_medicine,<5_years,low,1,1
V034,llm_rag,58.2,1,3,158.45,39.9,40.75,14.56,43.39,76.92,47.64,16.17,3,hospital_medicine,<5_years,low,1,0
V034,colbert,61.48,1,3,162.95,39.39,52.0,10.28,33.06,76.51,37.99,26.49,4,hospital_medicine,<5_years,low,1,0
V034,bm25,67.24,1,3,187.53,49.74,63.35,18.79,57.08,63.91,59.29,36.05,5,hospital_medicine,<5_years,low,1,0
V034,medcpt,58.39,1,3,138.06,40.79,43.44,16.55,38.16,79.69,40.42,26.48,6,hospital_medicine,<5_years,low,1,0
V034,graphcare,53.23,1,3,147.65,38.01,46.72,7.01,38.78,71.55,39.8,24.19,7,hospital_medicine,<5_years,low,1,0
V034,cma,59.45,1,3,136.92,40.32,49.85,11.55,44.15,71.67,45.26,19.47,8,hospital_medicine,<5_years,low,1,1
V034,sdt,52.66,1,3,120.19,34.03,39.18,14.83,31.71,76.61,31.12,10.72,9,hospital_medicine,<5_years,low,1,1
V584,graphcare,199.1,0,5,153.19,65.25,97.96,18.35,85.92,36.6,89.32,63.35,1,hospital_medicine,>=5_years,high,4,0
V584,control,217.08,0,5,196.2,71.09,100.0,31.04,100.0,29.03,100.0,66.47,2,hospital_medicine,>=5_years,high,4,0
V584,colbert,103.6,1,5,162.19,49.28,62.7,19.6,56.77,58.75,64.51,33.33,3,hospital_medicine,>=5_years,high,4,0
V584,sdt,92.71,1,5,108.27,38.57,44.1,18.67,44.83,64.37,44.75,14.71,4,hospital_medicine,>=5_years,high,4,1
V584,cma,197.8,0,5,135.7,65.35,100.0,20.38,93.94,36.9,89.36,51.52,5,hospital_medicine,>=5_years,high,4,1
V584,bm25,231.63,0,5,181.17,70.73,100.0,33.37,100.0,23.99,100.0,67.04,6,hospital_medicine,>=5_years,high,4,0
V584,gdt,188.75,0,5,132.93,64.23,95.01,22.67,91.36,38.23,96.54,41.58,7,hospital_medicine,>=5_years,high,4,1
V584,llm_rag,96.3,1,5,188.61,47.39,60.33,18.69,55.64,55.61,58.43,35.61,8,hospital_medicine,>=5_years,high,4,0
V584,medcpt,209.07,0,5,143.79,65.97,98.5,26.81,98.12,32.38,89.02,51.01,9,hospital_medicine,>=5_years,high,4,0
V866,control,23.04,1,1,187.74,37.83,46.2,6.83,37.96,68.21,43.92,23.87,1,emergency,>=5_years,low,0,0
V866,gdt,18.31,1,1,101.5,28.16,28.76,6.46,20.61,79.37,19.81,13.95,2,emergency,>=5_years,low,0,1
V866,medcpt,20.63,1,1,145.35,30.32,30.17,7.79,24.48,84.81,25.14,9.55,3,emergency,>=5_years,low,0,0
V866,sdt,17.35,1,1,102.26,22.76,19.21,5.83,15.0,86.33,10.19,0.0,4,emergency,>=5_years,low,0,1
V866,bm25,22.03,1,1,159.45,37.57,46.98,9.71,35.79,75.22,39.19,18.55,5,emergency,>=5_years,low,0,0
V866,llm_rag,20.31,1,1,186.15,28.55,32.99,5.12,18.24,73.34,25.49,16.11,6,emergency,>=5_years,low,0,0
V866,colbert,18.02,1,1,170.02,30.12,29.15,3.52,24.59,86.91,27.75,8.83,7,emergency,>=5_years,low,0,0
V866,cma,17.16,1,1,170.9,34.54,35.75,13.56,27.94,84.53,28.03,17.44,8,emergency,>=5_years,low,0,1
V866,graphcare,20.27,1,1,150.78,33.44,26.24,20.27,24.98,89.53,26.69,12.9,9,emergency,>=5_years,low,0,0
V452,control,288.86,0,4,194.78,71.3,100.0,36.86,100.0,14.74,100.0,76.23,1,critical_care,>=5_years,high,3,0
V452,cma,281.99,0,4,147.03,69.92,100.0,31.74,100.0,22.21,100.0,65.55,2,critical_care,>=5_years,high,3,1
V452,colbert,279.23,0,4,163.01,71.98,100.0,37.33,100.0,26.75,100.0,67.79,3,critical_care,>=5_years,high,3,0
V452,sdt,71.61,1,4,115.06,35.33,46.07,5.21,36.04,67.09,41.83,15.73,4,critical_care,>=5_years,high,3,1
V452,bm25,300.0,0,4,183.6,72.0,100.0,35.05,100.0,13.06,100.0,83.88,5,critical_care,>=5_years,high,3,0
V452,gdt,182.67,0,4,127.77,57.3,84.6,20.15,77.67,44.0,78.94,38.46,6,critical_care,>=5_years,high,3,1
V452,llm_rag,300.0,0,4,167.6,70.47,100.0,41.21,100.0,15.27,100.0,66.34,7,critical_care,>=5_years,high,3,0
V452,medcpt,267.21,0,4,133.22,70.44,100.0,34.25,100.0,17.75,100.0,70.63,8,critical_care,>=5_years,high,3,0
V452,graphcare,280.77,0,4,159.11,68.8,100.0,35.56,100.0,10.03,100.0,67.22,9,critical_care,>=5_years,high,3,0
V302,medcpt,221.0,0,5,145.95,68.39,100.0,22.73,100.0,31.43,98.05,58.15,1,emergency,<5_years,high,3,0
V302,llm_rag,300.0,0,5,166.03,67.78,100.0,31.49,100.0,9.61,100.0,65.57,2,emergency,<5_years,high,3,0
V302,gdt,184.51,0,5,132.46,65.2,88.87,30.51,88.17,45.3,88.43,49.91,3,emergency,<5_years,high,3,1
V302,cma,291.94,0,5,146.62,70.25,100.0,33.69,100.0,16.09,100.0,71.73,4,emergency,<5_years,high,3,1
V302,colbert,297.21,0,5,155.16,71.55,100.0,34.9,100.0,16.94,100.0,77.47,5,emergency,<5_years,high,3,0
V302,graphcare,196.71,0,5,152.46,62.86,92.4,25.76,88.03,37.36,88.66,44.93,6,emergency,<5_years,high,3,0
V302,control,300.0,0,5,180.55,72.43,100.0,39.63,100.0,8.34,100.0,86.61,7,emergency,<5_years,high,3,0
V302,sdt,186.45,0,5,111.14,58.68,82.93,21.66,73.75,49.94,84.14,39.68,8,emergency,<5_years,high,3,1
V302,bm25,300.0,0,5,199.73,72.36,100.0,36.5,100.0,13.99,100.0,83.68,9,emergency,<5_years,high,3,0
V942,cma,81.1,1,4,148.16,47.11,54.18,10.12,55.52,74.39,47.61,40.83,1,internal_medicine,>=5_years,high,1,1
V942,gdt,78.95,1,4,137.44,42.33,44.43,15.26,47.58,65.22,54.55,26.97,2,internal_medicine,>=5_years,high,1,1
V942,llm_rag,77.53,1,4,157.17,43.29,50.84,23.8,46.34,67.97,47.45,23.32,3,internal_medicine,>=5_years,high,1,0
V942,medcpt,79.24,1,4,145.92,41.03,48.08,16.95,49.8,57.87,45.71,27.8,4,internal_medicine,>=5_years,high,1,0
V942,colbert,79.28,1,4,151.3,44.33,47.96,14.91,48.14,71.11,51.94,31.91,5,internal_medicine,>=5_years,high,1,0
V942,graphcare,66.05,1,4,144.26,38.82,49.47,10.32,34.28,68.08,43.24,27.55,6,internal_medicine,>=5_years,high,1,0
V942,control,92.75,1,4,183.73,54.67,65.21,24.92,72.59,50.62,70.06,44.63,7,internal_medicine,>=5_years,high,1,0
V942,bm25,91.53,1,4,179.8,50.99,65.75,15.86,63.8,48.95,69.08,42.53,8,internal_medicine,>=5_years,high,1,0
V942,sdt,68.01,1,4,105.12,37.36,43.16,9.4,41.67,68.99,39.27,21.7,9,internal_medicine,>=5_years,high,1,1
V008,graphcare,20.9,1,1,167.98,32.3,29.83,16.99,26.13,84.48,25.52,10.86,1,critical_care,<5_years,low,0,0
V008,gdt,19.57,1,1,132.92,31.27,28.7,13.43,17.34,83.02,30.46,14.65,2,critical_care,<5_years,low,0,1
V008,control,21.09,1,1,204.66,38.22,40.87,14.93,33.31,74.16,42.74,23.29,3,critical_care,<5_years,low,0,0
V008,sdt,18.59,1,1,113.66,25.53,21.18,11.29,15.03,82.32,16.18,7.15,4,critical_care,<5_years,low,0,1
V008,bm25,27.2,1,1,241.96,38.34,50.26,9.61,42.62,65.08,41.1,21.35,5,critical_care,<5_years,low,0,0
V008,cma,18.84,1,1,133.2,29.66,22.4,0.45,23.59,83.32,29.5,18.72,6,critical_care,<5_years,low,0,1
V008,llm_rag,21.19,1,1,162.24,29.29,27.44,10.18,25.03,77.87,28.75,6.47,7,critical_care,<5_years,low,0,0
V008,medcpt,18.25,1,1,189.48,29.85,33.89,4.23,18.64,82.03,29.28,11.05,8,critical_care,<5_years,low,0,0
V008,colbert,20.18,1,1,167.69,31.59,25.35,15.5,25.83,84.95,21.28,16.65,9,critical_care,<5_years,low,0,0
V338,colbert,86.21,1,5,166.03,45.95,60.63,13.43,56.32,58.89,53.69,32.75,1,emergency,<5_years,high,2,0
V338,sdt,92.02,1,5,110.59,42.67,48.49,12.39,52.47,66.16,48.86,27.66,2,emergency,<5_years,high,2,1
V338,bm25,118.29,1,5,195.37,59.01,86.28,17.11,76.45,44.36,82.55,47.27,3,emergency,<5_years,high,2,0
V338,medcpt,102.7,1,5,142.52,49.38,66.32,16.83,52.47,55.99,63.67,40.99,4,emergency,<5_years,high,2,0
V338,cma,108.0,1,5,161.08,51.38,67.56,20.24,61.61,58.16,65.38,35.32,5,emergency,<5_years,high,2,1
V338,control,113.82,1,5,179.68,60.53,83.44,19.13,75.67,47.34,86.9,50.71,6,emergency,<5_years,high,2,0
V338,llm_rag,201.36,0,5,161.63,64.28,96.27,24.07,89.52,35.63,88.8,51.38,7,emergency,<5_years,high,2,0
V338,gdt,93.31,1,5,129.42,45.84,62.5,11.11,49.93,63.44,60.71,27.34,8,emergency,<5_years,high,2,1
V338,graphcare,98.39,1,5,142.81,46.59,60.89,14.19,57.15,55.91,55.59,35.82,9,emergency,<5_years,high,2,0
V897,sdt,94.17,1,5,105.56,41.19,45.97,17.19,44.61,65.49,52.53,21.37,1,internal_medicine,<5_years,high,3,1
V897,colbert,282.82,0,5,150.84,69.63,100.0,34.96,100.0,21.13,100.0,61.7,2,internal_medicine,<5_years,high,3,0
V897,graphcare,98.67,1,5,150.47,50.85,56.65,28.97,60.02,60.37,61.88,37.2,3,internal_medicine,<5_years,high,3,0
V897,control,122.02,1,5,184.65,61.65,88.85,22.64,77.29,52.59,78.09,50.44,4,internal_medicine,<5_years,high,3,0
V897,bm25,120.34,1,5,179.53,60.88,85.47,22.01,80.92,45.21,85.37,46.31,5,internal_medicine,<5_years,high,3,0
V897,cma,97.45,1,5,140.53,47.22,60.85,7.98,59.54,53.02,65.32,36.61,6,internal_medicine,<5_years,high,3,1
V897,gdt,108.08,1,5,133.92,48.67,61.05,15.21,57.46,59.43,67.5,31.35,7,internal_medicine,<5_years,high,3,1
V897,llm_rag,99.42,1,5,168.15,47.76,65.09,11.24,52.74,57.01,66.5,33.98,8,internal_medicine,<5_years,high,3,0
V897,medcpt,191.71,0,5,162.5,65.63,98.11,28.02,89.55,39.28,88.26,50.53,9,internal_medicine,<5_years,high,3,0
V018,control,49.53,1,2,211.44,43.63,49.52,18.74,49.73,65.97,48.3,29.5,1,critical_care,>=5_years,low,0,0
V018,bm25,39.52,1,2,187.6,43.52,53.01,12.45,44.46,70.84,52.77,27.62,2,critical_care,>=5_years,low,0,0
V018,graphcare,139.69,0,2,142.38,50.72,66.45,20.66,66.17,50.43,64.51,36.07,3,critical_care,>=5_years,low,0,0
V018,colbert,41.19,1,2,144.82,33.05,34.97,11.94,38.16,72.86,33.05,7.33,4,critical_care,>=5_years,low,0,0
V018,cma,44.58,1,2,135.83,35.88,36.98,8.61,38.57,72.64,36.79,21.7,5,critical_care,>=5_years,low,0,1
V018,llm_rag,149.44,0,2,153.1,53.31,65.09,16.39,66.55,54.3,75.2,42.31,6,critical_care,>=5_years,low,0,0
V018,gdt,34.27,1,2,112.37,34.23,35.42,11.46,29.86,77.06,35.69,15.9,7,critical_care,>=5_years,low,0,1
V018,medcpt,36.27,1,2,137.05,33.8,28.23,12.54,29.74,76.76,35.37,20.15,8,critical_care,>=5_years,low,0,0
V018,sdt,37.33,1,2,132.03,27.15,29.13,0.0,18.98,79.34,24.85,10.6,9,critical_care,>=5_years,low,0,1
V221,colbert,300.0,0,5,155.46,70.35,100.0,36.46,100.0,18.04,100.0,67.6,1,critical_care,>=5_years,high,4,0
V221,gdt,192.22,0,5,134.82,61.91,93.14,25.73,82.96,36.44,86.54,46.63,2,critical_care,>=5_years,high,4,1
V221,cma,199.97,0,5,144.97,67.27,96.72,25.46,88.62,37.26,100.0,55.57,3,critical_care,>=5_years,high,4,1
V221,control,214.77,0,5,188.58,71.15,100.0,33.98,100.0,30.26,100.0,62.66,4,critical_care,>=5_years,high,4,0
V221,medcpt,189.96,0,5,136.44,61.48,95.4,17.87,84.83,38.18,85.98,46.6,5,critical_care,>=5_years,high,4,0
V221,llm_rag,197.59,0,5,161.6,64.81,95.41,24.61,86.42,38.67,88.78,54.94,6,critical_care,>=5_years,high,4,0
V221,sdt,180.85,0,5,116.34,59.8,84.21,21.34,77.35,51.3,80.06,44.52,7,critical_care,>=5_years,high,4,1
V221,graphcare,211.42,0,5,148.04,65.76,100.0,26.72,86.97,32.77,95.9,52.22,8,critical_care,>=5_years,high,4,0
V221,bm25,217.75,0,5,194.73,72.33,100.0,31.25,100.0,34.56,100.0,68.15,9,critical_care,>=5_years,high,4,0
V973,gdt,36.06,1,2,121.02,32.18,32.62,11.21,26.85,71.44,33.56,17.41,1,emergency,>=5_years,low,0,1
V973,medcpt,38.56,1,2,138.31,33.21,39.2,9.92,30.84,68.5,34.58,16.23,2,emergency,>=5_years,low,0,0
V973,cma,36.74,1,2,133.78,34.09,34.1,6.79,37.31,71.44,32.66,22.21,3,emergency,>=5_years,low,0,1
V973,colbert,40.13,1,2,148.31,35.15,36.5,9.18,34.42,73.5,36.34,20.98,4,emergency,>=5_years,low,0,0
V973,llm_rag,39.56,1,2,159.12,35.32,33.61,11.0,33.49,85.96,35.09,12.74,5,emergency,>=5_years,low,0,0
V973,sdt,37.33,1,2,97.61,28.52,25.29,7.46,28.47,74.44,24.68,10.79,6,emergency,>=5_years,low,0,1
V973,control,39.52,1,2,193.5,43.36,53.26,13.34,50.1,66.67,49.77,27.02,7,emergency,>=5_years,low,0,0
V973,graphcare,39.96,1,2,141.13,32.51,30.14,2.72,36.5,77.82,26.98,20.89,8,emergency,>=5_years,low,0,0
V973,bm25,49.22,1,2,196.81,42.79,42.11,16.8,55.31,66.19,48.1,28.24,9,emergency,>=5_years,low,0,0
V316,colbert,100.6,1,5,143.94,48.02,65.36,17.37,58.79,58.45,53.83,34.31,1,emergency,<5_years,high,3,0
V316,cma,104.15,1,5,154.62,50.3,68.51,13.32,58.62,60.58,59.74,41.03,2,emergency,<5_years,high,3,1
V316,graphcare,97.42,1,5,158.07,48.2,58.19,14.55,60.29,61.16,59.63,35.39,3,emergency,<5_years,high,3,0
V316,llm_rag,96.04,1,5,159.26,47.96,67.48,15.0,53.93,57.71,57.97,35.65,4,emergency,<5_years,high,3,0
V316,control,111.31,1,5,179.59,57.12,74.88,20.71,73.03,46.85,80.18,47.08,5,emergency,<5_years,high,3,0
V316,sdt,93.13,1,5,115.43,43.36,53.55,17.28,48.23,59.82,49.46,31.81,6,emergency,<5_years,high,3,1
V316,medcpt,93.43,1,5,140.65,48.82,61.33,13.23,60.54,60.8,57.99,39.03,7,emergency,<5_years,high,3,0
V316,bm25,112.87,1,5,176.81,61.76,87.7,22.77,78.45,47.14,86.7,47.82,8,emergency,<5_years,high,3,0
V316,gdt,93.04,1,5,134.62,47.04,62.24,14.48,54.28,64.27,54.27,32.7,9,emergency,<5_years,high,3,1
V275,gdt,61.29,1,3,128.93,37.42,45.57,16.16,42.19,67.16,37.1,16.31,1,critical_care,>=5_years,low,0,1
V275,cma,66.91,1,3,159.63,40.02,50.72,10.98,45.62,66.94,41.38,24.48,2,critical_care,>=5_years,low,0,1
V275,medcpt,59.36,1,3,151.8,39.75,38.48,11.91,50.52,69.04,44.34,24.22,3,critical_care,>=5_years,low,0,0
V275,llm_rag,60.52,1,3,172.44,39.19,47.76,15.1,35.68,71.48,46.76,18.37,4,critical_care,>=5_years,low,0,0
V275,graphcare,61.28,1,3,145.46,41.52,45.99,13.26,48.84,68.32,51.14,21.54,5,critical_care,>=5_years,low,0,0
V275,colbert,59.03,1,3,172.1,39.73,48.35,10.64,43.67,70.47,44.14,21.08,6,critical_care,>=5_years,low,0,0
V275,control,70.35,1,3,184.74,53.58,60.45,25.95,63.72,65.17,60.18,46.03,7,critical_care,>=5_years,low,0,0
V275,bm25,78.27,1,3,210.29,52.89,68.47,16.29,66.46,61.23,66.12,38.74,8,critical_care,>=5_years,low,0,0
V275,sdt,56.17,1,3,103.7,33.61,35.09,15.56,27.16,76.74,32.68,14.41,9,critical_care,>=5_years,low,0,1
V031,medcpt,17.51,1,1,134.02,28.88,25.87,11.7,15.99,81.91,28.32,9.51,1,hospital_medicine,<5_years,low,0,0
V031,control,19.69,1,1,220.77,36.25,37.4,3.44,43.47,71.24,40.7,21.23,2,hospital_medicine,<5_years,low,0,0
V031,graphcare,21.3,1,1,154.79,31.42,19.56,15.6,29.03,82.67,29.27,12.4,3,hospital_medicine,<5_years,low,0,0
V031,colbert,20.05,1,1,177.97,29.91,24.57,3.23,31.97,77.93,25.94,15.81,4,hospital_medicine,<5_years,low,0,0
V031,cma,17.81,1,1,141.54,28.09,18.94,0.0,29.68,77.44,21.92,20.55,5,hospital_medicine,<5_years,low,0,1
V031,llm_rag,19.35,1,1,175.75,29.07,28.54,2.69,21.07,77.74,31.25,13.1,6,hospital_medicine,<5_years,low,0,0
V031,sdt,20.18,1,1,104.7,28.72,24.13,9.42,18.97,85.96,22.74,11.1,7,hospital_medicine,<5_years,low,0,1
V031,bm25,21.88,1,1,224.11,36.37,41.21,10.65,33.28,69.53,36.97,26.58,8,hospital_medicine,<5_years,low,0,0
V031,gdt,22.33,1,1,110.94,28.07,27.3,7.99,16.49,85.77,21.15,9.69,9,hospital_medicine,<5_years,low,0,1
V797,graphcare,75.5,1,4,159.63,44.48,51.37,22.68,42.16,74.46,53.44,22.8,1,critical_care,>=5_years,high,3,0
V797,control,90.91,1,4,204.95,55.38,70.45,13.2,70.32,56.42,74.17,47.69,2,critical_care,>=5_years,high,3,0
V797,medcpt,77.54,1,4,131.31,42.95,54.76,9.83,46.95,58.07,54.53,33.57,3,critical_care,>=5_years,high,3,0
V797,llm_rag,183.8,0,4,152.12,62.55,88.45,24.6,81.08,41.17,91.62,48.36,4,critical_care,>=5_years,high,3,0
V797,cma,79.88,1,4,148.86,46.67,58.83,4.27,50.09,66.57,63.23,37.02,5,critical_care,>=5_years,high,3,1
V797,bm25,99.18,1,4,179.99,55.16,73.7,18.95,73.14,51.3,69.76,44.12,6,critical_care,>=5_years,high,3,0
V797,gdt,74.42,1,4,124.12,42.67,58.51,10.82,44.47,71.79,46.33,24.09,7,critical_care,>=5_years,high,3,1
V797,colbert,169.26,0,4,155.32,58.86,84.6,26.62,71.68,44.37,79.76,46.13,8,critical_care,>=5_years,high,3,0
V797,sdt,66.94,1,4,115.22,34.36,41.78,7.88,38.8,67.55,34.23,15.91,9,critical_care,>=5_years,high,3,1
V284,colbert,100.33,1,5,160.69,45.09,59.26,16.7,54.14,55.88,56.68,27.89,1,emergency,>=5_years,high,3,0
V284,control,116.81,1,5,180.78,58.73,76.44,22.1,81.8,42.86,78.2,51.01,2,emergency,>=5_years,high,3,0
V284,sdt,87.97,1,5,111.31,42.51,51.17,24.54,40.08,58.21,50.02,31.07,3,emergency,>=5_years,high,3,1
V284,cma,100.51,1,5,153.04,50.06,66.94,23.07,58.48,54.19,62.51,35.18,4,emergency,>=5_years,high,3,1
V284,gdt,99.75,1,5,133.19,45.22,54.47,18.92,57.5,57.43,47.68,35.36,5,emergency,>=5_years,high,3,1
V284,graphcare,93.7,1,5,150.31,49.35,66.48,20.25,59.19,55.56,60.16,34.43,6,emergency,>=5_years,high,3,0
V284,llm_rag,96.11,1,5,168.03,47.83,61.01,15.94,55.89,58.26,62.83,33.03,7,emergency,>=5_years,high,3,0
V284,bm25,115.12,1,5,183.96,57.44,77.78,25.0,68.79,50.79,78.93,43.32,8,emergency,>=5_years,high,3,0
V284,medcpt,91.87,1,5,146.6,46.95,58.38,21.05,54.51,60.47,54.03,33.28,9,emergency,>=5_years,high,3,0
V821,llm_rag,80.47,1,4,174.12,39.79,49.28,16.94,43.17,59.62,45.72,24.0,1,emergency,<5_years,high,1,0
V821,bm25,97.02,1,4,198.54,57.22,73.46,18.33,69.41,56.63,74.69,50.82,2,emergency,<5_years,high,1,0
V821,sdt,75.57,1,4,120.44,39.99,47.67,17.79,45.33,72.95,44.38,11.8,3,emergency,<5_years,high,1,1
V821,medcpt,81.71,1,4,156.7,45.53,59.06,20.3,44.0,63.37,55.46,30.98,4,emergency,<5_years,high,1,0
V821,colbert,78.06,1,4,155.8,42.57,54.48,12.58,51.77,60.02,52.53,24.04,5,emergency,<5_years,high,1,0
V821,graphcare,78.58,1,4,150.24,44.39,55.11,17.67,51.04,58.7,56.35,27.45,6,emergency,<5_years,high,1,0
V821,gdt,73.68,1,4,128.59,41.8,50.17,15.22,44.94,62.11,50.63,27.73,7,emergency,<5_years,high,1,1
V821,control,93.93,1,4,179.96,52.94,76.83,19.12,64.12,51.72,72.48,33.35,8,emergency,<5_years,high,1,0
V821,cma,81.61,1,4,156.81,47.5,67.64,14.67,52.31,64.7,54.84,30.87,9,emergency,<5_years,high,1,1
V948,medcpt,40.98,1,2,133.46,36.6,32.24,15.44,38.9,78.79,35.32,18.89,1,hospital_medicine,>=5_years,low,0,0
V948,colbert,38.76,1,2,145.3,32.92,35.64,15.36,26.65,71.2,34.65,14.03,2,hospital_medicine,>=5_years,low,0,0
V948,cma,45.03,1,2,145.49,36.51,40.02,11.98,33.31,74.67,37.83,21.25,3,hospital_medicine,>=5_years,low,0,1
V948,control,50.03,1,2,200.44,43.57,52.58,14.52,54.63,62.15,52.37,25.15,4,hospital_medicine,>=5_years,low,0,0
V948,graphcare,37.4,1,2,147.25,31.98,34.24,8.09,24.71,78.15,33.86,12.83,5,hospital_medicine,>=5_years,low,0,0
V948,llm_rag,129.37,0,2,177.7,50.52,69.68,21.57,56.35,59.83,59.2,36.47,6,hospital_medicine,>=5_years,low,0,0
V948,sdt,37.63,1,2,99.06,30.55,31.56,15.45,19.39,84.95,24.53,7.42,7,hospital_medicine,>=5_years,low,0,1
V948,bm25,47.96,1,2,183.14,42.05,53.17,14.97,50.15,61.78,47.01,25.2,8,hospital_medicine,>=5_years,low,0,0
V948,gdt,35.47,1,2,125.51,32.77,35.59,2.56,29.48,75.88,37.85,15.28,9,hospital_medicine,>=5_years,low,0,1
V686,bm25,22.97,1,1,170.92,40.24,45.44,13.95,41.84,75.3,38.27,26.63,1,emergency,>=5_years,low,0,0
V686,gdt,18.9,1,1,130.69,31.22,29.15,8.1,25.51,86.96,24.57,13.0,2,emergency,>=5_years,low,0,1
V686,cma,21.16,1,1,141.63,33.38,21.87,20.25,35.69,79.14,32.11,11.2,3,emergency,>=5_years,low,0,1
V686,sdt,20.22,1,1,118.78,25.81,20.31,6.92,12.81,87.08,21.72,6.02,4,emergency,>=5_years,low,0,1
V686,llm_rag,126.31,0,1,157.05,50.3,66.04,24.74,61.16,55.4,59.51,34.95,5,emergency,>=5_years,low,0,0
V686,colbert,17.96,1,1,149.17,30.3,29.82,3.85,32.19,80.63,25.31,10.0,6,emergency,>=5_years,low,0,0
V686,control,25.19,1,1,203.58,40.82,52.98,10.35,43.7,69.05,44.18,24.63,7,emergency,>=5_years,low,0,0
V686,graphcare,19.0,1,1,147.59,25.94,20.9,3.27,19.11,79.0,22.9,10.47,8,emergency,>=5_years,low,0,0
V686,medcpt,19.21,1,1,142.49,31.28,29.87,5.18,28.52,83.82,30.55,9.75,9,emergency,>=5_years,low,0,0
V120,llm_rag,53.5,1,3,154.4,36.8,38.03,14.79,40.98,65.67,42.43,18.91,1,emergency,<5_years,high,2,0
V120,colbert,59.07,1,3,148.93,39.57,51.79,4.88,46.91,63.25,43.74,26.82,2,emergency,<5_years,high,2,0
V120,gdt,62.08,1,3,115.53,39.75,47.71,11.66,42.03,68.48,43.41,25.22,3,emergency,<5_years,high,2,1
V120,bm25,79.16,1,3,190.73,50.16,63.53,13.2,64.43,53.0,68.48,38.32,4,emergency,<5_years,high,2,0
V120,graphcare,57.44,1,3,144.55,37.02,45.62,14.63,41.62,67.67,33.18,19.4,5,emergency,<5_years,high,2,0
V120,control,68.96,1,3,208.64,48.5,64.98,13.89,57.59,57.32,57.18,40.05,6,emergency,<5_years,high,2,0
V120,sdt,52.51,1,3,128.05,34.3,34.54,14.25,31.96,69.14,34.43,21.51,7,emergency,<5_years,high,2,1
V120,cma,61.95,1,3,148.0,41.96,51.11,9.57,45.58,69.67,44.08,31.75,8,emergency,<5_years,high,2,1
V120,medcpt,58.03,1,3,156.63,40.38,45.43,13.76,35.92,72.65,51.95,22.59,9,emergency,<5_years,high,2,0
V077,llm_rag,79.16,1,4,160.75,40.62,54.31,14.66,43.82,57.85,49.09,24.02,1,emergency,>=5_years,high,3,0
V077,gdt,76.95,1,4,125.23,41.35,48.53,19.47,45.25,61.0,48.45,25.38,2,emergency,>=5_years,high,3,1
V077,cma,80.01,1,4,141.34,46.49,60.7,17.64,53.81,58.16,58.92,29.7,3,emergency,>=5_years,high,3,1
V077,graphcare,75.1,1,4,143.84,42.45,50.53,14.2,43.18,66.62,49.25,30.92,4,emergency,>=5_years,high,3,0
V077,sdt,75.66,1,4,112.17,39.06,41.7,10.79,33.91,70.88,52.51,24.57,5,emergency,>=5_years,high,3,1
V077,bm25,95.73,1,4,193.89,53.11,69.63,24.5,63.34,52.38,65.05,43.75,6,emergency,>=5_years,high,3,0
V077,control,86.02,1,4,198.42,53.1,68.6,20.3,60.46,59.25,65.44,44.53,7,emergency,>=5_years,high,3,0
V077,colbert,78.42,1,4,162.05,44.3,60.5,21.09,46.28,62.58,45.8,29.55,8,emergency,>=5_years,high,3,0
V077,medcpt,85.48,1,4,149.63,42.55,54.24,13.67,52.55,63.02,45.44,26.41,9,emergency,>=5_years,high,3,0
V923,colbert,93.59,1,5,155.59,48.3,67.16,10.78,61.28,61.78,55.33,33.45,1,internal_medicine,<5_years,high,2,0
V923,bm25,124.97,1,5,202.38,62.1,86.31,19.65,83.73,49.11,82.85,50.95,2,internal_medicine,<5_years,high,2,0
V923,graphcare,98.16,1,5,161.64,50.13,65.24,17.91,51.85,71.8,58.92,35.07,3,internal_medicine,<5_years,high,2,0
V923,gdt,98.29,1,5,125.58,46.07,59.08,16.06,59.55,57.09,55.26,29.38,4,internal_medicine,<5_years,high,2,1
V923,control,125.8,1,5,194.65,61.64,85.78,22.38,85.76,43.56,82.76,49.58,5,internal_medicine,<5_years,high,2,0
V923,cma,97.73,1,5,139.76,45.9,67.07,14.85,49.54,57.19,52.11,34.64,6,internal_medicine,<5_years,high,2,1
V923,llm_rag,94.32,1,5,162.93,45.82,63.35,13.0,51.12,60.66,56.91,29.89,7,internal_medicine,<5_years,high,2,0
V923,medcpt,105.59,1,5,142.97,49.46,63.02,15.21,65.1,56.11,60.88,36.46,8,internal_medicine,<5_years,high,2,0
V923,sdt,89.23,1,5,109.83,42.09,51.52,15.79,46.36,59.43,50.01,29.42,9,internal_medicine,<5_years,high,2,1
V856,sdt,92.6,1,5,118.45,45.09,50.12,15.69,47.05,71.22,54.55,31.91,1,emergency,<5_years,high,1,1
V856,gdt,94.17,1,5,128.5,46.29,61.58,13.83,51.6,58.32,57.83,34.55,2,emergency,<5_years,high,1,1
V856,medcpt,92.76,1,5,143.53,47.24,60.37,21.03,53.1,61.58,61.5,25.86,3,emergency,<5_years,high,1,0
V856,bm25,300.0,0,5,190.82,71.98,100.0,38.5,100.0,14.36,100.0,79.0,4,emergency,<5_years,high,1,0
V856,control,118.37,1,5,193.67,59.11,83.97,18.97,77.48,52.35,75.66,46.23,5,emergency,<5_years,high,1,0
V856,colbert,97.58,1,5,147.97,46.89,64.25,16.26,54.86,54.47,54.3,37.18,6,emergency,<5_years,high,1,0
V856,cma,99.54,1,5,147.03,51.32,69.83,22.3,59.75,56.06,61.31,38.64,7,emergency,<5_years,high,1,1
V856,llm_rag,97.96,1,5,159.9,48.61,56.5,16.98,58.48,60.76,59.96,38.98,8,emergency,<5_years,high,1,0
V856,graphcare,110.7,1,5,138.48,52.05,65.04,28.73,67.38,52.86,62.8,35.46,9,emergency,<5_years,high,1,0
V601,graphcare,17.81,1,1,150.04,28.95,29.32,6.47,26.37,78.34,26.79,6.4,1,emergency,>=5_years,low,0,0
V601,llm_rag,19.63,1,1,160.49,29.89,28.09,5.34,30.15,82.13,20.83,12.78,2,emergency,>=5_years,low,0,0
V601,gdt,18.04,1,1,107.77,25.7,23.58,6.42,19.25,74.06,28.05,2.85,3,emergency,>=5_years,low,0,1
V601,cma,20.88,1,1,175.38,29.61,27.93,5.53,28.2,77.39,24.44,14.19,4,emergency,>=5_years,low,0,1
V601,colbert,22.74,1,1,126.69,31.72,26.13,14.55,30.76,76.9,29.21,12.77,5,emergency,>=5_years,low,0,0
V601,medcpt,23.42,1,1,145.91,35.6,33.49,6.9,34.4,83.09,36.89,18.81,6,emergency,>=5_years,low,0,0
V601,bm25,24.67,1,1,190.27,39.69,44.97,7.59,35.74,71.37,49.41,29.06,7,emergency,>=5_years,low,0,0
V601,control,29.27,1,1,192.94,40.54,38.53,11.5,41.77,79.67,43.64,28.12,8,emergency,>=5_years,low,0,0
V601,sdt,17.09,1,1,117.2,24.09,15.28,6.75,14.53,91.39,14.17,2.42,9,emergency,>=5_years,low,0,1
V432,llm_rag,35.09,1,2,166.9,36.93,31.22,14.95,33.18,80.77,41.31,20.12,1,emergency,>=5_years,low,1,0
V432,medcpt,40.49,1,2,155.76,35.45,37.72,13.96,32.14,75.65,33.09,20.11,2,emergency,>=5_years,low,1,0
V432,cma,41.84,1,2,155.38,36.49,40.07,15.4,39.52,76.13,33.36,14.47,3,emergency,>=5_years,low,1,1
V432,control,45.56,1,2,188.7,42.65,51.27,9.23,46.94,66.43,50.93,31.09,4,emergency,>=5_years,low,1,0
V432,colbert,37.73,1,2,162.65,35.83,34.48,13.31,37.59,72.26,33.1,24.23,5,emergency,>=5_years,low,1,0
V432,sdt,39.49,1,2,103.26,26.59,30.31,4.83,15.62,76.97,24.41,7.38,6,emergency,>=5_years,low,1,1
V432,gdt,37.18,1,2,134.86,33.27,33.87,6.83,30.72,79.81,34.23,14.13,7,emergency,>=5_years,low,1,1
V432,graphcare,35.46,1,2,137.2,32.59,24.66,13.56,31.54,78.4,29.39,17.99,8,emergency,>=5_years,low,1,0
V432,bm25,46.31,1,2,192.67,41.35,46.05,15.54,51.25,60.2,48.28,26.75,9,emergency,>=5_years,low,1,0
V784,colbert,79.44,1,4,147.27,41.59,51.9,8.74,39.93,64.4,54.14,30.43,1,critical_care,<5_years,high,2,0
V784,sdt,68.3,1,4,112.14,36.8,40.93,11.94,34.2,71.72,41.52,20.49,2,critical_care,<5_years,high,2,1
V784,graphcare,77.81,1,4,143.03,44.07,56.65,15.35,49.17,62.41,52.29,28.52,3,critical_care,<5_years,high,2,0
V784,cma,71.4,1,4,138.2,44.91,53.14,19.21,48.96,60.96,58.15,29.01,4,critical_care,<5_years,high,2,1
V784,control,89.34,1,4,183.8,53.04,72.33,19.72,61.74,53.5,71.94,38.98,5,critical_care,<5_years,high,2,0
V784,gdt,78.54,1,4,128.34,43.8,50.41,15.71,51.12,65.45,48.83,31.3,6,critical_care,<5_years,high,2,1
V784,bm25,89.65,1,4,200.47,52.68,66.12,22.66,60.04,51.66,74.39,41.22,7,critical_care,<5_years,high,2,0
V784,medcpt,80.27,1,4,137.88,45.35,58.62,12.15,51.58,64.58,57.46,27.69,8,critical_care,<5_years,high,2,0
V784,llm_rag,81.44,1,4,183.12,45.99,52.63,17.89,51.04,68.96,51.99,33.43,9,critical_care,<5_years,high,2,0
V262,control,89.23,1,4,184.21,54.9,72.24,21.64,68.65,54.2,69.26,43.44,1,internal_medicine,<5_years,high,3,0
V262,colbert,77.45,1,4,152.7,43.88,54.72,17.06,46.96,66.87,52.52,25.13,2,internal_medicine,<5_years,high,3,0
V262,cma,82.68,1,4,149.93,44.94,57.13,18.55,44.01,62.68,53.85,33.4,3,internal_medicine,<5_years,high,3,1
V262,bm25,96.34,1,4,212.87,55.29,75.72,17.18,68.76,53.71,73.07,43.28,4,internal_medicine,<5_years,high,3,0
V262,llm_rag,79.69,1,4,171.88,42.66,49.65,18.85,48.5,63.84,47.07,28.02,5,internal_medicine,<5_years,high,3,0
V262,graphcare,75.26,1,4,144.79,42.28,52.08,16.74,44.79,67.53,46.19,26.35,6,internal_medicine,<5_years,high,3,0
V262,medcpt,74.64,1,4,145.09,43.97,55.99,12.29,47.06,66.55,52.09,29.86,7,internal_medicine,<5_years,high,3,0
V262,gdt,81.76,1,4,132.53,43.19,52.62,19.65,44.78,64.95,49.13,28.02,8,internal_medicine,<5_years,high,3,1
V262,sdt,74.79,1,4,115.83,40.94,54.8,10.97,39.57,71.11,44.75,24.47,9,internal_medicine,<5_years,high,3,1
V492,medcpt,97.86,1,5,146.95,49.23,65.29,13.33,54.29,60.64,60.8,41.03,1,emergency,>=5_years,high,3,0
V492,graphcare,99.91,1,5,148.8,47.9,59.5,14.6,55.9,56.23,61.78,39.38,2,emergency,>=5_years,high,3,0
V492,sdt,92.1,1,5,118.77,41.47,59.2,15.13,47.65,59.06,48.37,19.38,3,emergency,>=5_years,high,3,1
V492,bm25,215.76,0,5,172.28,70.47,100.0,32.0,100.0,24.76,100.0,66.05,4,emergency,>=5_years,high,3,0
V492,llm_rag,98.5,1,5,164.76,47.19,67.78,19.74,55.82,52.93,55.32,31.58,5,emergency,>=5_years,high,3,0
V492,colbert,92.61,1,5,156.89,46.1,55.35,21.62,54.58,60.67,62.98,21.37,6,emergency,>=5_years,high,3,0
V492,control,123.69,1,5,190.46,61.08,80.63,23.45,82.56,41.63,86.83,51.35,7,emergency,>=5_years,high,3,0
V492,cma,96.02,1,5,158.35,49.93,61.4,17.29,60.06,61.65,63.58,35.62,8,emergency,>=5_years,high,3,1
V492,gdt,96.52,1,5,130.3,46.33,59.63,15.08,54.0,57.81,57.45,34.0,9,emergency,>=5_years,high,3,1
V849,llm_rag,37.35,1,2,167.39,33.75,37.24,11.08,29.52,78.93,27.8,17.92,1,internal_medicine,<5_years,low,1,0
V849,cma,40.09,1,2,146.4,38.31,40.09,16.71,34.03,74.43,44.35,20.28,2,internal_medicine,<5_years,low,1,1
V849,bm25,47.04,1,2,197.71,48.05,59.19,17.39,48.76,65.09,54.91,42.98,3,internal_medicine,<5_years,low,1,0
V849,graphcare,35.84,1,2,142.6,34.3,32.99,14.35,32.06,78.57,31.59,16.22,4,internal_medicine,<5_years,low,1,0
V849,medcpt,40.43,1,2,134.48,37.95,35.82,20.9,37.1,73.87,38.03,21.99,5,internal_medicine,<5_years,low,1,0
V849,gdt,39.39,1,2,127.44,31.6,30.1,7.85,34.03,67.84,33.81,15.94,6,internal_medicine,<5_years,low,1,1
V849,colbert,41.06,1,2,158.9,32.75,36.34,2.89,32.39,71.58,40.26,13.02,7,internal_medicine,<5_years,low,1,0
V849,control,45.06,1,2,172.56,44.34,60.93,7.27,51.5,63.77,54.74,27.83,8,internal_medicine,<5_years,low,1,0
V849,sdt,36.47,1,2,112.3,28.71,27.58,8.85,23.23,77.27,23.49,11.87,9,internal_medicine,<5_years,low,1,1
V998,graphcare,21.53,1,1,133.71,29.1,25.29,5.05,31.92,76.22,26.22,9.93,1,emergency,>=5_years,low,0,0
V998,medcpt,19.66,1,1,177.72,32.42,27.31,5.74,32.74,85.52,31.47,11.76,2,emergency,>=5_years,low,0,0
V998,cma,23.49,1,1,167.44,29.02,30.95,1.67,23.92,80.05,30.04,7.46,3,emergency,>=5_years,low,0,1
V998,control,18.62,1,1,217.44,39.88,39.98,12.88,35.09,79.5,40.94,30.87,4,emergency,>=5_years,low,0,0
V998,bm25,25.7,1,1,175.17,38.44,39.23,10.26,44.15,72.98,41.73,22.29,5,emergency,>=5_years,low,0,0
V998,sdt,17.14,1,1,123.49,26.67,21.24,4.63,17.82,87.95,18.52,9.88,6,emergency,>=5_years,low,0,1
V998,llm_rag,18.53,1,1,173.06,29.04,31.49,2.44,23.93,84.34,31.0,1.05,7,emergency,>=5_years,low,0,0
V998,colbert,20.67,1,1,184.42,30.2,28.98,2.95,26.72,84.21,25.3,13.07,8,emergency,>=5_years,low,0,0
V998,gdt,18.7,1,1,122.05,25.99,26.29,0.71,21.34,77.46,23.49,6.67,9,emergency,>=5_years,low,0,1
V895,bm25,70.05,1,3,205.56,48.43,65.94,14.08,55.42,62.02,55.33,37.77,1,emergency,<5_years,high,2,0
V895,sdt,51.96,1,3,115.72,28.23,31.5,2.18,23.31,69.8,33.56,9.03,2,emergency,<5_years,high,2,1
V895,medcpt,61.64,1,3,147.02,39.77,47.3,15.2,43.53,69.03,39.32,24.26,3,emergency,<5_years,high,2,0
V895,gdt,59.92,1,3,121.42,36.93,43.4,11.3,38.89,66.47,40.01,21.49,4,emergency,<5_years,high,2,1
V895,graphcare,60.62,1,3,142.63,37.89,42.2,8.58,47.04,65.74,42.99,20.8,5,emergency,<5_years,high,2,0
V895,cma,61.51,1,3,141.85,40.74,46.96,21.71,44.39,63.25,44.03,24.07,6,emergency,<5_years,high,2,1
V895,llm_rag,52.22,1,3,154.52,39.14,46.5,20.58,35.99,68.77,35.69,27.34,7,emergency,<5_years,high,2,0
V895,colbert,56.15,1,3,157.32,35.19,38.11,11.68,32.65,65.55,41.86,21.29,8,emergency,<5_years,high,2,0
V895,control,66.92,1,3,196.04,43.92,53.52,12.93,49.47,62.12,58.07,27.42,9,emergency,<5_years,high,2,0
V408,control,99.74,1,4,192.08,53.92,70.5,17.22,71.4,50.05,71.05,43.31,1,hospital_medicine,<5_years,high,2,0
V408,medcpt,78.37,1,4,137.55,43.81,53.25,16.77,52.58,57.56,51.6,31.07,2,hospital_medicine,<5_years,high,2,0
V408,gdt,77.31,1,4,126.84,41.9,53.12,15.24,51.95,61.67,45.62,23.78,3,hospital_medicine,<5_years,high,2,1
V408,cma,78.5,1,4,131.22,46.5,54.66,18.61,57.09,63.76,57.13,27.73,4,hospital_medicine,<5_years,high,2,1
V408,colbert,84.58,1,4,149.28,42.85,53.79,6.54,48.2,69.3,55.31,23.93,5,hospital_medicine,<5_years,high,2,0
V408,graphcare,78.68,1,4,154.85,43.5,54.15,14.61,45.1,61.7,59.3,26.11,6,hospital_medicine,<5_years,high,2,0
V408,llm_rag,80.56,1,4,166.97,42.33,49.7,13.84,44.17,65.42,52.55,28.33,7,hospital_medicine,<5_years,high,2,0
V408,bm25,85.66,1,4,194.97,52.99,69.82,17.6,64.2,59.13,63.72,43.46,8,hospital_medicine,<5_years,high,2,0
V408,sdt,75.91,1,4,116.81,38.96,38.89,15.04,46.87,65.75,45.14,22.06,9,hospital_medicine,<5_years,high,2,1
V581,llm_rag,95.91,1,5,172.2,47.72,64.75,19.89,55.03,57.73,54.19,34.75,1,critical_care,>=5_years,high,4,0
V581,control,124.19,1,5,181.94,59.74,89.95,25.29,79.01,43.98,71.03,49.16,2,critical_care,>=5_years,high,4,0
V581,colbert,105.7,1,5,142.75,46.4,64.32,10.29,53.62,55.24,64.9,30.04,3,critical_care,>=5_years,high,4,0
V581,graphcare,96.42,1,5,151.32,46.9,60.71,15.64,54.24,54.54,65.94,30.33,4,critical_care,>=5_years,high,4,0
V581,sdt,93.11,1,5,112.37,44.69,50.51,21.81,47.61,61.69,56.47,30.07,5,critical_care,>=5_years,high,4,1
V581,cma,94.12,1,5,147.64,47.37,61.76,15.99,59.11,58.34,59.6,29.43,6,critical_care,>=5_years,high,4,1
V581,medcpt,103.61,1,5,139.51,48.65,66.18,17.44,62.31,51.71,64.1,30.15,7,critical_care,>=5_years,high,4,0
V581,gdt,97.92,1,5,123.78,48.21,59.52,17.67,55.87,55.4,66.44,34.35,8,critical_care,>=5_years,high,4,1
V581,bm25,121.99,1,5,196.81,63.14,83.5,22.8,80.42,54.72,90.73,46.68,9,critical_care,>=5_years,high,4,0
V144,sdt,36.39,1,2,105.54,30.69,34.6,14.05,20.33,79.26,26.06,9.82,1,critical_care,>=5_years,low,1,1
V144,cma,138.1,0,2,149.74,53.64,71.38,19.87,72.56,54.29,69.05,34.66,2,critical_care,>=5_years,low,1,1
V144,bm25,155.0,0,2,198.1,63.36,88.76,21.35,89.86,43.98,89.85,46.34,3,critical_care,>=5_years,low,1,0
V144,gdt,41.82,1,2,129.67,32.48,32.21,10.99,27.43,73.1,34.09,17.04,4,critical_care,>=5_years,low,1,1
V144,medcpt,42.61,1,2,138.81,34.49,43.74,7.69,30.14,74.19,36.51,14.67,5,critical_care,>=5_years,low,1,0
V144,control,149.73,0,2,204.74,59.99,86.55,22.05,81.02,41.78,78.76,49.8,6,critical_care,>=5_years,low,1,0
V144,graphcare,135.54,0,2,151.87,52.07,70.82,22.37,59.22,56.31,67.93,35.8,7,critical_care,>=5_years,low,1,0
V144,llm_rag,37.91,1,2,164.06,33.16,38.42,9.19,28.93,73.23,35.0,14.21,8,critical_care,>=5_years,low,1,0
V144,colbert,37.61,1,2,143.36,31.96,32.66,15.38,33.93,64.49,27.85,17.49,9,critical_care,>=5_years,low,1,0
V766,colbert,77.36,1,4,150.64,43.37,48.5,15.76,50.72,62.6,53.57,29.03,1,hospital_medicine,<5_years,high,2,0
V766,control,96.6,1,4,192.47,53.59,70.46,14.52,63.85,52.46,76.45,43.79,2,hospital_medicine,<5_years,high,2,0
V766,gdt,72.68,1,4,128.75,42.25,49.34,11.19,44.88,71.68,53.03,23.41,3,hospital_medicine,<5_years,high,2,1
V766,cma,77.63,1,4,149.82,48.98,68.16,20.26,52.87,64.3,56.72,31.56,4,hospital_medicine,<5_years,high,2,1
V766,medcpt,79.25,1,4,144.05,42.42,54.16,8.7,54.61,60.2,51.07,25.78,5,hospital_medicine,<5_years,high,2,0
V766,sdt,76.49,1,4,111.18,37.61,41.68,9.38,35.63,72.17,42.28,24.52,6,hospital_medicine,<5_years,high,2,1
V766,graphcare,77.83,1,4,139.22,44.21,50.96,17.6,48.46,66.13,55.84,26.25,7,hospital_medicine,<5_years,high,2,0
V766,bm25,99.58,1,4,192.39,55.11,76.13,19.32,68.25,58.83,77.33,30.8,8,hospital_medicine,<5_years,high,2,0
V766,llm_rag,72.19,1,4,165.12,43.44,50.19,23.62,44.08,65.69,49.85,27.2,9,hospital_medicine,<5_years,high,2,0
V523,control,20.53,1,1,209.86,40.54,41.38,13.25,42.41,76.91,42.63,26.66,1,emergency,<5_years,low,0,0
V523,medcpt,19.87,1,1,150.75,30.53,32.55,7.7,24.96,78.42,28.66,10.85,2,emergency,<5_years,low,0,0
V523,cma,24.84,1,1,122.75,34.2,27.85,14.39,30.14,86.25,29.5,17.07,3,emergency,<5_years,low,0,1
V523,colbert,16.23,1,1,177.04,26.49,16.74,3.0,19.66,80.23,30.32,8.98,4,emergency,<5_years,low,0,0
V523,gdt,16.79,1,1,121.72,29.05,25.2,11.67,20.03,84.11,22.25,11.05,5,emergency,<5_years,low,0,1
V523,llm_rag,19.15,1,1,177.4,29.11,28.6,6.61,23.28,78.48,21.12,16.57,6,emergency,<5_years,low,0,0
V523,sdt,19.86,1,1,98.59,24.43,24.22,3.03,13.39,84.7,16.98,4.26,7,emergency,<5_years,low,0,1
V523,graphcare,19.48,1,1,165.38,27.94,27.44,4.73,22.22,82.74,25.21,5.32,8,emergency,<5_years,low,0,0
V523,bm25,25.92,1,1,208.0,40.25,41.12,18.64,35.87,70.65,45.23,29.95,9,emergency,<5_years,low,0,0
V794,medcpt,300.0,0,5,144.6,71.83,100.0,32.06,100.0,21.37,100.0,77.57,1,critical_care,<5_years,high,3,0
V794,gdt,101.61,1,5,121.7,47.95,59.77,15.43,55.96,69.1,54.9,32.57,2,critical_care,<5_years,high,3,1
V794,cma,300.0,0,5,152.0,71.75,100.0,39.31,100.0,18.68,100.0,72.53,3,critical_care,<5_years,high,3,1
V794,sdt,88.77,1,5,114.18,41.44,50.37,10.0,44.31,69.42,47.46,27.06,4,critical_care,<5_years,high,3,1
V794,control,300.0,0,5,188.49,71.16,100.0,38.12,100.0,8.86,100.0,79.96,5,critical_care,<5_years,high,3,0
V794,graphcare,294.45,0,5,158.52,69.89,100.0,34.73,100.0,16.46,100.0,68.13,6,critical_care,<5_years,high,3,0
V794,bm25,300.0,0,5,188.32,73.27,100.0,42.68,100.0,9.3,100.0,87.61,7,critical_care,<5_years,high,3,0
V794,colbert,93.8,1,5,155.12,49.59,61.33,13.96,59.92,62.6,61.57,38.15,8,critical_care,<5_years,high,3,0
V794,llm_rag,300.0,0,5,158.3,69.24,100.0,36.56,100.0,11.82,100.0,67.07,9,critical_care,<5_years,high,3,0
V806,colbert,60.21,1,3,157.84,38.84,43.29,8.36,37.24,69.85,49.77,24.52,1,emergency,>=5_years,high,2,0
V806,medcpt,65.62,1,3,148.0,40.45,47.68,14.07,46.89,72.88,42.21,18.96,2,emergency,>=5_years,high,2,0
V806,gdt,56.7,1,3,128.56,39.19,45.22,7.91,37.47,79.69,43.43,21.45,3,emergency,>=5_years,high,2,1
V806,sdt,52.65,1,3,105.41,35.6,37.45,10.01,32.46,77.1,40.08,16.49,4,emergency,>=5_years,high,2,1
V806,control,67.65,1,3,188.57,49.18,56.96,20.11,56.88,60.61,64.83,35.67,5,emergency,>=5_years,high,2,0
V806,cma,54.84,1,3,137.79,39.43,44.03,12.18,41.03,68.32,43.52,27.48,6,emergency,>=5_years,high,2,1
V806,bm25,60.44,1,3,181.78,48.9,61.3,14.15,60.52,64.21,55.65,37.56,7,emergency,>=5_years,high,2,0
V806,llm_rag,58.09,1,3,164.0,38.03,41.64,15.97,41.09,69.22,37.07,23.17,8,emergency,>=5_years,high,2,0
V806,graphcare,58.36,1,3,149.47,36.56,45.81,9.76,37.43,66.07,36.28,24.02,9,emergency,>=5_years,high,2,0
V391,sdt,54.43,1,3,114.11,31.34,40.45,11.23,25.52,68.5,33.0,9.32,1,emergency,<5_years,low,1,1
V391,control,169.19,0,3,173.89,67.37,96.95,32.74,98.26,41.42,87.79,47.03,2,emergency,<5_years,low,1,0
V391,medcpt,153.39,0,3,146.85,55.14,76.27,25.05,70.95,46.48,72.55,39.52,3,emergency,<5_years,low,1,0
V391,llm_rag,161.95,0,3,174.92,57.16,79.0,18.19,72.27,53.04,72.6,47.88,4,emergency,<5_years,low,1,0
V391,bm25,164.56,0,3,182.62,67.67,97.27,26.02,88.79,38.71,97.31,57.89,5,emergency,<5_years,low,1,0
V391,cma,159.58,0,3,140.63,58.58,82.32,22.94,72.99,51.35,76.67,45.2,6,emergency,<5_years,low,1,1
V391,colbert,60.86,1,3,151.31,40.61,44.11,15.9,43.54,72.85,44.81,22.48,7,emergency,<5_years,low,1,0
V391,graphcare,153.23,0,3,163.0,56.59,76.05,28.61,74.53,49.24,74.25,36.88,8,emergency,<5_years,low,1,0
V391,gdt,162.76,0,3,125.41,56.85,73.29,23.52,72.85,48.19,76.08,47.14,9,emergency,<5_years,low,1,1
V842,cma,93.68,1,5,137.7,49.0,58.5,17.79,59.76,65.9,54.99,37.07,1,critical_care,<5_years,high,4,1
V842,llm_rag,103.12,1,5,152.23,47.63,61.12,21.55,54.71,59.43,58.41,30.57,2,critical_care,<5_years,high,4,0
V842,medcpt,95.99,1,5,140.21,50.14,64.06,21.6,58.31,59.28,67.94,29.64,3,critical_care,<5_years,high,4,0
V842,graphcare,97.58,1,5,151.07,48.39,60.92,18.98,54.04,70.63,54.31,31.48,4,critical_care,<5_years,high,4,0
V842,bm25,120.47,1,5,184.84,60.3,82.8,19.37,83.16,48.9,74.33,53.24,5,critical_care,<5_years,high,4,0
V842,gdt,96.15,1,5,128.73,46.8,61.62,16.73,58.02,63.25,54.59,26.56,6,critical_care,<5_years,high,4,1
V842,control,123.35,1,5,187.47,58.53,90.71,16.32,76.63,44.5,78.99,44.04,7,critical_care,<5_years,high,4,0
V842,sdt,94.5,1,5,110.42,44.76,53.22,18.75,49.19,69.17,48.0,30.24,8,critical_care,<5_years,high,4,1
V842,colbert,99.63,1,5,173.6,48.56,56.96,19.78,59.61,61.31,55.91,37.76,9,critical_care,<5_years,high,4,0
V464,cma,37.38,1,2,155.15,34.14,30.95,9.84,34.94,77.8,37.17,14.16,1,critical_care,<5_years,low,0,1
V464,graphcare,35.36,1,2,142.72,31.93,30.25,14.61,28.71,72.53,30.65,14.8,2,critical_care,<5_years,low,0,0
V464,gdt,38.28,1,2,138.48,33.7,34.4,11.03,31.61,80.57,30.59,13.99,3,critical_care,<5_years,low,0,1
V464,bm25,47.33,1,2,164.04,44.14,52.98,20.6,45.44,62.05,50.76,33.03,4,critical_care,<5_years,low,0,0
V464,control,49.82,1,2,175.55,43.77,53.01,15.51,48.28,63.79,50.85,31.21,5,critical_care,<5_years,low,0,0
V464,sdt,35.67,1,2,114.12,27.88,22.02,5.75,17.45,80.9,29.83,11.34,6,critical_care,<5_years,low,0,1
V464,medcpt,37.19,1,2,156.95,34.65,33.7,12.96,23.01,75.89,32.24,30.09,7,critical_care,<5_years,low,0,0
V464,colbert,45.14,1,2,161.98,36.94,45.46,10.06,32.44,78.8,29.79,25.07,8,critical_care,<5_years,low,0,0
V464,llm_rag,41.46,1,2,156.28,34.3,39.82,9.55,33.58,75.71,31.61,15.55,9,critical_care,<5_years,low,0,0
V743,control,67.19,1,3,200.63,47.5,63.64,9.31,53.48,64.68,60.18,33.73,1,emergency,<5_years,high,2,0
V743,cma,62.37,1,3,146.27,41.96,50.84,16.51,48.93,68.9,39.94,26.65,2,emergency,<5_years,high,2,1
V743,sdt,52.7,1,3,111.68,33.5,36.4,15.55,34.66,72.21,30.19,11.97,3,emergency,<5_years,high,2,1
V743,bm25,71.87,1,3,196.21,48.55,64.85,16.78,58.17,59.34,59.65,32.49,4,emergency,<5_years,high,2,0
V743,gdt,60.1,1,3,113.31,37.39,41.13,12.85,31.42,74.42,40.9,23.62,5,emergency,<5_years,high,2,1
V743,llm_rag,57.1,1,3,151.9,36.29,41.52,11.82,37.43,68.42,37.06,21.5,6,emergency,<5_years,high,2,0
V743,medcpt,60.42,1,3,164.7,39.65,42.44,16.1,46.63,67.93,39.58,25.2,7,emergency,<5_years,high,2,0
V743,graphcare,58.77,1,3,143.1,38.75,51.36,20.24,37.55,68.19,36.08,19.09,8,emergency,<5_years,high,2,0
V743,colbert,55.49,1,3,152.53,38.71,39.26,16.79,40.31,73.51,41.19,21.21,9,emergency,<5_years,high,2,0
V021,llm_rag,59.25,1,3,166.82,36.04,42.47,6.25,34.38,65.81,49.28,18.03,1,internal_medicine,>=5_years,low,1,0
V021,control,69.21,1,3,199.92,48.8,61.45,18.28,54.6,61.53,61.19,35.75,2,internal_medicine,>=5_years,low,1,0
V021,medcpt,59.19,1,3,138.22,41.92,45.64,20.1,42.56,72.48,44.37,26.34,3,internal_medicine,>=5_years,low,1,0
V021,sdt,54.38,1,3,105.95,34.41,32.54,13.45,29.99,82.12,36.36,11.98,4,internal_medicine,>=5_years,low,1,1
V021,gdt,61.99,1,3,135.28,38.72,41.2,11.58,40.28,71.16,48.46,19.66,5,internal_medicine,>=5_years,low,1,1
V021,bm25,69.67,1,3,184.75,46.04,59.57,6.13,54.52,66.67,56.1,33.24,6,internal_medicine,>=5_years,low,1,0
V021,colbert,53.82,1,3,139.05,39.35,41.53,18.0,41.21,74.35,40.76,20.25,7,internal_medicine,>=5_years,low,1,0
V021,cma,63.93,1,3,154.27,41.67,45.96,17.28,42.37,67.15,48.98,28.27,8,internal_medicine,>=5_years,low,1,1
V021,graphcare,59.57,1,3,155.6,40.13,45.28,12.4,44.1,73.0,42.49,23.5,9,internal_medicine,>=5_years,low,1,0
V847,gdt,143.55,0,3,120.25,51.75,73.94,17.3,63.43,57.24,66.98,31.59,1,emergency,<5_years,low,0,1
V847,sdt,48.51,1,3,118.59,31.75,38.44,9.33,27.71,75.52,31.63,7.89,2,emergency,<5_years,low,0,1
V847,bm25,184.32,0,3,193.21,68.6,100.0,23.76,100.0,33.22,100.0,54.61,3,emergency,<5_years,low,0,0
V847,medcpt,54.89,1,3,146.91,38.13,44.62,12.65,40.35,73.03,39.63,18.49,4,emergency,<5_years,low,0,0
V847,control,196.43,0,3,174.88,67.17,100.0,24.86,94.15,27.87,100.0,56.13,5,emergency,<5_years,low,0,0
V847,graphcare,153.46,0,3,154.25,54.87,79.42,21.74,64.32,48.74,73.23,41.79,6,emergency,<5_years,low,0,0
V847,llm_rag,149.9,0,3,163.27,51.9,74.91,14.63,66.73,49.85,66.83,38.47,7,emergency,<5_years,low,0,0
V847,cma,148.68,0,3,136.34,55.63,83.37,15.06,69.3,55.44,71.55,39.04,8,emergency,<5_years,low,0,1
V847,colbert,159.53,0,3,153.16,58.95,79.79,22.91,73.48,52.27,82.59,42.68,9,emergency,<5_years,low,0,0
V451,sdt,255.25,0,4,104.23,67.29,100.0,24.6,94.01,37.97,94.49,52.65,1,emergency,>=5_years,high,3,1
V451,bm25,300.0,0,4,182.35,72.28,100.0,35.82,100.0,11.13,100.0,86.72,2,emergency,>=5_years,high,3,0
V451,control,300.0,0,4,168.72,71.32,100.0,33.61,100.0,7.61,100.0,86.72,3,emergency,>=5_years,high,3,0
V451,cma,290.81,0,4,167.41,71.05,100.0,39.18,100.0,18.61,100.0,68.51,4,emergency,>=5_years,high,3,1
V451,graphcare,267.49,0,4,155.55,68.86,100.0,28.27,100.0,22.42,100.0,62.47,5,emergency,>=5_years,high,3,0
V451,colbert,274.85,0,4,160.62,71.45,100.0,38.37,100.0,17.47,100.0,72.86,6,emergency,>=5_years,high,3,0
V451,medcpt,286.83,0,4,148.13,70.17,100.0,27.33,100.0,20.76,100.0,72.91,7,emergency,>=5_years,high,3,0
V451,llm_rag,265.99,0,4,172.74,70.62,100.0,29.65,100.0,27.53,100.0,66.56,8,emergency,>=5_years,high,3,0
V451,gdt,277.8,0,4,136.71,69.14,100.0,33.21,100.0,20.46,100.0,61.18,9,emergency,>=5_years,high,3,1
V717,bm25,70.47,1,3,181.4,46.32,56.17,15.88,57.28,58.85,52.37,37.35,1,internal_medicine,<5_years,high,2,0
V717,graphcare,63.58,1,3,145.46,41.4,55.23,12.55,40.26,66.74,49.53,24.05,2,internal_medicine,<5_years,high,2,0
V717,sdt,55.54,1,3,96.19,34.9,39.82,10.8,26.55,75.66,41.13,15.41,3,internal_medicine,<5_years,high,2,1
V717,llm_rag,59.23,1,3,163.07,38.51,40.62,9.08,39.91,68.54,47.64,25.25,4,internal_medicine,<5_years,high,2,0
V717,colbert,57.53,1,3,170.24,36.18,43.82,10.55,38.07,66.87,43.39,14.35,5,internal_medicine,<5_years,high,2,0
V717,gdt,56.98,1,3,128.56,35.21,41.53,4.35,36.64,69.45,41.96,17.34,6,internal_medicine,<5_years,high,2,1
V717,cma,65.21,1,3,158.82,41.08,45.94,12.75,48.13,67.24,44.18,28.22,7,internal_medicine,<5_years,high,2,1
V717,medcpt,63.88,1,3,137.96,42.05,55.22,21.74,46.31,65.51,40.52,23.0,8,internal_medicine,<5_years,high,2,0
V717,control,71.76,1,3,214.12,49.61,63.62,13.08,55.29,60.07,65.34,40.27,9,internal_medicine,<5_years,high,2,0
V757,control,216.8,0,5,179.35,69.78,100.0,28.18,100.0,25.81,100.0,64.7,1,critical_care,>=5_years,high,0,0
V757,llm_rag,203.84,0,5,157.31,66.83,100.0,27.07,86.92,40.87,92.22,53.91,2,critical_care,>=5_years,high,0,0
V757,sdt,189.23,0,5,115.41,61.86,90.59,28.52,78.75,43.56,87.84,41.89,3,critical_care,>=5_years,high,0,1
V757,colbert,196.63,0,5,146.95,64.18,91.95,26.95,86.54,39.53,88.54,51.58,4,critical_care,>=5_years,high,0,0
V757,medcpt,199.58,0,5,140.34,67.06,99.01,34.5,85.92,39.44,90.54,52.95,5,critical_care,>=5_years,high,0,0
V757,cma,200.23,0,5,145.63,66.89,100.0,24.06,86.47,38.26,100.0,52.55,6,critical_care,>=5_years,high,0,1
V757,bm25,224.22,0,5,184.76,69.27,100.0,33.57,100.0,17.51,100.0,64.57,7,critical_care,>=5_years,high,0,0
V757,graphcare,194.34,0,5,160.06,64.2,97.67,24.46,89.01,34.41,85.76,53.88,8,critical_care,>=5_years,high,0,0
V757,gdt,188.83,0,5,116.93,61.1,84.61,20.87,90.31,31.87,86.99,51.98,9,critical_care,>=5_years,high,0,1
V106,cma,40.57,1,2,136.52,35.32,40.46,6.97,26.48,73.62,39.52,24.9,1,internal_medicine,<5_years,low,1,1
V106,llm_rag,40.29,1,2,168.28,32.88,37.01,7.08,29.63,72.81,27.17,23.59,2,internal_medicine,<5_years,low,1,0
V106,sdt,35.02,1,2,100.05,30.37,30.75,12.01,18.32,78.25,24.15,18.7,3,internal_medicine,<5_years,low,1,1
V106,graphcare,37.97,1,2,135.48,36.23,35.99,19.06,35.41,76.79,33.02,17.14,4,internal_medicine,<5_years,low,1,0
V106,gdt,39.45,1,2,118.31,33.27,33.54,14.1,26.24,81.71,26.7,17.34,5,internal_medicine,<5_years,low,1,1
V106,colbert,39.15,1,2,170.83,34.41,37.63,12.46,30.4,75.76,30.54,19.65,6,internal_medicine,<5_years,low,1,0
V106,control,45.84,1,2,202.99,45.91,53.9,16.22,48.14,72.5,49.22,35.49,7,internal_medicine,<5_years,low,1,0
V106,medcpt,39.0,1,2,144.27,34.8,42.12,11.55,34.4,70.96,29.68,20.1,8,internal_medicine,<5_years,low,1,0
V106,bm25,48.5,1,2,203.93,42.29,55.61,5.5,48.8,62.49,53.96,27.38,9,internal_medicine,<5_years,low,1,0
V549,bm25,72.05,1,3,178.31,47.99,59.83,17.81,57.83,56.33,61.11,35.05,1,critical_care,>=5_years,low,0,0
V549,cma,56.7,1,3,145.15,39.65,49.07,9.95,41.12,72.11,44.14,21.5,2,critical_care,>=5_years,low,0,1
V549,medcpt,59.83,1,3,136.44,39.65,50.69,12.73,40.81,69.35,38.56,25.73,3,critical_care,>=5_years,low,0,0
V549,graphcare,59.68,1,3,146.64,37.03,36.78,13.19,33.87,71.96,43.24,23.12,4,critical_care,>=5_years,low,0,0
V549,llm_rag,61.44,1,3,173.43,41.81,48.93,16.74,39.17,70.96,46.26,28.8,5,critical_care,>=5_years,low,0,0
V549,control,70.44,1,3,196.35,51.14,58.26,22.96,58.17,66.15,60.76,40.52,6,critical_care,>=5_years,low,0,0
V549,colbert,251.7,0,3,154.63,69.46,100.0,25.16,99.22,32.5,100.0,59.91,7,critical_care,>=5_years,low,0,0
V549,gdt,54.1,1,3,131.82,39.87,37.55,15.57,43.36,76.72,41.02,24.99,8,critical_care,>=5_years,low,0,1
V549,sdt,53.92,1,3,126.68,33.11,36.47,12.97,32.87,69.49,31.78,15.09,9,critical_care,>=5_years,low,0,1
V128,llm_rag,41.55,1,2,149.64,30.82,35.65,10.37,26.91,74.32,30.15,7.53,1,emergency,<5_years,low,0,0
V128,gdt,34.78,1,2,122.05,30.39,34.49,7.65,23.87,72.07,33.45,10.81,2,emergency,<5_years,low,0,1
V128,cma,35.99,1,2,158.76,34.92,37.36,16.68,28.11,73.86,33.9,19.59,3,emergency,<5_years,low,0,1
V128,medcpt,35.92,1,2,142.38,36.84,38.88,9.0,32.11,80.63,38.08,22.36,4,emergency,<5_years,low,0,0
V128,graphcare,46.26,1,2,155.58,36.15,42.03,8.65,37.07,70.98,40.35,17.84,5,emergency,<5_years,low,0,0
V128,sdt,36.43,1,2,117.95,28.4,28.92,5.69,23.08,80.9,28.76,3.06,6,emergency,<5_years,low,0,1
V128,bm25,52.59,1,2,187.13,47.01,58.02,17.5,52.57,66.98,52.4,34.6,7,emergency,<5_years,low,0,0
V128,control,47.22,1,2,207.74,47.08,53.17,16.16,51.9,72.98,54.65,33.59,8,emergency,<5_years,low,0,0
V128,colbert,37.26,1,2,168.47,34.46,36.09,11.14,32.74,73.78,35.64,17.39,9,emergency,<5_years,low,0,0
V920,medcpt,17.86,1,1,132.97,29.03,25.74,8.03,18.24,80.29,25.78,16.08,1,critical_care,>=5_years,low,0,0
V920,control,23.73,1,1,184.35,39.25,47.2,6.8,37.33,68.45,47.05,28.65,2,critical_care,>=5_years,low,0,0
V920,cma,20.73,1,1,139.81,33.11,33.65,14.4,26.01,76.82,31.42,16.36,3,critical_care,>=5_years,low,0,1
V920,graphcare,18.71,1,1,171.05,30.74,33.03,12.8,21.17,82.81,22.97,11.67,4,critical_care,>=5_years,low,0,0
V920,colbert,18.83,1,1,161.27,30.64,29.85,3.62,24.44,79.7,31.57,14.63,5,critical_care,>=5_years,low,0,0
V920,gdt,19.26,1,1,145.88,29.65,32.42,4.81,21.53,81.51,21.29,16.37,6,critical_care,>=5_years,low,0,1
V920,llm_rag,19.84,1,1,168.3,29.66,30.98,6.8,22.15,79.46,27.62,10.95,7,critical_care,>=5_years,low,0,0
V920,bm25,26.27,1,1,201.05,41.85,49.43,10.91,43.19,73.08,42.75,31.76,8,critical_care,>=5_years,low,0,0
V920,sdt,18.33,1,1,124.84,24.67,20.07,2.45,13.21,83.18,19.35,9.79,9,critical_care,>=5_years,low,0,1
V353,colbert,54.4,1,3,153.78,39.19,41.34,9.6,47.02,71.58,40.9,24.69,1,emergency,<5_years,high,2,0
V353,bm25,66.47,1,3,192.57,47.15,62.7,7.86,56.07,67.77,51.88,36.6,2,emergency,<5_years,high,2,0
V353,medcpt,54.85,1,3,158.66,38.83,43.03,17.94,36.58,71.03,39.84,24.53,3,emergency,<5_years,high,2,0
V353,graphcare,52.3,1,3,142.3,38.51,41.95,9.3,37.57,70.71,49.88,21.63,4,emergency,<5_years,high,2,0
V353,gdt,58.94,1,3,131.26,38.53,44.7,6.97,42.84,73.09,40.79,22.81,5,emergency,<5_years,high,2,1
V353,llm_rag,60.12,1,3,183.72,40.23,48.93,15.61,42.03,70.45,42.11,22.25,6,emergency,<5_years,high,2,0
V353,cma,60.4,1,3,156.74,40.1,49.2,6.76,44.84,62.02,51.14,26.65,7,emergency,<5_years,high,2,1
V353,control,66.76,1,3,182.98,48.85,61.38,19.78,56.09,56.75,60.26,38.82,8,emergency,<5_years,high,2,0
V353,sdt,52.9,1,3,116.81,32.68,39.45,8.01,24.39,76.72,37.93,9.55,9,emergency,<5_years,high,2,1
V248,llm_rag,114.81,0,1,183.71,43.42,57.7,14.88,51.39,60.33,51.7,24.53,1,internal_medicine,<5_years,low,0,0
V248,bm25,27.76,1,1,172.76,39.54,43.42,8.4,41.06,72.32,43.68,28.38,2,internal_medicine,<5_years,low,0,0
V248,cma,18.03,1,1,154.25,29.11,28.61,5.68,24.08,79.93,30.65,5.69,3,internal_medicine,<5_years,low,0,1
V248,graphcare,21.6,1,1,123.21,30.55,27.36,6.25,23.01,85.8,27.83,13.05,4,internal_medicine,<5_years,low,0,0
V248,control,23.06,1,1,187.29,37.22,40.67,11.07,30.95,69.9,45.14,25.61,5,internal_medicine,<5_years,low,0,0
V248,gdt,16.47,1,1,122.38,26.86,23.53,3.44,17.33,82.55,22.92,11.4,6,internal_medicine,<5_years,low,0,1
V248,sdt,16.3,1,1,115.43,23.24,12.08,5.32,10.83,85.93,15.24,10.06,7,internal_medicine,<5_years,low,0,1
V248,medcpt,16.8,1,1,139.85,28.99,26.16,9.98,22.67,78.1,29.01,8.0,8,internal_medicine,<5_years,low,0,0
V248,colbert,21.91,1,1,168.38,31.34,35.16,11.08,30.53,76.5,20.59,14.2,9,internal_medicine,<5_years,low,0,0
V901,cma,141.94,0,2,123.97,52.36,66.48,13.39,62.89,58.68,76.19,36.52,1,emergency,<5_years,low,1,1
V901,control,161.03,0,2,179.48,60.26,87.85,14.9,86.38,42.83,83.93,45.64,2,emergency,<5_years,low,1,0
V901,sdt,35.91,1,2,115.84,28.21,29.53,7.77,21.23,77.71,28.51,4.51,3,emergency,<5_years,low,1,1
V901,llm_rag,138.25,0,2,171.57,49.59,72.14,14.5,60.86,50.39,58.5,41.15,4,emergency,<5_years,low,1,0
V901,medcpt,133.07,0,2,142.25,50.56,74.06,21.49,62.51,46.49,59.96,38.85,5,emergency,<5_years,low,1,0
V901,gdt,37.45,1,2,137.49,33.35,34.52,8.89,33.62,75.18,34.08,13.81,6,emergency,<5_years,low,1,1
V901,bm25,154.22,0,2,170.48,62.72,86.55,24.6,83.91,46.02,87.46,47.8,7,emergency,<5_years,low,1,0
V901,colbert,139.23,0,2,154.28,52.57,70.01,26.18,65.21,48.27,65.73,40.01,8,emergency,<5_years,low,1,0
V901,graphcare,132.73,0,2,152.38,49.02,64.77,15.18,59.4,57.04,65.13,32.6,9,emergency,<5_years,low,1,0
V514,llm_rag,57.54,1,3,169.78,37.78,46.13,12.62,51.19,61.32,36.59,18.83,1,internal_medicine,>=5_years,high,2,0
V514,colbert,156.88,0,3,155.18,56.42,81.04,18.83,72.81,53.08,75.73,37.01,2,internal_medicine,>=5_years,high,2,0
V514,medcpt,151.15,0,3,158.88,53.21,81.15,21.55,62.44,49.86,65.48,38.76,3,internal_medicine,>=5_years,high,2,0
V514,control,185.87,0,3,180.59,71.08,100.0,35.04,92.14,42.73,99.92,56.67,4,internal_medicine,>=5_years,high,2,0
V514,graphcare,57.84,1,3,150.78,37.08,40.8,8.37,39.39,66.57,39.69,27.68,5,internal_medicine,>=5_years,high,2,0
V514,sdt,55.51,1,3,122.68,34.9,44.05,9.1,33.19,76.88,34.27,11.88,6,internal_medicine,>=5_years,high,2,1
V514,gdt,58.62,1,3,131.4,36.6,39.12,13.35,36.92,69.97,39.72,20.53,7,internal_medicine,>=5_years,high,2,1
V514,cma,157.08,0,3,133.4,56.45,80.66,19.18,65.72,52.05,77.62,43.47,8,internal_medicine,>=5_years,high,2,1
V514,bm25,176.53,0,3,201.37,67.32,100.0,23.94,98.86,36.65,91.37,53.13,9,internal_medicine,>=5_years,high,2,0
V728,control,90.35,1,4,189.05,53.01,68.56,23.58,68.22,50.17,74.91,32.61,1,critical_care,>=5_years,high,1,0
V728,gdt,80.91,1,4,139.14,41.38,49.49,19.64,48.01,57.11,43.65,30.35,2,critical_care,>=5_years,high,1,1
V728,medcpt,75.84,1,4,149.44,44.09,54.19,13.96,47.79,69.4,51.53,27.65,3,critical_care,>=5_years,high,1,0
V728,llm_rag,84.21,1,4,154.37,47.44,60.85,12.46,57.48,70.58,49.82,33.45,4,critical_care,>=5_years,high,1,0
V728,colbert,77.25,1,4,162.12,44.5,56.65,8.76,48.85,69.5,50.29,32.96,5,critical_care,>=5_years,high,1,0
V728,sdt,72.69,1,4,112.19,39.13,41.46,15.96,39.52,68.7,43.52,25.64,6,critical_care,>=5_years,high,1,1
V728,cma,87.97,1,4,141.11,47.99,63.67,21.93,54.97,60.54,59.86,26.94,7,critical_care,>=5_years,high,1,1
V728,graphcare,84.25,1,4,156.14,46.36,59.85,18.87,53.3,61.11,54.74,30.32,8,critical_care,>=5_years,high,1,0
V728,bm25,100.43,1,4,210.68,55.57,75.02,18.18,72.07,49.98,71.62,46.55,9,critical_care,>=5_years,high,1,0
V023,llm_rag,158.26,0,3,179.45,57.0,76.47,21.5,74.64,50.32,77.34,41.74,1,emergency,<5_years,low,1,0
V023,control,69.03,1,3,180.52,50.26,60.43,17.83,63.79,58.82,67.97,32.74,2,emergency,<5_years,low,1,0
V023,medcpt,60.27,1,3,129.4,38.33,42.2,18.46,39.76,66.39,43.58,19.61,3,emergency,<5_years,low,1,0
V023,graphcare,56.11,1,3,149.57,39.75,43.39,7.29,44.96,67.85,46.59,28.41,4,emergency,<5_years,low,1,0
V023,cma,63.35,1,3,145.6,40.25,52.13,11.68,42.25,68.78,46.27,20.37,5,emergency,<5_years,low,1,1
V023,sdt,54.02,1,3,113.99,36.85,38.99,14.62,33.87,78.77,29.42,25.42,6,emergency,<5_years,low,1,1
V023,gdt,56.71,1,3,126.77,38.58,51.05,12.01,33.29,76.47,37.94,20.73,7,emergency,<5_years,low,1,1
V023,colbert,54.3,1,3,157.55,34.35,36.12,10.19,35.45,66.75,44.44,13.17,8,emergency,<5_years,low,1,0
V023,bm25,71.0,1,3,203.3,51.08,68.47,14.1,64.68,62.39,64.47,32.36,9,emergency,<5_years,low,1,0
V559,gdt,19.02,1,1,109.06,29.89,24.6,13.18,19.22,79.32,29.86,13.17,1,emergency,>=5_years,low,0,1
V559,bm25,22.63,1,1,188.84,36.4,36.9,10.13,36.14,72.11,40.65,22.45,2,emergency,>=5_years,low,0,0
V559,medcpt,20.64,1,1,151.57,28.63,27.01,4.49,23.04,73.04,26.47,17.72,3,emergency,>=5_years,low,0,0
V559,llm_rag,24.02,1,1,176.58,33.28,27.53,12.92,36.19,80.67,25.84,16.51,4,emergency,>=5_years,low,0,0
V559,cma,22.38,1,1,130.84,30.71,32.15,7.85,23.78,72.47,30.53,17.5,5,emergency,>=5_years,low,0,1
V559,graphcare,20.37,1,1,161.63,32.99,32.69,15.72,18.09,78.08,34.15,19.23,6,emergency,>=5_years,low,0,0
V559,control,21.6,1,1,185.35,38.18,43.34,12.19,30.52,76.96,44.32,21.74,7,emergency,>=5_years,low,0,0
V559,colbert,20.96,1,1,149.7,28.55,25.0,4.27,26.1,79.4,25.71,10.81,8,emergency,>=5_years,low,0,0
V559,sdt,20.1,1,1,102.42,23.75,18.72,1.62,19.16,81.26,11.36,10.36,9,emergency,>=5_years,low,0,1
V899,bm25,105.71,1,5,199.08,58.54,80.93,14.51,80.47,56.4,76.36,42.54,1,critical_care,<5_years,high,3,0
V899,llm_rag,95.65,1,5,166.02,50.49,66.17,21.5,59.84,59.15,62.85,33.4,2,critical_care,<5_years,high,3,0
V899,colbert,105.21,1,5,161.05,51.13,66.27,17.09,62.15,55.7,65.48,40.11,3,critical_care,<5_years,high,3,0
V899,medcpt,101.96,1,5,138.06,51.35,66.09,19.77,63.38,56.58,65.25,37.05,4,critical_care,<5_years,high,3,0
V899,sdt,91.52,1,5,119.42,42.68,49.19,16.15,45.44,67.22,54.09,24.0,5,critical_care,<5_years,high,3,1
V899,cma,108.37,1,5,150.87,53.69,71.34,17.88,70.63,62.37,66.77,33.12,6,critical_care,<5_years,high,3,1
V899,graphcare,97.22,1,5,153.27,45.83,55.16,21.82,52.9,62.5,57.61,25.0,7,critical_care,<5_years,high,3,0
V899,control,117.84,1,5,183.9,57.33,76.15,22.3,72.46,45.51,80.82,46.74,8,critical_care,<5_years,high,3,0
V899,gdt,96.67,1,5,117.48,46.47,55.58,12.76,58.16,64.33,60.32,27.66,9,critical_care,<5_years,high,3,1
V277,graphcare,98.45,1,5,137.79,47.25,64.28,14.54,58.24,50.83,57.02,38.6,1,emergency,>=5_years,high,3,0
V277,bm25,122.8,1,5,188.36,63.29,79.38,28.74,84.76,50.23,82.83,53.77,2,emergency,>=5_years,high,3,0
V277,cma,97.69,1,5,150.04,49.6,65.97,14.17,60.8,54.85,59.09,42.71,3,emergency,>=5_years,high,3,1
V277,gdt,98.87,1,5,132.98,49.27,66.34,16.61,53.97,63.29,60.39,35.0,4,emergency,>=5_years,high,3,1
V277,sdt,84.46,1,5,115.15,38.71,53.89,9.65,43.06,59.15,45.32,21.2,5,emergency,>=5_years,high,3,1
V277,colbert,99.74,1,5,148.46,47.42,57.0,12.33,60.16,59.7,61.3,34.04,6,emergency,>=5_years,high,3,0
V277,medcpt,98.65,1,5,136.19,48.08,63.29,15.98,59.01,55.93,62.82,31.47,7,emergency,>=5_years,high,3,0
V277,control,111.13,1,5,182.57,55.83,71.19,15.96,74.58,50.8,74.87,47.6,8,emergency,>=5_years,high,3,0
V277,llm_rag,95.54,1,5,158.0,48.54,56.47,19.33,58.04,59.83,63.91,33.65,9,emergency,>=5_years,high,3,0
V572,graphcare,42.66,1,2,170.96,33.84,33.79,14.75,33.44,72.02,30.2,18.86,1,internal_medicine,<5_years,low,0,0
V572,bm25,48.33,1,2,193.91,44.12,51.09,20.56,52.46,65.28,48.87,26.48,2,internal_medicine,<5_years,low,0,0
V572,gdt,37.16,1,2,130.29,30.5,35.19,6.65,22.91,71.5,35.17,11.57,3,internal_medicine,<5_years,low,0,1
V572,sdt,40.62,1,2,108.89,29.4,28.53,8.32,23.99,79.24,27.42,8.91,4,internal_medicine,<5_years,low,0,1
V572,llm_rag,41.89,1,2,179.29,36.25,38.61,13.81,33.43,77.35,32.19,22.12,5,internal_medicine,<5_years,low,0,0
V572,medcpt,41.83,1,2,157.16,37.7,34.72,18.44,42.73,68.65,41.3,20.35,6,internal_medicine,<5_years,low,0,0
V572,colbert,43.38,1,2,144.85,36.2,36.35,13.71,40.67,66.17,33.87,26.42,7,internal_medicine,<5_years,low,0,0
V572,control,47.02,1,2,193.49,44.44,58.7,17.49,51.61,64.38,48.05,26.41,8,internal_medicine,<5_years,low,0,0
V572,cma,42.24,1,2,142.51,33.9,38.87,13.48,35.97,67.9,31.75,15.43,9,internal_medicine,<5_years,low,0,1
V469,cma,37.83,1,2,134.19,38.47,40.24,11.92,34.75,73.78,44.7,25.41,1,emergency,>=5_years,low,1,1
V469,sdt,41.59,1,2,118.57,26.9,19.97,6.78,21.39,76.38,18.95,17.95,2,emergency,>=5_years,low,1,1
V469,gdt,39.36,1,2,124.9,33.41,38.2,6.47,33.16,72.48,28.54,21.61,3,emergency,>=5_years,low,1,1
V469,llm_rag,39.76,1,2,167.62,34.84,32.89,13.1,34.66,78.5,33.23,16.7,4,emergency,>=5_years,low,1,0
V469,control,44.68,1,2,214.53,44.94,49.76,16.7,45.52,67.34,54.26,36.04,5,emergency,>=5_years,low,1,0
V469,graphcare,40.03,1,2,144.15,34.84,38.56,8.12,30.16,81.5,37.82,12.9,6,emergency,>=5_years,low,1,0
V469,colbert,39.62,1,2,164.98,37.94,39.57,19.09,31.0,76.61,41.06,20.31,7,emergency,>=5_years,low,1,0
V469,medcpt,40.29,1,2,138.06,36.5,37.63,15.16,30.39,75.49,39.46,20.88,8,emergency,>=5_years,low,1,0
V469,bm25,44.98,1,2,177.82,41.07,46.62,10.0,44.12,70.73,49.4,25.55,9,emergency,>=5_years,low,1,0
V965,gdt,21.53,1,1,174.28,29.67,22.42,9.25,27.37,77.1,26.55,15.34,1,internal_medicine,>=5_years,low,0,1
V965,cma,113.13,0,1,164.49,50.48,59.14,21.65,59.85,64.42,61.72,36.1,2,internal_medicine,>=5_years,low,0,1
V965,llm_rag,18.82,1,1,155.33,33.76,34.0,15.79,22.51,86.15,25.38,18.76,3,internal_medicine,>=5_years,low,0,0
V965,sdt,15.33,1,1,113.37,24.42,20.57,8.29,10.19,83.46,18.84,5.19,4,internal_medicine,>=5_years,low,0,1
V965,control,130.63,0,1,168.92,55.33,75.8,15.65,74.29,51.22,74.7,40.29,5,internal_medicine,>=5_years,low,0,0
V965,bm25,124.75,0,1,179.33,55.97,72.43,26.27,72.14,47.28,76.38,41.29,6,internal_medicine,>=5_years,low,0,0
V965,graphcare,18.24,1,1,141.54,30.03,30.33,3.76,21.82,85.16,26.79,12.34,7,internal_medicine,>=5_years,low,0,0
V965,colbert,20.21,1,1,151.69,28.18,22.72,6.7,26.8,77.75,25.48,9.6,8,internal_medicine,>=5_years,low,0,0
V965,medcpt,120.84,0,1,118.77,49.6,59.05,15.16,54.99,58.9,65.02,44.47,9,internal_medicine,>=5_years,low,0,0
V619,medcpt,16.01,1,1,136.55,30.6,24.04,6.89,26.69,86.4,27.42,12.17,1,critical_care,<5_years,low,0,0
V619,graphcare,23.19,1,1,140.91,28.38,21.07,6.42,21.17,80.01,23.56,18.02,2,critical_care,<5_years,low,0,0
V619,sdt,17.31,1,1,112.55,26.84,23.61,6.09,20.3,85.37,22.62,3.06,3,critical_care,<5_years,low,0,1
V619,colbert,19.37,1,1,147.24,32.97,29.0,14.83,26.45,89.32,26.83,11.41,4,critical_care,<5_years,low,0,0
V619,cma,18.7,1,1,126.09,30.47,31.75,13.19,18.42,79.17,27.47,12.82,5,critical_care,<5_years,low,0,1
V619,control,22.43,1,1,177.73,40.6,49.43,4.27,39.71,81.77,44.1,24.3,6,critical_care,<5_years,low,0,0
V619,llm_rag,18.03,1,1,142.03,29.86,25.95,9.61,27.63,78.25,25.78,11.94,7,critical_care,<5_years,low,0,0
V619,gdt,18.36,1,1,135.44,25.1,30.76,5.11,10.12,73.95,19.18,11.48,8,critical_care,<5_years,low,0,1
V619,bm25,27.32,1,1,221.56,39.45,50.49,8.74,42.07,68.98,40.64,25.81,9,critical_care,<5_years,low,0,0
V401,control,300.0,0,5,198.04,73.25,100.0,39.23,100.0,10.65,100.0,89.62,1,hospital_medicine,<5_years,high,2,0
V401,cma,300.0,0,5,143.76,70.15,100.0,31.95,100.0,20.6,100.0,68.35,2,hospital_medicine,<5_years,high,2,1
V401,sdt,184.95,0,5,111.03,58.53,80.26,27.34,78.8,45.45,78.04,41.27,3,hospital_medicine,<5_years,high,2,1
V401,colbert,300.0,0,5,159.34,70.16,100.0,27.74,100.0,16.13,100.0,77.09,4,hospital_medicine,<5_years,high,2,0
V401,bm25,216.22,0,5,191.08,70.13,100.0,30.93,100.0,26.94,100.0,62.93,5,hospital_medicine,<5_years,high,2,0
V401,medcpt,300.0,0,5,136.09,72.81,100.0,36.0,100.0,23.68,100.0,77.21,6,hospital_medicine,<5_years,high,2,0
V401,graphcare,300.0,0,5,155.45,69.96,100.0,35.82,100.0,14.64,100.0,69.32,7,hospital_medicine,<5_years,high,2,0
V401,gdt,300.0,0,5,116.18,70.7,100.0,37.87,100.0,15.59,100.0,70.75,8,hospital_medicine,<5_years,high,2,1
V401,llm_rag,289.98,0,5,156.14,70.57,100.0,30.76,100.0,18.29,100.0,74.39,9,hospital_medicine,<5_years,high,2,0
V203,graphcare,96.28,1,5,154.93,45.41,61.5,18.03,52.32,52.22,59.77,28.63,1,critical_care,<5_years,high,4,0
V203,llm_rag,97.91,1,5,156.29,51.5,64.75,18.1,61.93,66.96,60.44,36.85,2,critical_care,<5_years,high,4,0
V203,sdt,90.66,1,5,107.27,41.16,47.58,14.49,43.34,63.15,54.58,23.81,3,critical_care,<5_years,high,4,1
V203,gdt,92.9,1,5,138.49,45.35,63.74,16.52,54.86,58.51,49.12,29.38,4,critical_care,<5_years,high,4,1
V203,medcpt,108.08,1,5,135.34,50.11,64.31,14.81,61.46,54.8,66.7,38.57,5,critical_care,<5_years,high,4,0
V203,bm25,115.5,1,5,195.53,58.84,73.86,24.24,80.53,41.24,82.64,50.52,6,critical_care,<5_years,high,4,0
V203,cma,96.41,1,5,151.75,50.08,64.29,14.3,58.26,59.92,63.26,40.43,7,critical_care,<5_years,high,4,1
V203,colbert,97.6,1,5,160.88,49.89,62.97,15.39,58.26,62.64,69.36,30.75,8,critical_care,<5_years,high,4,0
V203,control,120.26,1,5,195.92,61.34,80.61,25.25,82.1,52.09,81.97,46.04,9,critical_care,<5_years,high,4,0
V960,control,40.05,1,2,194.3,42.15,50.86,12.39,45.69,72.16,43.22,28.57,1,hospital_medicine,>=5_years,low,1,0
V960,cma,39.8,1,2,124.41,34.57,34.75,10.41,41.79,69.19,38.18,13.11,2,hospital_medicine,>=5_years,low,1,1
V960,sdt,36.38,1,2,113.4,27.84,26.14,8.43,19.73,80.91,24.37,7.43,3,hospital_medicine,>=5_years,low,1,1
V960,medcpt,37.41,1,2,136.62,34.84,37.87,9.18,32.75,73.99,35.3,19.95,4,hospital_medicine,>=5_years,low,1,0
V960,llm_rag,126.48,0,2,166.48,46.74,55.98,15.95,58.86,50.78,64.84,34.03,5,hospital_medicine,>=5_years,low,1,0
V960,gdt,39.47,1,2,129.86,33.02,38.79,9.58,29.6,76.38,33.29,10.48,6,hospital_medicine,>=5_years,low,1,1
V960,bm25,57.99,1,2,195.73,45.61,58.96,17.9,48.98,64.38,58.36,25.05,7,hospital_medicine,>=5_years,low,1,0
V960,colbert,37.43,1,2,153.6,36.55,41.73,16.87,32.89,76.64,38.31,12.88,8,hospital_medicine,>=5_years,low,1,0
V960,graphcare,33.44,1,2,143.53,34.5,37.12,13.54,31.3,71.2,40.3,13.52,9,hospital_medicine,>=5_years,low,1,0
V180,gdt,18.35,1,1,133.94,28.67,25.93,8.81,18.17,88.29,18.68,12.12,1,critical_care,>=5_years,low,0,1
V180,cma,20.25,1,1,189.82,30.13,21.36,3.36,28.1,81.07,33.22,13.68,2,critical_care,>=5_years,low,0,1
V180,graphcare,21.03,1,1,130.03,30.62,29.5,4.52,24.02,81.65,25.24,18.82,3,critical_care,>=5_years,low,0,0
V180,control,22.06,1,1,161.89,37.68,47.22,9.16,36.86,70.07,43.44,19.34,4,critical_care,>=5_years,low,0,0
V180,colbert,22.1,1,1,158.3,29.91,30.04,9.94,22.55,76.55,28.81,11.54,5,critical_care,>=5_years,low,0,0
V180,medcpt,23.84,1,1,154.68,31.73,32.19,7.2,22.6,75.85,36.92,15.66,6,critical_care,>=5_years,low,0,0
V180,bm25,22.0,1,1,174.54,36.17,42.73,10.6,34.65,69.45,36.31,23.26,7,critical_care,>=5_years,low,0,0
V180,sdt,17.87,1,1,90.32,27.17,21.53,10.71,22.08,86.72,14.02,7.98,8,critical_care,>=5_years,low,0,1
V180,llm_rag,20.19,1,1,164.67,29.6,29.09,6.23,20.46,81.43,23.71,16.68,9,critical_care,>=5_years,low,0,0
V803,control,68.34,1,3,223.17,49.93,65.53,17.0,59.26,63.37,62.88,31.55,1,critical_care,<5_years,high,2,0
V803,sdt,55.91,1,3,120.92,30.79,30.45,4.68,28.41,67.7,35.43,18.09,2,critical_care,<5_years,high,2,1
V803,llm_rag,54.49,1,3,186.35,35.9,42.65,7.48,32.46,74.55,39.76,18.53,3,critical_care,<5_years,high,2,0
V803,graphcare,56.51,1,3,137.44,38.42,41.48,18.3,43.84,64.58,36.75,25.57,4,critical_care,<5_years,high,2,0
V803,bm25,76.77,1,3,203.44,51.51,62.43,16.72,63.05,56.02,64.33,46.53,5,critical_care,<5_years,high,2,0
V803,gdt,49.72,1,3,143.76,34.65,36.19,17.13,32.39,66.92,37.45,17.83,6,critical_care,<5_years,high,2,1
V803,colbert,56.72,1,3,178.15,37.59,44.28,5.5,35.98,70.49,40.98,28.28,7,critical_care,<5_years,high,2,0
V803,cma,64.48,1,3,152.05,42.1,44.55,16.49,42.43,71.45,48.33,29.35,8,critical_care,<5_years,high,2,1
V803,medcpt,55.18,1,3,141.97,39.2,44.06,10.11,50.18,69.36,42.14,19.33,9,critical_care,<5_years,high,2,0
V436,bm25,124.08,1,5,186.9,63.67,89.84,21.96,87.74,49.95,87.56,44.97,1,critical_care,<5_years,high,3,0
V436,colbert,94.93,1,5,150.5,46.08,62.71,17.2,57.43,57.88,55.15,26.14,2,critical_care,<5_years,high,3,0
V436,llm_rag,96.81,1,5,149.72,48.61,59.04,19.32,56.51,57.95,62.35,36.49,3,critical_care,<5_years,high,3,0
V436,control,128.37,1,5,176.31,60.76,82.5,22.37,79.64,45.47,79.43,55.14,4,critical_care,<5_years,high,3,0
V436,medcpt,97.95,1,5,142.74,50.34,65.28,19.62,62.99,61.44,61.38,31.34,5,critical_care,<5_years,high,3,0
V436,sdt,91.02,1,5,112.78,42.55,54.07,17.27,44.53,65.3,49.19,24.96,6,critical_care,<5_years,high,3,1
V436,graphcare,95.02,1,5,145.12,48.34,68.64,14.45,58.98,62.91,56.07,29.01,7,critical_care,<5_years,high,3,0
V436,cma,102.44,1,5,148.57,51.22,69.67,19.69,58.12,60.02,68.55,31.27,8,critical_care,<5_years,high,3,1
V436,gdt,92.54,1,5,117.9,47.95,59.16,18.09,63.67,61.38,52.42,32.99,9,critical_care,<5_years,high,3,1
V426,llm_rag,56.93,1,3,155.85,41.04,45.81,21.0,43.16,73.86,42.72,19.67,1,critical_care,>=5_years,high,2,0
V426,gdt,65.22,1,3,124.59,35.19,43.57,10.32,31.98,64.3,41.18,19.78,2,critical_care,>=5_years,high,2,1
V426,bm25,67.37,1,3,177.68,48.46,58.04,19.63,61.22,58.71,51.49,41.63,3,critical_care,>=5_years,high,2,0
V426,control,65.09,1,3,167.11,47.91,65.91,15.99,51.82,58.63,63.64,31.44,4,critical_care,>=5_years,high,2,0
V426,cma,59.95,1,3,143.26,43.01,45.73,15.1,47.02,74.35,45.17,30.71,5,critical_care,>=5_years,high,2,1
V426,medcpt,56.8,1,3,140.99,41.57,42.92,17.77,37.6,72.25,53.28,25.6,6,critical_care,>=5_years,high,2,0
V426,graphcare,55.45,1,3,159.08,39.15,44.78,12.7,38.38,71.71,43.81,23.54,7,critical_care,>=5_years,high,2,0
V426,sdt,57.24,1,3,117.16,34.38,31.37,7.82,33.95,77.57,37.27,18.32,8,critical_care,>=5_years,high,2,1
V426,colbert,56.8,1,3,161.11,38.25,44.94,13.11,34.73,68.41,40.52,27.77,9,critical_care,>=5_years,high,2,0
V999,graphcare,96.9,1,5,146.19,46.81,51.96,26.27,57.88,59.33,58.33,27.13,1,hospital_medicine,<5_years,high,3,0
V999,llm_rag,101.4,1,5,156.93,47.59,62.82,15.14,60.31,56.43,54.42,36.41,2,hospital_medicine,<5_years,high,3,0
V999,gdt,93.72,1,5,123.34,47.02,54.26,17.02,54.31,61.48,64.52,30.55,3,hospital_medicine,<5_years,high,3,1
V999,medcpt,100.64,1,5,141.5,47.56,64.72,15.62,57.9,56.95,56.7,33.46,4,hospital_medicine,<5_years,high,3,0
V999,sdt,85.88,1,5,107.25,41.81,53.3,12.56,39.01,75.16,46.09,24.77,5,hospital_medicine,<5_years,high,3,1
V999,colbert,95.82,1,5,163.55,50.31,72.47,17.15,53.49,63.23,59.61,35.92,6,hospital_medicine,<5_years,high,3,0
V999,bm25,114.9,1,5,196.27,60.01,82.06,18.01,81.62,50.5,80.72,47.13,7,hospital_medicine,<5_years,high,3,0
V999,cma,100.16,1,5,141.75,51.03,65.76,19.21,56.69,59.73,65.79,39.01,8,hospital_medicine,<5_years,high,3,1
V999,control,125.18,1,5,191.49,61.4,84.92,27.18,81.83,38.92,80.85,54.69,9,hospital_medicine,<5_years,high,3,0
V425,sdt,56.96,1,3,116.6,33.51,41.1,15.42,23.77,71.53,35.93,13.32,1,emergency,<5_years,low,1,1
V425,bm25,67.41,1,3,194.04,49.56,66.18,26.03,53.72,56.93,57.52,36.96,2,emergency,<5_years,low,1,0
V425,cma,64.09,1,3,147.52,44.4,53.87,14.71,42.52,71.43,52.7,31.19,3,emergency,<5_years,low,1,1
V425,medcpt,60.56,1,3,133.28,39.68,47.31,12.55,34.61,73.58,41.92,28.15,4,emergency,<5_years,low,1,0
V425,gdt,61.75,1,3,129.95,36.56,44.94,3.66,37.39,65.1,39.97,28.32,5,emergency,<5_years,low,1,1
V425,colbert,56.35,1,3,151.43,38.62,45.92,15.05,40.78,68.18,43.65,18.17,6,emergency,<5_years,low,1,0
V425,llm_rag,56.04,1,3,155.11,40.0,48.08,11.9,47.26,70.51,41.29,20.92,7,emergency,<5_years,low,1,0
V425,control,71.17,1,3,181.81,49.77,65.77,8.95,60.04,61.57,64.24,38.06,8,emergency,<5_years,low,1,0
V425,graphcare,54.02,1,3,136.18,36.95,43.36,7.67,33.9,70.6,44.39,21.81,9,emergency,<5_years,low,1,0
V538,bm25,92.64,1,4,191.66,51.49,69.71,13.45,68.4,47.58,70.77,39.02,1,critical_care,>=5_years,high,3,0
V538,graphcare,300.0,0,4,147.43,70.2,100.0,34.84,100.0,18.98,100.0,67.35,2,critical_care,>=5_years,high,3,0
V538,gdt,300.0,0,4,131.1,69.64,100.0,29.77,100.0,19.26,100.0,68.82,3,critical_care,>=5_years,high,3,1
V538,sdt,269.03,0,4,100.71,69.26,100.0,32.63,99.9,26.78,98.25,58.01,4,critical_care,>=5_years,high,3,1
V538,medcpt,300.0,0,4,147.73,70.22,100.0,26.13,100.0,20.51,100.0,74.65,5,critical_care,>=5_years,high,3,0
V538,control,300.0,0,4,193.54,72.39,100.0,38.3,100.0,14.4,100.0,81.64,6,critical_care,>=5_years,high,3,0
V538,cma,300.0,0,4,144.03,73.14,100.0,43.22,100.0,22.41,100.0,73.2,7,critical_care,>=5_years,high,3,1
V538,llm_rag,285.42,0,4,168.96,70.32,100.0,33.29,100.0,21.51,100.0,67.1,8,critical_care,>=5_years,high,3,0
V538,colbert,300.0,0,4,160.56,70.43,100.0,32.53,100.0,14.35,100.0,75.69,9,critical_care,>=5_years,high,3,0
V980,graphcare,19.88,1,1,132.45,30.04,24.01,6.83,25.48,82.36,32.25,9.33,1,internal_medicine,<5_years,low,0,0
V980,sdt,17.97,1,1,116.74,23.05,13.36,12.53,8.97,82.74,17.29,3.41,2,internal_medicine,<5_years,low,0,1
V980,llm_rag,15.99,1,1,166.4,27.83,27.47,6.67,24.63,88.11,17.75,2.36,3,internal_medicine,<5_years,low,0,0
V980,control,21.62,1,1,185.66,37.37,45.67,6.57,42.75,69.22,36.55,23.46,4,internal_medicine,<5_years,low,0,0
V980,colbert,19.06,1,1,153.45,26.73,23.16,6.56,23.97,73.25,22.53,10.91,5,internal_medicine,<5_years,low,0,0
V980,medcpt,20.52,1,1,123.13,27.93,26.63,8.45,26.4,71.89,27.05,7.15,6,internal_medicine,<5_years,low,0,0
V980,bm25,24.76,1,1,203.39,39.9,44.49,17.97,42.25,75.67,37.38,21.66,7,internal_medicine,<5_years,low,0,0
V980,cma,21.52,1,1,156.83,33.38,36.42,13.21,27.28,73.21,32.52,17.64,8,internal_medicine,<5_years,low,0,1
V980,gdt,22.77,1,1,132.89,31.45,30.59,9.94,23.13,79.66,31.1,14.28,9,internal_medicine,<5_years,low,0,1
V505,gdt,33.89,1,2,131.6,33.26,34.44,2.97,29.32,76.91,38.4,17.51,1,internal_medicine,<5_years,low,1,1
V505,sdt,32.42,1,2,118.74,30.3,28.53,11.75,25.39,77.0,29.5,9.65,2,internal_medicine,<5_years,low,1,1
V505,cma,40.21,1,2,135.59,34.77,40.57,5.9,31.43,72.24,40.03,18.44,3,internal_medicine,<5_years,low,1,1
V505,control,38.43,1,2,186.76,43.75,48.84,9.17,51.98,72.01,46.73,33.76,4,internal_medicine,<5_years,low,1,0
V505,medcpt,41.85,1,2,148.43,34.22,40.76,11.84,26.65,70.06,37.98,18.05,5,internal_medicine,<5_years,low,1,0
V505,graphcare,38.49,1,2,131.18,34.6,36.23,14.34,29.76,79.7,29.4,18.15,6,internal_medicine,<5_years,low,1,0
V505,llm_rag,40.52,1,2,152.34,34.46,35.94,4.47,32.49,76.95,34.13,22.82,7,internal_medicine,<5_years,low,1,0
V505,bm25,163.62,0,2,180.37,62.99,92.36,22.9,84.81,49.91,83.97,43.97,8,internal_medicine,<5_years,low,1,0
V505,colbert,37.8,1,2,169.05,33.18,29.98,11.93,28.27,74.99,38.57,15.35,9,internal_medicine,<5_years,low,1,0
V823,llm_rag,66.55,1,3,159.85,38.75,44.92,8.56,41.36,73.56,39.3,24.77,1,internal_medicine,<5_years,low,1,0
V823,graphcare,161.52,0,3,172.04,58.01,78.01,26.13,72.63,50.91,75.68,44.72,2,internal_medicine,<5_years,low,1,0
V823,control,181.35,0,3,194.63,68.66,100.0,28.57,95.99,33.74,94.75,58.91,3,internal_medicine,<5_years,low,1,0
V823,medcpt,152.15,0,3,138.7,59.77,81.87,23.63,73.31,54.79,82.12,42.9,4,internal_medicine,<5_years,low,1,0
V823,bm25,185.88,0,3,195.68,69.92,100.0,25.34,95.41,32.94,100.0,65.81,5,internal_medicine,<5_years,low,1,0
V823,cma,165.55,0,3,149.05,58.55,83.4,25.74,74.9,45.9,76.2,45.15,6,internal_medicine,<5_years,low,1,1
V823,colbert,153.3,0,3,158.14,53.48,79.29,17.93,68.23,42.28,72.38,40.79,7,internal_medicine,<5_years,low,1,0
V823,gdt,53.49,1,3,131.18,37.44,36.76,11.42,35.37,71.58,46.78,22.73,8,internal_medicine,<5_years,low,1,1
V823,sdt,53.81,1,3,124.49,35.39,37.69,12.25,33.35,78.77,30.75,19.53,9,internal_medicine,<5_years,low,1,1
V306,llm_rag,171.34,0,4,157.89,57.48,77.69,28.94,74.23,43.34,78.07,42.63,1,emergency,<5_years,high,3,0
V306,gdt,76.24,1,4,132.84,43.25,60.23,19.65,42.07,66.26,45.3,26.0,2,emergency,<5_years,high,3,1
V306,cma,174.81,0,4,142.68,59.24,90.47,17.65,79.56,38.92,82.52,46.35,3,emergency,<5_years,high,3,1
V306,control,215.06,0,4,183.53,70.41,100.0,30.91,100.0,25.96,100.0,65.6,4,emergency,<5_years,high,3,0
V306,graphcare,171.49,0,4,160.57,59.95,81.11,25.76,79.3,44.26,80.27,48.98,5,emergency,<5_years,high,3,0
V306,colbert,276.46,0,4,144.07,69.85,100.0,29.68,100.0,24.59,100.0,64.86,6,emergency,<5_years,high,3,0
V306,sdt,69.81,1,4,114.26,37.97,48.62,13.09,33.89,68.71,43.4,20.12,7,emergency,<5_years,high,3,1
V306,bm25,204.59,0,4,194.52,69.76,100.0,26.55,97.64,30.8,100.0,63.56,8,emergency,<5_years,high,3,0
V306,medcpt,192.85,0,4,132.54,61.25,96.82,19.88,84.19,28.67,87.71,50.24,9,emergency,<5_years,high,3,0
V373,graphcare,92.59,1,5,153.56,45.96,57.1,16.73,57.06,59.48,55.17,30.21,1,emergency,>=5_years,high,2,0
V373,colbert,298.38,0,5,153.39,71.47,100.0,37.08,100.0,18.67,100.0,73.06,2,emergency,>=5_years,high,2,0
V373,sdt,93.13,1,5,108.35,44.75,56.79,15.77,48.18,67.7,50.07,29.96,3,emergency,>=5_years,high,2,1
V373,llm_rag,95.64,1,5,158.2,46.37,64.06,19.98,46.9,58.7,57.67,30.93,4,emergency,>=5_years,high,2,0
V373,medcpt,105.92,1,5,141.69,49.29,66.81,13.08,59.8,50.25,76.93,28.86,5,emergency,>=5_years,high,2,0
V373,bm25,120.08,1,5,203.35,56.35,84.01,18.59,76.46,46.78,71.57,40.71,6,emergency,>=5_years,high,2,0
V373,cma,105.5,1,5,160.21,51.09,64.31,17.7,62.15,57.96,68.51,35.95,7,emergency,>=5_years,high,2,1
V373,gdt,97.56,1,5,118.96,45.82,57.44,21.28,53.26,55.91,60.62,26.43,8,emergency,>=5_years,high,2,1
V373,control,118.8,1,5,193.3,60.94,78.2,29.26,82.53,48.47,78.32,48.87,9,emergency,>=5_years,high,2,0
V591,medcpt,56.62,1,3,144.59,36.13,36.52,11.05,33.48,69.35,44.9,21.46,1,critical_care,<5_years,high,2,0
V591,sdt,53.66,1,3,119.81,32.27,33.87,7.12,21.71,76.28,33.58,21.06,2,critical_care,<5_years,high,2,1
V591,cma,56.84,1,3,142.81,37.26,49.48,13.36,40.2,58.0,44.26,18.24,3,critical_care,<5_years,high,2,1
V591,gdt,53.01,1,3,130.51,37.79,43.43,17.47,39.52,75.95,39.29,11.09,4,critical_care,<5_years,high,2,1
V591,llm_rag,55.96,1,3,176.67,38.82,50.84,6.57,38.72,71.82,43.09,21.89,5,critical_care,<5_years,high,2,0
V591,control,70.29,1,3,202.6,54.0,69.24,18.18,66.2,63.22,64.07,43.1,6,critical_care,<5_years,high,2,0
V591,graphcare,55.89,1,3,142.88,41.21,46.53,7.14,43.05,74.93,46.73,28.89,7,critical_care,<5_years,high,2,0
V591,colbert,59.25,1,3,163.82,39.55,51.99,14.27,37.4,70.97,41.94,20.74,8,critical_care,<5_years,high,2,0
V591,bm25,62.35,1,3,197.63,49.08,62.32,12.86,60.45,61.54,60.28,37.0,9,critical_care,<5_years,high,2,0
V768,graphcare,97.02,1,5,147.5,47.97,59.61,21.03,56.82,63.44,52.89,34.05,1,critical_care,<5_years,high,3,0
V768,sdt,89.07,1,5,117.87,40.16,51.14,10.71,42.94,65.41,46.2,24.54,2,critical_care,<5_years,high,3,1
V768,medcpt,101.2,1,5,148.53,48.64,61.38,15.72,64.63,53.38,53.93,42.77,3,critical_care,<5_years,high,3,0
V768,control,123.45,1,5,184.84,60.7,86.77,19.13,84.8,42.7,77.48,53.3,4,critical_care,<5_years,high,3,0
V768,llm_rag,97.95,1,5,159.27,46.93,61.81,15.37,54.5,54.13,61.69,34.08,5,critical_care,<5_years,high,3,0
V768,gdt,98.2,1,5,121.77,47.29,55.02,17.33,56.79,56.68,67.39,30.51,6,critical_care,<5_years,high,3,1
V768,bm25,118.54,1,5,191.82,53.66,78.29,20.69,70.65,33.39,70.55,48.42,7,critical_care,<5_years,high,3,0
V768,cma,93.84,1,5,135.59,49.98,68.95,11.75,65.75,57.88,63.72,31.86,8,critical_care,<5_years,high,3,1
V768,colbert,97.3,1,5,155.8,48.79,63.58,10.95,60.45,61.78,60.07,35.89,9,critical_care,<5_years,high,3,0
V744,colbert,58.41,1,3,169.56,40.35,49.01,18.86,40.11,73.2,37.92,23.02,1,hospital_medicine,<5_years,low,1,0
V744,medcpt,56.64,1,3,137.25,38.89,40.53,17.53,43.67,64.21,40.07,27.31,2,hospital_medicine,<5_years,low,1,0
V744,bm25,69.97,1,3,192.51,51.97,65.5,21.13,64.6,53.62,67.15,39.8,3,hospital_medicine,<5_years,low,1,0
V744,llm_rag,53.75,1,3,158.47,37.89,36.54,16.49,37.17,70.7,40.41,26.02,4,hospital_medicine,<5_years,low,1,0
V744,cma,58.3,1,3,133.94,39.88,49.26,13.58,35.87,69.17,45.47,25.96,5,hospital_medicine,<5_years,low,1,1
V744,control,66.62,1,3,184.18,49.2,62.24,15.17,61.64,65.55,55.73,34.86,6,hospital_medicine,<5_years,low,1,0
V744,gdt,61.06,1,3,128.8,40.85,46.8,13.88,43.92,70.98,44.12,25.38,7,hospital_medicine,<5_years,low,1,1
V744,graphcare,58.77,1,3,141.18,36.96,41.96,9.32,40.35,67.33,40.94,21.88,8,hospital_medicine,<5_years,low,1,0
V744,sdt,52.78,1,3,109.08,30.68,26.02,13.55,31.98,75.96,27.01,9.54,9,hospital_medicine,<5_years,low,1,1
V921,sdt,18.33,1,1,127.9,23.63,17.76,12.24,11.02,75.23,22.5,3.01,1,internal_medicine,>=5_years,low,0,1
V921,llm_rag,19.41,1,1,175.24,28.34,24.39,15.45,21.86,72.97,32.5,2.84,2,internal_medicine,>=5_years,low,0,0
V921,medcpt,19.82,1,1,137.59,30.25,29.54,6.08,29.59,72.96,26.39,16.92,3,internal_medicine,>=5_years,low,0,0
V921,bm25,23.32,1,1,208.8,39.49,38.99,12.42,36.05,79.96,38.89,30.6,4,internal_medicine,>=5_years,low,0,0
V921,control,22.87,1,1,175.99,39.46,38.56,6.58,44.38,75.4,38.7,33.14,5,internal_medicine,>=5_years,low,0,0
V921,gdt,18.48,1,1,159.82,31.77,28.56,8.18,28.52,90.49,22.82,12.02,6,internal_medicine,>=5_years,low,0,1
V921,cma,23.21,1,1,129.4,30.68,34.77,7.07,21.75,76.15,25.2,19.1,7,internal_medicine,>=5_years,low,0,1
V921,graphcare,18.88,1,1,158.95,28.82,20.81,0.0,27.68,82.71,24.26,17.45,8,internal_medicine,>=5_years,low,0,0
V921,colbert,22.02,1,1,173.92,29.13,26.64,9.79,19.39,79.19,25.32,14.44,9,internal_medicine,>=5_years,low,0,0
V078,graphcare,100.37,1,5,155.48,47.18,66.51,13.2,55.1,55.97,62.51,29.8,1,hospital_medicine,<5_years,high,4,0
V078,bm25,111.94,1,5,196.69,54.17,85.73,11.41,66.15,46.53,72.57,42.65,2,hospital_medicine,<5_years,high,4,0
V078,sdt,92.25,1,5,108.97,41.99,54.69,14.09,45.46,65.45,48.4,23.84,3,hospital_medicine,<5_years,high,4,1
V078,colbert,99.13,1,5,139.79,48.07,68.69,22.42,52.7,54.18,65.07,25.35,4,hospital_medicine,<5_years,high,4,0
V078,medcpt,99.96,1,5,147.65,48.49,68.88,12.8,54.5,57.73,59.09,37.97,5,hospital_medicine,<5_years,high,4,0
V078,cma,95.03,1,5,146.63,49.58,60.71,21.15,58.9,55.19,67.3,34.25,6,hospital_medicine,<5_years,high,4,1
V078,control,114.95,1,5,195.18,58.41,82.75,21.34,75.47,48.98,78.36,43.59,7,hospital_medicine,<5_years,high,4,0
V078,llm_rag,300.0,0,5,163.48,69.56,100.0,36.48,100.0,14.36,100.0,66.51,8,hospital_medicine,<5_years,high,4,0
V078,gdt,90.24,1,5,122.21,43.89,57.92,15.26,56.18,58.5,47.94,27.55,9,hospital_medicine,<5_years,high,4,1
V102,llm_rag,98.53,1,5,169.58,49.16,63.49,17.58,68.92,53.94,57.23,33.79,1,hospital_medicine,>=5_years,high,2,0
V102,graphcare,98.28,1,5,157.26,48.33,57.9,17.41,56.31,59.36,59.08,39.9,2,hospital_medicine,>=5_years,high,2,0
V102,gdt,100.39,1,5,132.04,47.16,64.46,13.83,59.04,50.61,58.78,36.24,3,hospital_medicine,>=5_years,high,2,1
V102,colbert,91.9,1,5,156.7,46.03,55.34,17.34,55.35,62.22,60.8,25.09,4,hospital_medicine,>=5_years,high,2,0
V102,bm25,119.46,1,5,182.98,59.81,82.47,23.68,79.61,47.28,83.57,42.24,5,hospital_medicine,>=5_years,high,2,0
V102,sdt,93.24,1,5,119.87,42.35,57.5,15.49,50.16,59.47,50.25,21.23,6,hospital_medicine,>=5_years,high,2,1
V102,control,128.82,1,5,182.23,61.18,85.84,28.57,79.94,46.95,84.59,41.21,7,hospital_medicine,>=5_years,high,2,0
V102,medcpt,104.36,1,5,127.67,48.5,69.76,18.51,53.85,59.81,62.54,26.52,8,hospital_medicine,>=5_years,high,2,0
V102,cma,108.21,1,5,147.56,48.01,63.95,18.29,63.71,52.29,55.57,34.27,9,hospital_medicine,>=5_years,high,2,1
V303,colbert,60.26,1,3,168.67,39.09,42.14,13.41,46.92,69.51,42.71,19.86,1,hospital_medicine,<5_years,high,2,0
V303,control,80.79,1,3,167.35,51.62,70.65,12.19,62.39,56.4,68.73,39.36,2,hospital_medicine,<5_years,high,2,0
V303,gdt,57.74,1,3,117.2,36.39,39.96,10.25,26.36,70.8,45.21,25.77,3,hospital_medicine,<5_years,high,2,1
V303,sdt,53.64,1,3,103.65,29.66,32.17,4.22,25.23,74.04,29.07,13.22,4,hospital_medicine,<5_years,high,2,1
V303,bm25,69.64,1,3,194.51,49.65,64.68,14.88,64.49,61.17,57.12,35.56,5,hospital_medicine,<5_years,high,2,0
V303,graphcare,64.47,1,3,138.82,39.29,43.32,22.43,42.44,63.22,42.61,21.71,6,hospital_medicine,<5_years,high,2,0
V303,llm_rag,51.87,1,3,163.93,35.74,38.14,9.48,33.59,75.65,43.67,13.92,7,hospital_medicine,<5_years,high,2,0
V303,cma,58.14,1,3,141.85,41.07,44.84,10.11,53.18,72.69,42.18,23.44,8,hospital_medicine,<5_years,high,2,1
V303,medcpt,57.63,1,3,148.14,41.66,48.66,6.55,42.92,73.53,50.72,27.6,9,hospital_medicine,<5_years,high,2,0
V453,graphcare,56.88,1,3,143.56,41.11,42.09,19.39,46.69,76.55,38.45,23.45,1,hospital_medicine,<5_years,low,1,0
V453,colbert,59.95,1,3,160.22,38.16,47.97,10.83,39.53,75.01,38.24,17.38,2,hospital_medicine,<5_years,low,1,0
V453,control,66.97,1,3,178.61,49.5,63.56,21.09,58.16,53.7,63.94,36.57,3,hospital_medicine,<5_years,low,1,0
V453,bm25,67.31,1,3,186.2,48.3,66.16,19.67,57.47,48.59,63.79,34.13,4,hospital_medicine,<5_years,low,1,0
V453,gdt,58.08,1,3,145.83,38.01,45.48,6.26,35.64,71.94,42.06,26.69,5,hospital_medicine,<5_years,low,1,1
V453,cma,58.8,1,3,142.15,41.07,51.11,7.85,41.61,78.35,39.87,27.62,6,hospital_medicine,<5_years,low,1,1
V453,medcpt,61.58,1,3,138.95,39.44,48.25,12.46,39.23,68.19,40.7,27.84,7,hospital_medicine,<5_years,low,1,0
V453,llm_rag,55.96,1,3,161.62,36.21,48.03,9.59,37.62,66.74,40.25,15.04,8,hospital_medicine,<5_years,low,1,0
V453,sdt,52.05,1,3,120.25,30.59,24.08,9.25,32.45,71.94,34.72,11.09,9,hospital_medicine,<5_years,low,1,1
V161,graphcare,94.84,1,5,151.54,46.66,65.79,14.15,54.96,55.26,57.32,32.49,1,emergency,>=5_years,high,1,0
V161,llm_rag,102.01,1,5,165.24,48.55,63.09,18.04,57.17,54.24,60.78,37.96,2,emergency,>=5_years,high,1,0
V161,medcpt,99.36,1,5,140.94,47.29,60.09,16.81,58.45,61.5,54.49,32.39,3,emergency,>=5_years,high,1,0
V161,gdt,96.93,1,5,126.02,46.33,50.32,13.17,60.7,62.46,59.61,31.75,4,emergency,>=5_years,high,1,1
V161,bm25,112.28,1,5,181.28,58.61,84.3,19.61,82.05,46.15,77.86,41.69,5,emergency,>=5_years,high,1,0
V161,cma,108.82,1,5,137.66,50.62,65.84,21.23,60.21,55.56,64.07,36.81,6,emergency,>=5_years,high,1,1
V161,sdt,92.85,1,5,111.7,44.45,50.34,23.8,43.2,65.99,54.8,28.58,7,emergency,>=5_years,high,1,1
V161,control,110.66,1,5,195.32,53.43,80.37,11.46,69.0,43.41,74.9,41.46,8,emergency,>=5_years,high,1,0
V161,colbert,94.86,1,5,152.34,50.26,56.86,13.38,59.92,65.78,63.33,42.29,9,emergency,>=5_years,high,1,0
V059,cma,137.44,0,2,143.21,54.77,74.17,25.85,71.35,55.97,60.59,40.72,1,critical_care,>=5_years,low,0,1
V059,medcpt,41.73,1,2,137.85,34.07,43.67,7.95,29.62,73.86,34.39,14.89,2,critical_care,>=5_years,low,0,0
V059,bm25,154.52,0,2,190.85,62.23,88.86,26.68,82.34,41.59,87.15,46.73,3,critical_care,>=5_years,low,0,0
V059,llm_rag,42.04,1,2,180.36,34.39,35.6,5.31,33.39,78.93,29.55,23.59,4,critical_care,>=5_years,low,0,0
V059,colbert,33.44,1,2,151.59,34.37,30.79,10.86,34.95,80.14,32.92,16.53,5,critical_care,>=5_years,low,0,0
V059,sdt,33.14,1,2,105.39,32.5,28.5,14.3,24.61,84.11,28.49,15.02,6,critical_care,>=5_years,low,0,1
V059,control,161.44,0,2,194.66,64.11,91.28,24.79,81.07,41.88,90.3,55.37,7,critical_care,>=5_years,low,0,0
V059,gdt,35.0,1,2,130.52,31.78,32.55,8.86,28.85,80.77,28.96,10.68,8,critical_care,>=5_years,low,0,1
V059,graphcare,122.34,0,2,135.01,48.77,64.04,13.49,55.07,60.64,66.53,32.82,9,critical_care,>=5_years,low,0,0
V227,medcpt,82.58,1,4,143.14,44.9,51.09,13.88,44.05,73.48,50.3,36.59,1,internal_medicine,<5_years,high,1,0
V227,llm_rag,78.7,1,4,167.85,42.53,41.4,18.05,52.81,65.62,47.49,29.8,2,internal_medicine,<5_years,high,1,0
V227,colbert,83.08,1,4,164.72,43.86,52.62,14.93,52.95,60.75,53.35,28.53,3,internal_medicine,<5_years,high,1,0
V227,control,96.6,1,4,199.02,54.37,77.87,10.57,74.96,53.31,68.27,41.22,4,internal_medicine,<5_years,high,1,0
V227,graphcare,77.69,1,4,151.66,44.27,51.03,13.22,44.44,65.04,54.95,36.92,5,internal_medicine,<5_years,high,1,0
V227,sdt,67.49,1,4,105.24,36.25,41.47,9.06,30.39,74.1,43.91,18.54,6,internal_medicine,<5_years,high,1,1
V227,gdt,77.77,1,4,125.94,41.42,47.69,14.79,45.46,67.22,50.43,22.94,7,internal_medicine,<5_years,high,1,1
V227,cma,78.83,1,4,156.22,45.53,55.22,10.05,50.53,63.65,53.37,40.35,8,internal_medicine,<5_years,high,1,1
V227,bm25,92.43,1,4,184.59,53.64,63.2,19.26,73.77,52.7,70.47,42.41,9,internal_medicine,<5_years,high,1,0
V931,bm25,50.63,1,2,202.67,44.92,58.36,15.34,49.85,68.92,52.16,24.92,1,hospital_medicine,<5_years,low,0,0
V931,llm_rag,40.43,1,2,151.62,33.31,32.72,17.46,26.56,70.89,30.2,21.99,2,hospital_medicine,<5_years,low,0,0
V931,sdt,34.33,1,2,119.67,31.16,27.61,4.6,22.46,87.23,28.31,16.75,3,hospital_medicine,<5_years,low,0,1
V931,gdt,39.57,1,2,119.01,33.87,36.2,10.3,32.27,78.3,30.91,15.22,4,hospital_medicine,<5_years,low,0,1
V931,control,44.83,1,2,190.97,46.07,55.04,14.07,51.64,70.49,51.99,33.17,5,hospital_medicine,<5_years,low,0,0
V931,medcpt,37.15,1,2,141.17,37.31,39.97,13.84,35.78,78.11,41.41,14.76,6,hospital_medicine,<5_years,low,0,0
V931,colbert,41.87,1,2,135.53,38.67,43.17,13.34,39.01,77.81,38.77,19.9,7,hospital_medicine,<5_years,low,0,0
V931,cma,40.26,1,2,127.48,36.04,35.23,12.82,33.74,77.9,35.03,21.53,8,hospital_medicine,<5_years,low,0,1
V931,graphcare,39.19,1,2,175.49,36.48,35.96,13.57,38.87,82.42,34.91,13.13,9,hospital_medicine,<5_years,low,0,0
V314,sdt,93.43,1,5,117.53,43.19,53.78,18.7,50.66,63.9,51.14,20.94,1,critical_care,<5_years,high,2,1
V314,graphcare,193.44,0,5,141.89,67.25,92.92,31.41,92.45,41.82,88.83,56.09,2,critical_care,<5_years,high,2,0
V314,colbert,98.12,1,5,166.44,50.25,71.0,20.01,60.13,56.04,58.66,35.68,3,critical_care,<5_years,high,2,0
V314,control,222.93,0,5,187.68,72.25,100.0,35.91,100.0,19.81,100.0,77.76,4,critical_care,<5_years,high,2,0
V314,gdt,95.44,1,5,128.33,46.1,59.53,13.13,55.03,70.12,47.98,30.8,5,critical_care,<5_years,high,2,1
V314,medcpt,101.37,1,5,143.63,47.28,66.57,14.36,57.76,57.67,60.83,26.47,6,critical_care,<5_years,high,2,0
V314,llm_rag,202.45,0,5,168.47,66.11,93.39,21.78,100.0,30.23,92.74,58.51,7,critical_care,<5_years,high,2,0
V314,bm25,226.97,0,5,200.96,70.02,100.0,27.94,100.0,21.2,100.0,70.98,8,critical_care,<5_years,high,2,0
V314,cma,202.74,0,5,153.67,66.72,96.64,22.3,89.18,40.23,91.18,60.77,9,critical_care,<5_years,high,2,1
V199,colbert,19.96,1,1,150.63,30.1,35.52,16.69,20.62,71.08,28.02,8.64,1,emergency,>=5_years,low,0,0
V199,medcpt,22.78,1,1,116.95,31.59,28.66,10.02,28.85,80.85,27.1,14.06,2,emergency,>=5_years,low,0,0
V199,gdt,19.74,1,1,122.36,30.21,27.11,0.55,24.49,84.86,30.66,13.61,3,emergency,>=5_years,low,0,1
V199,cma,24.53,1,1,167.18,31.77,40.43,9.77,27.15,74.06,27.39,11.86,4,emergency,>=5_years,low,0,1
V199,llm_rag,17.81,1,1,144.15,28.69,23.55,11.81,22.62,79.06,20.11,14.98,5,emergency,>=5_years,low,0,0
V199,bm25,24.1,1,1,167.48,37.17,38.98,14.65,38.1,69.84,36.05,25.41,6,emergency,>=5_years,low,0,0
V199,graphcare,21.14,1,1,125.66,27.91,31.56,5.72,17.07,78.85,24.49,9.77,7,emergency,>=5_years,low,0,0
V199,control,24.42,1,1,182.06,39.12,45.12,5.09,43.87,71.16,42.55,26.91,8,emergency,>=5_years,low,0,0
V199,sdt,19.22,1,1,112.69,22.96,15.34,0.1,14.04,87.25,19.47,1.55,9,emergency,>=5_years,low,0,1
V463,colbert,52.84,1,3,147.4,35.93,39.08,11.42,34.28,67.51,43.59,19.7,1,critical_care,<5_years,high,2,0
V463,cma,60.68,1,3,140.66,39.23,46.53,15.93,38.63,65.12,45.36,23.84,2,critical_care,<5_years,high,2,1
V463,medcpt,63.61,1,3,150.1,39.93,48.02,10.56,38.66,74.63,42.78,24.96,3,critical_care,<5_years,high,2,0
V463,graphcare,55.74,1,3,154.59,39.66,39.5,16.12,36.25,74.72,47.38,23.97,4,critical_care,<5_years,high,2,0
V463,bm25,69.54,1,3,170.13,47.01,56.35,17.1,60.98,60.54,59.08,28.0,5,critical_care,<5_years,high,2,0
V463,llm_rag,54.03,1,3,174.44,37.77,47.25,14.45,29.04,71.28,38.7,25.91,6,critical_care,<5_years,high,2,0
V463,sdt,51.04,1,3,116.62,33.67,33.95,7.86,33.76,73.85,34.51,18.06,7,critical_care,<5_years,high,2,1
V463,control,71.9,1,3,203.66,48.03,61.66,12.04,53.55,59.14,67.72,34.08,8,critical_care,<5_years,high,2,0
V463,gdt,56.66,1,3,134.57,35.92,46.98,11.28,34.32,68.51,33.37,21.05,9,critical_care,<5_years,high,2,1
V930,cma,19.92,1,1,141.59,33.14,36.12,9.28,24.27,83.25,27.96,17.96,1,internal_medicine,<5_years,low,0,1
V930,graphcare,18.53,1,1,170.36,29.28,30.84,5.11,22.75,77.81,25.32,13.84,2,internal_medicine,<5_years,low,0,0
V930,medcpt,19.47,1,1,124.84,29.93,22.16,13.84,28.59,77.1,31.81,6.06,3,internal_medicine,<5_years,low,0,0
V930,llm_rag,19.59,1,1,175.72,30.96,22.61,5.81,22.37,87.13,37.37,10.48,4,internal_medicine,<5_years,low,0,0
V930,sdt,15.56,1,1,111.91,22.62,21.38,5.02,11.93,78.52,18.03,0.84,5,internal_medicine,<5_years,low,0,1
V930,bm25,21.35,1,1,192.39,38.47,40.77,11.23,39.06,69.71,42.68,27.37,6,internal_medicine,<5_years,low,0,0
V930,gdt,18.4,1,1,130.5,31.72,29.92,11.35,26.47,81.71,23.34,17.54,7,internal_medicine,<5_years,low,0,1
V930,control,23.05,1,1,234.86,41.03,48.05,10.5,44.45,74.38,44.83,23.95,8,internal_medicine,<5_years,low,0,0
V930,colbert,19.73,1,1,140.88,30.46,29.9,9.36,20.12,79.74,30.61,13.04,9,internal_medicine,<5_years,low,0,0
V163,gdt,177.11,0,4,133.04,59.5,84.27,18.15,75.89,45.44,88.84,44.42,1,emergency,<5_years,high,3,1
V163,llm_rag,300.0,0,4,158.75,71.41,100.0,36.48,100.0,18.42,100.0,73.58,2,emergency,<5_years,high,3,0
V163,bm25,201.53,0,4,176.53,71.88,100.0,28.67,100.0,35.11,100.0,67.48,3,emergency,<5_years,high,3,0
V163,control,203.48,0,4,192.05,72.73,100.0,30.81,100.0,32.99,100.0,72.59,4,emergency,<5_years,high,3,0
V163,cma,188.32,0,4,150.05,64.9,91.36,22.39,93.6,39.76,92.45,49.83,5,emergency,<5_years,high,3,1
V163,graphcare,177.67,0,4,144.93,60.95,95.32,20.0,76.71,46.86,81.4,45.41,6,emergency,<5_years,high,3,0
V163,colbert,183.74,0,4,147.59,62.55,92.52,27.05,82.26,38.63,86.11,48.72,7,emergency,<5_years,high,3,0
V163,medcpt,175.76,0,4,145.87,62.87,93.64,23.74,78.2,47.09,84.02,50.51,8,emergency,<5_years,high,3,0
V163,sdt,65.53,1,4,120.39,36.39,41.27,9.95,35.58,65.39,34.4,31.74,9,emergency,<5_years,high,3,1
V169,llm_rag,139.03,0,2,158.32,51.82,78.76,18.52,64.5,48.41,64.18,36.52,1,hospital_medicine,<5_years,low,0,0
V169,medcpt,38.25,1,2,141.76,33.22,38.1,9.11,29.01,71.61,33.29,18.16,2,hospital_medicine,<5_years,low,0,0
V169,cma,38.94,1,2,155.64,35.95,40.33,14.36,29.87,77.18,32.81,21.15,3,hospital_medicine,<5_years,low,0,1
V169,sdt,35.21,1,2,103.83,28.61,25.15,4.65,19.09,81.29,26.97,14.54,4,hospital_medicine,<5_years,low,0,1
V169,control,43.22,1,2,155.61,43.35,45.15,13.28,53.33,67.41,48.6,32.36,5,hospital_medicine,<5_years,low,0,0
V169,bm25,54.42,1,2,183.88,46.82,60.5,9.33,57.16,66.69,56.57,30.69,6,hospital_medicine,<5_years,low,0,0
V169,graphcare,41.53,1,2,138.77,34.14,33.76,9.46,33.6,72.25,40.09,15.7,7,hospital_medicine,<5_years,low,0,0
V169,gdt,40.17,1,2,116.1,35.46,32.32,9.63,33.04,75.77,37.57,24.45,8,hospital_medicine,<5_years,low,0,1
V169,colbert,139.28,0,2,166.86,52.24,72.17,21.47,64.62,53.97,64.42,36.78,9,hospital_medicine,<5_years,low,0,0
V222,control,52.84,1,2,199.46,45.91,54.77,19.34,56.6,62.36,48.63,33.78,1,internal_medicine,<5_years,low,1,0
V222,bm25,50.36,1,2,208.61,44.6,59.02,11.08,50.15,64.95,52.82,29.61,2,internal_medicine,<5_years,low,1,0
V222,sdt,42.55,1,2,106.35,28.06,22.0,6.56,25.03,75.58,24.39,14.82,3,internal_medicine,<5_years,low,1,1
V222,gdt,39.58,1,2,116.28,32.6,34.26,11.75,28.46,77.46,33.34,10.33,4,internal_medicine,<5_years,low,1,1
V222,graphcare,41.57,1,2,141.12,35.51,39.38,13.67,31.81,72.28,38.35,17.58,5,internal_medicine,<5_years,low,1,0
V222,colbert,41.63,1,2,159.72,34.48,30.91,6.81,34.65,80.85,37.79,15.85,6,internal_medicine,<5_years,low,1,0
V222,cma,40.73,1,2,136.03,36.57,42.44,3.01,38.67,75.1,40.46,19.71,7,internal_medicine,<5_years,low,1,1
V222,medcpt,36.79,1,2,139.35,36.45,33.15,10.66,39.85,75.41,37.3,22.36,8,internal_medicine,<5_years,low,1,0
V222,llm_rag,35.01,1,2,163.81,35.8,43.7,15.38,33.48,73.23,28.98,20.02,9,internal_medicine,<5_years,low,1,0
V217,medcpt,184.0,0,4,143.4,59.97,87.92,26.82,82.7,39.27,83.26,39.87,1,hospital_medicine,>=5_years,high,2,0
V217,colbert,300.0,0,4,154.13,70.32,100.0,30.37,100.0,23.42,100.0,68.09,2,hospital_medicine,>=5_years,high,2,0
V217,llm_rag,281.31,0,4,173.4,70.97,100.0,34.96,100.0,22.2,100.0,68.64,3,hospital_medicine,>=5_years,high,2,0
V217,gdt,79.17,1,4,129.04,42.95,55.21,12.28,45.78,59.83,52.4,32.22,4,hospital_medicine,>=5_years,high,2,1
V217,graphcare,182.5,0,4,162.9,62.92,83.77,25.93,88.45,48.37,79.23,51.75,5,hospital_medicine,>=5_years,high,2,0
V217,bm25,179.7,0,4,168.24,70.17,96.21,31.77,96.06,33.57,100.0,63.37,6,hospital_medicine,>=5_years,high,2,0
V217,control,182.73,0,4,187.5,68.1,100.0,23.4,96.31,30.99,100.0,57.92,7,hospital_medicine,>=5_years,high,2,0
V217,sdt,72.76,1,4,108.92,38.53,38.61,10.18,40.83,75.04,44.9,21.59,8,hospital_medicine,>=5_years,high,2,1
V217,cma,181.8,0,4,162.2,60.28,89.76,22.27,82.02,40.22,82.94,44.47,9,hospital_medicine,>=5_years,high,2,1
V898,cma,56.95,1,3,148.87,42.91,53.17,11.32,44.53,75.86,51.27,21.34,1,emergency,<5_years,high,2,1
V898,control,76.91,1,3,176.49,52.97,66.9,19.14,61.07,59.12,67.7,43.92,2,emergency,<5_years,high,2,0
V898,bm25,64.57,1,3,186.48,46.88,60.01,13.74,56.84,58.58,57.24,34.88,3,emergency,<5_years,high,2,0
V898,llm_rag,56.28,1,3,158.81,38.45,47.78,10.36,36.61,65.15,45.95,24.85,4,emergency,<5_years,high,2,0
V898,gdt,57.29,1,3,133.62,37.45,44.42,17.04,37.77,71.45,31.5,22.51,5,emergency,<5_years,high,2,1
V898,medcpt,54.99,1,3,137.16,40.09,48.2,10.77,39.96,72.67,46.85,22.08,6,emergency,<5_years,high,2,0
V898,sdt,57.92,1,3,104.57,32.15,29.52,9.27,30.26,72.34,36.85,14.64,7,emergency,<5_years,high,2,1
V898,graphcare,58.98,1,3,144.22,37.04,45.13,8.56,43.31,63.74,40.49,21.03,8,emergency,<5_years,high,2,0
V898,colbert,57.57,1,3,146.54,37.33,37.57,10.56,31.66,73.74,50.06,20.38,9,emergency,<5_years,high,2,0
V427,sdt,17.55,1,1,121.57,24.88,16.25,3.82,19.8,80.28,24.42,4.73,1,critical_care,<5_years,low,0,1
V427,graphcare,17.38,1,1,154.34,30.44,26.08,12.92,25.28,81.0,27.08,10.27,2,critical_care,<5_years,low,0,0
V427,medcpt,19.83,1,1,162.52,30.49,22.6,16.72,20.27,84.0,27.59,11.78,3,critical_care,<5_years,low,0,0
V427,cma,23.77,1,1,142.94,30.88,35.51,12.86,28.0,72.88,23.24,12.8,4,critical_care,<5_years,low,0,1
V427,control,24.2,1,1,199.63,38.93,39.76,9.73,38.81,76.62,40.72,27.94,5,critical_care,<5_years,low,0,0
V427,colbert,20.77,1,1,177.56,30.17,29.61,12.43,23.94,85.3,24.95,4.81,6,critical_care,<5_years,low,0,0
V427,llm_rag,21.22,1,1,181.74,29.64,21.18,6.84,26.98,86.59,26.37,9.87,7,critical_care,<5_years,low,0,0
V427,gdt,19.22,1,1,119.55,27.52,24.89,4.78,21.12,80.34,23.79,10.18,8,critical_care,<5_years,low,0,1
V427,bm25,22.0,1,1,243.75,39.89,38.84,12.28,40.12,80.21,42.28,25.6,9,critical_care,<5_years,low,0,0
V612,cma,80.09,1,4,157.94,44.08,55.95,17.6,42.73,64.63,54.47,29.09,1,critical_care,>=5_years,high,2,1
V612,gdt,78.28,1,4,122.19,42.95,55.05,14.78,40.04,63.33,53.18,31.31,2,critical_care,>=5_years,high,2,1
V612,sdt,72.54,1,4,114.18,35.31,35.83,10.93,41.08,67.1,36.36,20.55,3,critical_care,>=5_years,high,2,1
V612,medcpt,74.87,1,4,155.1,40.65,50.92,10.84,46.22,67.59,46.44,21.91,4,critical_care,>=5_years,high,2,0
V612,bm25,100.34,1,4,204.68,55.58,78.24,17.23,74.13,54.45,77.0,32.44,5,critical_care,>=5_years,high,2,0
V612,colbert,75.01,1,4,151.24,43.99,61.72,14.86,48.4,61.84,50.13,26.98,6,critical_care,>=5_years,high,2,0
V612,llm_rag,269.92,0,4,164.18,69.95,100.0,35.58,100.0,26.18,100.0,57.94,7,critical_care,>=5_years,high,2,0
V612,control,86.11,1,4,180.52,54.86,67.46,23.87,67.74,58.44,68.97,42.7,8,critical_care,>=5_years,high,2,0
V612,graphcare,79.39,1,4,156.49,41.83,45.97,14.24,48.6,57.1,52.13,32.94,9,critical_care,>=5_years,high,2,0
V647,gdt,20.05,1,1,117.34,30.09,31.2,9.63,23.83,81.08,20.12,14.69,1,emergency,<5_years,low,0,1
V647,medcpt,23.56,1,1,147.95,31.28,31.87,9.97,30.03,74.14,34.82,6.86,2,emergency,<5_years,low,0,0
V647,graphcare,18.46,1,1,153.74,28.88,26.96,11.19,24.13,78.02,22.91,10.08,3,emergency,<5_years,low,0,0
V647,cma,18.33,1,1,128.97,33.34,29.27,11.46,24.85,83.84,29.83,20.8,4,emergency,<5_years,low,0,1
V647,colbert,20.09,1,1,139.03,29.1,28.93,10.06,14.07,81.39,28.95,11.19,5,emergency,<5_years,low,0,0
V647,bm25,21.69,1,1,172.11,38.66,48.25,7.04,39.63,69.73,46.29,21.0,6,emergency,<5_years,low,0,0
V647,sdt,20.61,1,1,108.75,27.24,23.14,11.31,26.69,78.91,15.71,7.68,7,emergency,<5_years,low,0,1
V647,control,19.65,1,1,198.25,38.35,45.01,7.28,38.0,75.65,36.74,27.4,8,emergency,<5_years,low,0,0
V647,llm_rag,18.39,1,1,161.84,29.2,28.47,12.5,19.9,82.09,23.52,8.72,9,emergency,<5_years,low,0,0
V369,bm25,93.29,1,4,179.45,53.96,68.56,15.49,74.55,51.14,72.23,41.78,1,emergency,>=5_years,high,0,0
V369,medcpt,76.32,1,4,140.17,44.22,51.01,13.44,52.39,72.04,48.7,27.77,2,emergency,>=5_years,high,0,0
V369,graphcare,76.61,1,4,154.47,44.49,58.63,15.11,49.97,64.15,46.26,32.79,3,emergency,>=5_years,high,0,0
V369,gdt,86.46,1,4,126.58,41.45,53.83,12.31,51.68,53.91,52.37,24.59,4,emergency,>=5_years,high,0,1
V369,llm_rag,84.97,1,4,159.38,44.99,51.9,15.46,49.88,59.66,57.83,35.2,5,emergency,>=5_years,high,0,0
V369,cma,86.13,1,4,152.28,43.34,59.52,9.93,53.23,55.91,54.2,27.25,6,emergency,>=5_years,high,0,1
V369,colbert,71.85,1,4,163.77,45.2,54.79,15.16,47.75,74.61,49.94,28.94,7,emergency,>=5_years,high,0,0
V369,sdt,72.7,1,4,108.59,38.28,44.35,17.52,39.92,65.03,40.86,21.99,8,emergency,>=5_years,high,0,1
V369,control,90.5,1,4,193.29,50.97,70.98,8.55,59.38,59.36,70.54,37.02,9,emergency,>=5_years,high,0,0
V830,llm_rag,19.99,1,1,151.29,30.47,29.39,4.82,20.29,87.86,24.6,15.83,1,emergency,>=5_years,low,0,0
V830,control,25.15,1,1,179.64,40.04,44.55,13.16,41.49,73.25,40.21,27.59,2,emergency,>=5_years,low,0,0
V830,graphcare,17.92,1,1,143.36,28.07,16.35,7.37,19.8,79.4,36.28,9.19,3,emergency,>=5_years,low,0,0
V830,bm25,134.91,0,1,172.36,59.66,82.83,19.33,71.57,56.58,75.88,51.79,4,emergency,>=5_years,low,0,0
V830,gdt,16.91,1,1,121.34,30.27,26.68,15.7,19.93,78.58,28.65,12.12,5,emergency,>=5_years,low,0,1
V830,cma,19.29,1,1,145.67,31.34,33.53,3.96,21.76,81.35,33.15,14.29,6,emergency,>=5_years,low,0,1
V830,colbert,20.94,1,1,144.74,30.26,25.22,10.4,23.44,79.38,28.52,14.59,7,emergency,>=5_years,low,0,0
V830,sdt,16.76,1,1,115.91,24.28,24.77,4.89,12.39,81.96,19.34,2.32,8,emergency,>=5_years,low,0,1
V830,medcpt,19.17,1,1,153.38,31.27,32.11,10.94,13.22,88.17,27.89,15.27,9,emergency,>=5_years,low,0,0
V028,graphcare,78.32,1,4,147.36,45.0,54.73,18.97,47.46,62.86,56.45,29.54,1,internal_medicine,<5_years,high,2,0
V028,medcpt,77.39,1,4,139.86,45.6,51.11,13.56,57.39,66.72,49.04,35.75,2,internal_medicine,<5_years,high,2,0
V028,bm25,103.1,1,4,188.37,53.37,75.14,17.19,67.94,50.34,71.71,37.89,3,internal_medicine,<5_years,high,2,0
V028,llm_rag,75.09,1,4,177.13,43.38,50.68,19.31,49.73,63.9,48.14,28.51,4,internal_medicine,<5_years,high,2,0
V028,control,94.72,1,4,185.65,54.33,71.45,18.47,71.28,53.33,76.36,35.08,5,internal_medicine,<5_years,high,2,0
V028,sdt,74.49,1,4,115.39,36.39,39.63,9.66,35.49,67.92,46.15,19.48,6,internal_medicine,<5_years,high,2,1
V028,colbert,81.83,1,4,147.2,42.7,54.81,11.55,50.57,63.62,45.06,30.61,7,internal_medicine,<5_years,high,2,0
V028,gdt,76.8,1,4,130.79,44.4,58.68,26.3,43.89,60.9,51.7,24.95,8,internal_medicine,<5_years,high,2,1
V028,cma,84.83,1,4,130.2,45.79,57.2,15.35,56.24,54.74,57.08,34.13,9,internal_medicine,<5_years,high,2,1
V235,sdt,16.06,1,1,143.36,24.76,21.31,9.74,8.96,91.46,12.69,4.39,1,critical_care,<5_years,low,0,1
V235,llm_rag,18.5,1,1,146.93,30.2,33.15,10.21,20.83,85.5,26.08,5.4,2,critical_care,<5_years,low,0,0
V235,graphcare,19.08,1,1,140.98,33.1,27.73,13.76,22.58,83.26,33.62,17.64,3,critical_care,<5_years,low,0,0
V235,bm25,25.06,1,1,224.39,40.64,41.8,16.38,44.77,79.28,38.76,22.85,4,critical_care,<5_years,low,0,0
V235,control,22.95,1,1,195.12,40.92,48.15,8.01,37.1,81.23,45.35,25.68,5,critical_care,<5_years,low,0,0
V235,cma,19.98,1,1,152.25,29.83,26.29,7.81,21.29,77.26,33.09,13.23,6,critical_care,<5_years,low,0,1
V235,medcpt,16.55,1,1,142.55,28.93,28.57,4.72,21.81,80.26,27.27,10.94,7,critical_care,<5_years,low,0,0
V235,gdt,24.05,1,1,119.75,31.16,26.18,10.99,25.13,85.76,23.88,15.05,8,critical_care,<5_years,low,0,1
V235,colbert,22.07,1,1,158.27,30.56,23.28,4.8,29.65,77.25,35.54,12.87,9,critical_care,<5_years,low,0,0
V624,graphcare,198.48,0,5,161.42,64.66,96.67,21.23,91.37,37.6,90.1,50.99,1,critical_care,>=5_years,high,3,0
V624,llm_rag,103.19,1,5,179.32,48.42,62.2,19.99,53.88,62.19,58.08,34.16,2,critical_care,>=5_years,high,3,0
V624,bm25,217.25,0,5,180.67,70.2,100.0,31.71,100.0,27.37,100.0,62.15,3,critical_care,>=5_years,high,3,0
V624,medcpt,198.14,0,5,149.88,67.16,98.93,29.88,89.34,32.07,100.0,52.72,4,critical_care,>=5_years,high,3,0
V624,control,231.62,0,5,178.79,72.83,100.0,41.64,100.0,26.44,100.0,68.88,5,critical_care,>=5_years,high,3,0
V624,sdt,86.81,1,5,113.34,38.43,45.64,8.32,44.73,66.25,44.01,21.63,6,critical_care,>=5_years,high,3,1
V624,gdt,206.74,0,5,123.3,64.97,93.45,26.63,88.96,34.92,92.02,53.82,7,critical_care,>=5_years,high,3,1
V624,cma,213.07,0,5,140.27,68.45,100.0,27.48,95.22,34.24,100.0,53.76,8,critical_care,>=5_years,high,3,1
V624,colbert,294.5,0,5,157.76,70.31,100.0,32.81,100.0,20.41,100.0,68.62,9,critical_care,>=5_years,high,3,0
V297,medcpt,95.51,1,5,154.26,45.28,60.72,17.54,50.28,61.3,54.09,27.73,1,internal_medicine,<5_years,high,2,0
V297,sdt,92.54,1,5,121.37,44.85,58.36,15.24,42.98,70.82,49.46,32.24,2,internal_medicine,<5_years,high,2,1
V297,control,119.98,1,5,187.09,63.68,90.96,21.69,77.62,54.62,90.75,46.45,3,internal_medicine,<5_years,high,2,0
V297,bm25,108.73,1,5,191.47,56.98,78.31,13.57,79.25,48.97,78.71,43.07,4,internal_medicine,<5_years,high,2,0
V297,cma,95.02,1,5,142.85,46.81,69.96,18.95,48.58,53.23,60.3,29.81,5,internal_medicine,<5_years,high,2,1
V297,colbert,98.67,1,5,160.0,49.24,61.94,20.23,55.7,61.93,58.89,36.75,6,internal_medicine,<5_years,high,2,0
V297,gdt,97.95,1,5,123.95,47.18,61.38,15.44,57.73,61.39,62.04,25.09,7,internal_medicine,<5_years,high,2,1
V297,llm_rag,96.57,1,5,171.36,47.02,63.5,26.95,54.1,50.83,55.96,30.81,8,internal_medicine,<5_years,high,2,0
V297,graphcare,104.27,1,5,149.54,48.24,59.43,16.19,63.17,58.17,60.51,31.95,9,internal_medicine,<5_years,high,2,0
V273,graphcare,39.65,1,2,161.42,34.99,37.47,12.41,31.88,75.87,30.82,21.47,1,hospital_medicine,>=5_years,low,1,0
V273,gdt,36.75,1,2,137.0,29.06,33.4,6.48,25.78,74.9,29.26,4.54,2,hospital_medicine,>=5_years,low,1,1
V273,cma,40.3,1,2,127.9,35.41,41.14,12.68,38.8,68.73,34.42,16.68,3,hospital_medicine,>=5_years,low,1,1
V273,colbert,38.5,1,2,160.23,36.26,39.34,12.88,25.27,80.6,35.83,23.62,4,hospital_medicine,>=5_years,low,1,0
V273,bm25,50.57,1,2,199.02,44.26,56.32,11.18,52.83,58.43,53.06,33.72,5,hospital_medicine,>=5_years,low,1,0
V273,medcpt,40.95,1,2,136.21,36.01,41.47,7.3,34.37,74.02,39.53,19.35,6,hospital_medicine,>=5_years,low,1,0
V273,llm_rag,35.86,1,2,153.78,34.77,37.46,11.73,36.81,72.76,33.48,16.39,7,hospital_medicine,>=5_years,low,1,0
V273,control,44.97,1,2,175.51,44.11,53.21,18.91,47.18,67.77,47.94,29.68,8,hospital_medicine,>=5_years,low,1,0
V273,sdt,38.41,1,2,109.24,29.51,32.63,8.36,24.96,77.09,28.44,5.61,9,hospital_medicine,>=5_years,low,1,1
V087,graphcare,96.16,1,5,141.7,47.53,56.15,18.45,57.0,60.37,60.75,32.46,1,hospital_medicine,<5_years,high,3,0
V087,gdt,88.68,1,5,126.19,43.89,55.83,9.73,48.93,62.4,46.03,40.39,2,hospital_medicine,<5_years,high,3,1
V087,llm_rag,300.0,0,5,167.84,72.14,100.0,34.43,100.0,23.58,100.0,74.85,3,hospital_medicine,<5_years,high,3,0
V087,sdt,89.36,1,5,119.66,41.23,52.16,13.97,47.54,62.85,47.31,23.54,4,hospital_medicine,<5_years,high,3,1
V087,control,126.73,1,5,201.99,60.98,84.47,22.73,79.75,41.25,84.61,53.05,5,hospital_medicine,<5_years,high,3,0
V087,medcpt,101.87,1,5,127.9,49.31,60.78,11.79,58.34,62.06,62.29,40.58,6,hospital_medicine,<5_years,high,3,0
V087,bm25,127.17,1,5,203.11,59.85,85.9,24.14,86.11,39.87,78.4,44.67,7,hospital_medicine,<5_years,high,3,0
V087,colbert,98.66,1,5,159.28,47.23,67.77,14.67,54.87,59.35,56.25,30.46,8,hospital_medicine,<5_years,high,3,0
V087,cma,97.92,1,5,137.62,47.48,61.24,13.32,64.32,50.7,63.83,31.44,9,hospital_medicine,<5_years,high,3,1
V925,llm_rag,300.0,0,5,170.58,70.93,100.0,38.77,100.0,17.28,100.0,69.56,1,hospital_medicine,<5_years,high,4,0
V925,cma,300.0,0,5,148.07,71.54,100.0,40.45,100.0,14.69,100.0,74.09,2,hospital_medicine,<5_years,high,4,1
V925,bm25,300.0,0,5,176.14,71.9,100.0,35.04,100.0,9.58,100.0,86.78,3,hospital_medicine,<5_years,high,4,0
V925,gdt,300.0,0,5,128.23,70.16,100.0,35.38,100.0,19.25,100.0,66.35,4,hospital_medicine,<5_years,high,4,1
V925,graphcare,300.0,0,5,148.31,71.11,100.0,33.53,100.0,20.59,100.0,72.55,5,hospital_medicine,<5_years,high,4,0
V925,medcpt,300.0,0,5,147.07,69.92,100.0,37.79,100.0,15.75,100.0,65.95,6,hospital_medicine,<5_years,high,4,0
V925,control,300.0,0,5,191.96,71.87,100.0,40.82,100.0,6.51,100.0,83.89,7,hospital_medicine,<5_years,high,4,0
V925,sdt,262.64,0,5,115.07,67.35,99.03,20.24,100.0,27.16,100.0,57.68,8,hospital_medicine,<5_years,high,4,1
V925,colbert,295.72,0,5,164.74,68.41,100.0,28.92,100.0,12.45,100.0,69.08,9,hospital_medicine,<5_years,high,4,0
V510,bm25,223.27,0,5,196.67,70.25,100.0,24.53,100.0,26.15,100.0,70.83,1,emergency,>=5_years,high,4,0
V510,sdt,88.01,1,5,114.5,43.56,52.72,16.6,45.68,64.47,56.47,25.43,2,emergency,>=5_years,high,4,1
V510,medcpt,96.2,1,5,143.8,47.76,62.45,19.32,55.84,55.48,62.74,30.72,3,emergency,>=5_years,high,4,0
V510,llm_rag,194.19,0,5,168.25,65.35,93.96,25.23,91.89,39.78,90.74,50.52,4,emergency,>=5_years,high,4,0
V510,control,113.74,1,5,170.35,61.98,85.6,27.32,74.97,47.15,81.6,55.25,5,emergency,>=5_years,high,4,0
V510,gdt,95.78,1,5,126.15,46.04,57.23,14.64,53.26,59.2,58.88,33.04,6,emergency,>=5_years,high,4,1
V510,colbert,300.0,0,5,153.99,70.17,100.0,34.43,100.0,12.57,100.0,73.99,7,emergency,>=5_years,high,4,0
V510,graphcare,99.01,1,5,152.45,46.97,64.87,13.26,48.26,58.31,65.98,31.16,8,emergency,>=5_years,high,4,0
V510,cma,101.6,1,5,159.86,47.79,63.45,15.64,58.05,57.21,60.67,31.68,9,emergency,>=5_years,high,4,1
V358,bm25,27.93,1,1,185.12,42.69,43.68,14.41,53.08,75.27,37.7,32.01,1,hospital_medicine,>=5_years,low,0,0
V358,gdt,18.84,1,1,137.08,31.2,30.97,9.97,22.37,83.66,26.2,13.99,2,hospital_medicine,>=5_years,low,0,1
V358,control,24.73,1,1,180.05,40.51,46.4,9.36,45.2,74.22,38.74,29.13,3,hospital_medicine,>=5_years,low,0,0
V358,graphcare,18.8,1,1,160.67,25.91,28.6,2.13,21.53,82.24,10.9,10.08,4,hospital_medicine,>=5_years,low,0,0
V358,llm_rag,20.27,1,1,145.6,27.79,20.89,6.59,22.06,83.02,20.09,14.07,5,hospital_medicine,>=5_years,low,0,0
V358,medcpt,20.75,1,1,148.13,33.44,31.96,10.19,30.52,82.74,33.33,11.91,6,hospital_medicine,>=5_years,low,0,0
V358,cma,20.62,1,1,138.28,29.83,28.57,8.81,23.27,74.47,29.29,14.58,7,hospital_medicine,>=5_years,low,0,1
V358,sdt,17.55,1,1,102.56,22.14,16.51,4.32,8.29,85.78,14.92,3.0,8,hospital_medicine,>=5_years,low,0,1
V358,colbert,21.71,1,1,147.48,31.67,33.37,10.66,28.1,82.84,23.65,11.41,9,hospital_medicine,>=5_years,low,0,0
V928,llm_rag,80.3,1,4,166.41,41.7,52.95,8.56,45.74,63.8,47.13,32.01,1,emergency,>=5_years,high,2,0
V928,sdt,68.49,1,4,117.79,37.13,42.91,9.85,44.86,70.66,37.45,17.02,2,emergency,>=5_years,high,2,1
V928,graphcare,81.53,1,4,154.77,47.14,63.37,25.48,52.45,62.07,51.4,28.06,3,emergency,>=5_years,high,2,0
V928,medcpt,78.37,1,4,132.42,48.41,57.06,15.72,55.86,68.25,59.97,33.58,4,emergency,>=5_years,high,2,0
V928,bm25,104.65,1,4,203.18,56.63,75.98,22.52,66.24,46.71,78.86,49.48,5,emergency,>=5_years,high,2,0
V928,gdt,76.55,1,4,130.25,39.77,46.68,10.53,41.22,63.97,49.36,26.87,6,emergency,>=5_years,high,2,1
V928,colbert,82.44,1,4,158.67,42.19,49.95,10.05,52.69,66.25,49.83,24.4,7,emergency,>=5_years,high,2,0
V928,cma,83.75,1,4,143.16,43.59,53.49,17.76,50.29,57.96,54.91,27.11,8,emergency,>=5_years,high,2,1
V928,control,91.5,1,4,202.96,53.07,65.23,17.0,67.62,50.7,71.1,46.77,9,emergency,>=5_years,high,2,0
V036,gdt,76.02,1,4,132.37,43.52,48.78,14.66,47.9,72.65,53.55,23.55,1,internal_medicine,>=5_years,high,2,1
V036,medcpt,81.56,1,4,138.69,44.36,52.64,17.36,52.0,61.13,58.0,25.03,2,internal_medicine,>=5_years,high,2,0
V036,sdt,73.62,1,4,109.35,38.15,41.97,5.64,40.88,74.84,41.37,24.24,3,internal_medicine,>=5_years,high,2,1
V036,graphcare,79.12,1,4,159.72,44.07,49.28,18.57,44.84,65.36,54.42,31.98,4,internal_medicine,>=5_years,high,2,0
V036,bm25,95.27,1,4,186.3,56.99,75.26,20.19,67.34,59.03,66.38,53.73,5,internal_medicine,>=5_years,high,2,0
V036,llm_rag,75.44,1,4,160.98,39.0,45.59,12.49,45.91,55.99,48.42,25.65,6,internal_medicine,>=5_years,high,2,0
V036,cma,81.22,1,4,149.51,45.69,66.54,12.11,55.82,65.56,51.09,22.99,7,internal_medicine,>=5_years,high,2,1
V036,control,89.39,1,4,196.95,51.98,64.93,20.33,62.59,57.24,66.34,40.48,8,internal_medicine,>=5_years,high,2,0
V036,colbert,266.23,0,4,162.85,70.02,100.0,33.4,100.0,23.14,100.0,63.59,9,internal_medicine,>=5_years,high,2,0
V255,llm_rag,37.33,1,2,156.41,31.29,34.98,14.23,25.52,68.77,27.41,16.84,1,emergency,>=5_years,low,1,0
V255,graphcare,41.25,1,2,151.36,35.55,34.7,13.28,36.08,70.72,31.85,26.64,2,emergency,>=5_years,low,1,0
V255,medcpt,35.77,1,2,164.05,36.24,38.69,9.8,25.56,76.06,39.17,28.16,3,emergency,>=5_years,low,1,0
V255,cma,42.33,1,2,146.42,36.49,41.07,9.66,31.45,82.45,39.48,14.86,4,emergency,>=5_years,low,1,1
V255,sdt,38.5,1,2,111.04,29.76,26.82,5.04,25.02,79.41,25.04,17.25,5,emergency,>=5_years,low,1,1
V255,bm25,46.28,1,2,209.66,44.0,55.82,13.53,47.99,62.84,57.85,25.96,6,emergency,>=5_years,low,1,0
V255,control,45.64,1,2,183.63,46.78,52.18,12.79,53.15,70.5,57.69,34.35,7,emergency,>=5_years,low,1,0
V255,colbert,46.9,1,2,175.77,34.93,34.31,7.65,33.44,68.84,40.51,24.82,8,emergency,>=5_years,low,1,0
V255,gdt,38.27,1,2,128.89,31.7,33.11,12.11,30.55,73.16,30.79,10.5,9,emergency,>=5_years,low,1,1
V852,gdt,37.19,1,2,146.21,31.9,27.11,10.02,39.11,69.32,37.1,8.72,1,hospital_medicine,<5_years,low,1,1
V852,bm25,42.75,1,2,188.99,46.07,59.32,13.68,47.86,70.08,49.83,35.67,2,hospital_medicine,<5_years,low,1,0
V852,medcpt,36.81,1,2,141.63,35.0,33.33,7.79,42.09,74.34,34.83,17.61,3,hospital_medicine,<5_years,low,1,0
V852,cma,37.94,1,2,149.0,31.57,32.19,8.06,28.03,66.45,37.11,17.56,4,hospital_medicine,<5_years,low,1,1
V852,control,44.47,1,2,200.12,44.86,50.03,14.76,51.99,64.07,59.04,29.24,5,hospital_medicine,<5_years,low,1,0
V852,sdt,32.88,1,2,105.11,28.95,27.63,3.66,21.3,78.88,22.98,19.26,6,hospital_medicine,<5_years,low,1,1
V852,graphcare,38.28,1,2,143.66,34.19,29.84,13.88,27.83,73.68,38.15,21.75,7,hospital_medicine,<5_years,low,1,0
V852,llm_rag,41.77,1,2,158.4,35.94,38.67,11.46,32.68,78.47,35.12,19.22,8,hospital_medicine,<5_years,low,1,0
V852,colbert,40.54,1,2,147.58,34.11,34.56,16.06,34.1,72.99,31.78,15.15,9,hospital_medicine,<5_years,low,1,0
V951,cma,43.58,1,2,145.8,37.12,38.6,15.12,38.11,67.76,41.78,21.32,1,emergency,>=5_years,low,0,1
V951,gdt,37.79,1,2,139.66,30.71,34.11,0.0,33.35,72.75,31.31,12.71,2,emergency,>=5_years,low,0,1
V951,colbert,40.75,1,2,164.31,31.85,33.91,6.53,31.55,73.55,32.21,13.33,3,emergency,>=5_years,low,0,0
V951,medcpt,41.78,1,2,143.0,35.08,49.62,4.09,30.91,69.67,36.19,19.99,4,emergency,>=5_years,low,0,0
V951,control,47.28,1,2,206.39,42.91,51.74,9.91,47.8,64.44,49.33,34.24,5,emergency,>=5_years,low,0,0
V951,llm_rag,38.16,1,2,165.6,35.25,39.71,3.95,31.1,74.69,35.52,26.52,6,emergency,>=5_years,low,0,0
V951,graphcare,41.32,1,2,133.65,34.58,39.1,8.95,36.4,73.0,35.66,14.34,7,emergency,>=5_years,low,0,0
V951,sdt,36.17,1,2,111.23,31.75,28.42,4.5,20.45,87.83,28.06,21.27,8,emergency,>=5_years,low,0,1
V951,bm25,45.48,1,2,183.39,44.91,51.33,10.84,52.46,71.56,47.56,35.72,9,emergency,>=5_years,low,0,0
V741,llm_rag,36.04,1,2,169.73,33.15,32.33,11.14,28.64,74.07,33.89,18.86,1,critical_care,>=5_years,low,1,0
V741,bm25,44.21,1,2,201.61,45.81,56.45,14.68,54.42,73.24,46.7,29.36,2,critical_care,>=5_years,low,1,0
V741,medcpt,37.29,1,2,144.44,37.48,40.32,17.1,35.98,81.0,29.29,21.18,3,critical_care,>=5_years,low,1,0
V741,graphcare,38.99,1,2,146.75,34.73,38.69,10.05,34.12,74.36,31.02,20.13,4,critical_care,>=5_years,low,1,0
V741,gdt,39.15,1,2,116.48,31.64,33.82,12.49,33.48,71.85,30.63,7.56,5,critical_care,>=5_years,low,1,1
V741,cma,36.7,1,2,143.52,36.05,41.76,10.88,35.96,69.15,36.66,21.91,6,critical_care,>=5_years,low,1,1
V741,control,48.13,1,2,172.35,43.89,53.88,14.92,53.89,64.33,42.46,33.86,7,critical_care,>=5_years,low,1,0
V741,sdt,38.06,1,2,105.26,27.52,31.85,4.8,19.49,71.42,29.53,8.01,8,critical_care,>=5_years,low,1,1
V741,colbert,35.54,1,2,151.81,34.06,36.67,14.76,33.05,70.69,32.82,16.34,9,critical_care,>=5_years,low,1,0
V155,control,24.27,1,1,207.97,41.22,52.43,17.96,35.43,73.14,43.81,24.54,1,hospital_medicine,<5_years,low,0,0
V155,cma,18.29,1,1,147.44,33.05,31.67,2.88,32.87,82.63,28.19,20.08,2,hospital_medicine,<5_years,low,0,1
V155,medcpt,19.39,1,1,151.87,30.54,22.11,11.23,32.48,80.9,22.14,14.4,3,hospital_medicine,<5_years,low,0,0
V155,colbert,18.93,1,1,144.32,29.64,21.03,9.63,26.99,81.03,24.29,14.87,4,hospital_medicine,<5_years,low,0,0
V155,sdt,18.84,1,1,109.26,27.58,20.12,11.1,19.01,86.81,20.4,8.05,5,hospital_medicine,<5_years,low,0,1
V155,llm_rag,18.05,1,1,146.54,29.55,29.6,4.39,19.57,82.46,26.57,14.71,6,hospital_medicine,<5_years,low,0,0
V155,graphcare,18.29,1,1,146.91,30.41,29.63,7.05,20.89,85.22,25.93,13.74,7,hospital_medicine,<5_years,low,0,0
V155,gdt,17.07,1,1,110.99,31.78,23.55,4.56,20.4,91.39,35.54,15.25,8,hospital_medicine,<5_years,low,0,1
V155,bm25,23.1,1,1,184.22,39.33,38.83,7.12,40.45,75.08,43.24,31.28,9,hospital_medicine,<5_years,low,0,0
V057,graphcare,100.0,1,5,142.99,47.05,60.23,11.43,59.24,59.04,62.08,30.26,1,emergency,>=5_years,high,1,0
V057,control,115.16,1,5,184.48,60.56,80.09,25.49,84.35,43.53,82.9,47.03,2,emergency,>=5_years,high,1,0
V057,colbert,99.53,1,5,151.87,50.49,66.12,22.08,57.94,62.33,60.67,33.8,3,emergency,>=5_years,high,1,0
V057,sdt,89.48,1,5,112.58,40.23,50.64,11.03,42.43,63.85,47.94,25.5,4,emergency,>=5_years,high,1,1
V057,gdt,98.03,1,5,134.06,47.72,57.85,21.85,59.37,52.19,59.39,35.63,5,emergency,>=5_years,high,1,1
V057,medcpt,104.14,1,5,137.73,48.44,70.19,11.05,60.18,56.51,56.83,35.89,6,emergency,>=5_years,high,1,0
V057,bm25,127.37,1,5,182.6,60.42,82.34,19.34,77.44,48.16,82.31,52.89,7,emergency,>=5_years,high,1,0
V057,llm_rag,95.08,1,5,165.97,47.17,64.35,21.41,49.35,60.08,60.29,27.55,8,emergency,>=5_years,high,1,0
V057,cma,95.76,1,5,153.98,47.97,63.98,15.64,57.26,61.72,58.04,31.16,9,emergency,>=5_years,high,1,1
V857,colbert,56.59,1,3,163.36,37.05,43.21,10.26,37.1,68.9,38.34,24.5,1,emergency,<5_years,high,2,0
V857,control,63.82,1,3,201.52,48.74,61.73,12.68,58.3,63.9,61.56,34.25,2,emergency,<5_years,high,2,0
V857,medcpt,60.39,1,3,155.14,41.64,48.25,15.27,43.03,69.72,42.46,31.12,3,emergency,<5_years,high,2,0
V857,bm25,64.91,1,3,195.11,48.49,63.49,15.56,58.28,57.31,62.17,34.15,4,emergency,<5_years,high,2,0
V857,graphcare,55.91,1,3,148.76,41.61,52.57,12.48,46.84,67.98,47.28,22.5,5,emergency,<5_years,high,2,0
V857,llm_rag,56.49,1,3,154.0,37.93,50.53,9.18,38.67,75.4,36.51,17.26,6,emergency,<5_years,high,2,0
V857,sdt,57.91,1,3,114.24,36.23,35.56,13.08,28.98,80.25,35.72,23.78,7,emergency,<5_years,high,2,1
V857,cma,65.76,1,3,159.35,44.95,55.06,17.75,53.52,67.67,48.42,27.27,8,emergency,<5_years,high,2,1
V857,gdt,58.2,1,3,117.49,39.98,41.33,17.34,43.37,70.23,39.99,27.63,9,emergency,<5_years,high,2,1
V859,control,46.88,1,2,195.83,45.86,56.36,17.61,56.52,66.64,50.78,27.25,1,emergency,<5_years,low,0,0
V859,bm25,50.91,1,2,218.35,45.68,54.51,18.85,50.71,66.26,47.73,36.07,2,emergency,<5_years,low,0,0
V859,llm_rag,36.84,1,2,169.03,32.83,32.77,10.8,24.57,73.6,34.74,20.49,3,emergency,<5_years,low,0,0
V859,graphcare,42.59,1,2,162.95,38.34,36.71,19.72,36.1,80.96,38.17,18.39,4,emergency,<5_years,low,0,0
V859,colbert,37.61,1,2,162.23,33.22,38.68,9.07,26.06,72.37,36.57,16.56,5,emergency,<5_years,low,0,0
V859,sdt,35.67,1,2,117.44,28.12,25.14,2.09,27.35,77.68,19.96,16.53,6,emergency,<5_years,low,0,1
V859,cma,44.91,1,2,144.06,35.53,44.28,5.31,35.73,67.21,38.9,21.75,7,emergency,<5_years,low,0,1
V859,gdt,36.06,1,2,126.7,34.77,40.2,5.09,29.89,77.73,34.3,21.39,8,emergency,<5_years,low,0,1
V859,medcpt,39.96,1,2,151.03,34.18,36.15,8.67,33.29,67.73,30.74,28.5,9,emergency,<5_years,low,0,0
V626,colbert,22.37,1,1,146.98,34.84,32.29,11.8,26.62,85.59,37.27,15.49,1,hospital_medicine,<5_years,low,0,0
V626,cma,25.39,1,1,167.88,31.68,34.86,8.68,23.87,77.22,30.51,14.91,2,hospital_medicine,<5_years,low,0,1
V626,bm25,21.39,1,1,152.7,38.01,43.34,12.78,39.06,74.56,38.07,20.28,3,hospital_medicine,<5_years,low,0,0
V626,llm_rag,20.1,1,1,148.97,30.25,27.05,8.49,24.83,77.44,26.75,16.93,4,hospital_medicine,<5_years,low,0,0
V626,control,23.08,1,1,207.75,39.41,41.12,18.07,36.24,73.85,39.51,27.64,5,hospital_medicine,<5_years,low,0,0
V626,sdt,16.16,1,1,89.98,24.98,22.06,4.1,14.89,82.79,16.78,9.24,6,hospital_medicine,<5_years,low,0,1
V626,gdt,17.86,1,1,120.48,29.38,28.85,6.35,17.95,85.22,24.16,13.74,7,hospital_medicine,<5_years,low,0,1
V626,medcpt,18.14,1,1,141.03,30.29,22.86,8.29,20.95,83.57,28.33,17.72,8,hospital_medicine,<5_years,low,0,0
V626,graphcare,16.8,1,1,163.67,29.72,25.79,8.12,25.02,85.81,19.76,13.85,9,hospital_medicine,<5_years,low,0,0
V606,medcpt,63.27,1,3,133.87,40.68,50.97,14.42,45.4,64.47,44.83,23.97,1,emergency,>=5_years,high,2,0
V606,sdt,52.4,1,3,100.47,32.68,32.11,12.86,31.01,73.2,31.67,15.23,2,emergency,>=5_years,high,2,1
V606,gdt,54.09,1,3,121.5,33.2,34.55,9.86,37.03,64.34,34.86,18.55,3,emergency,>=5_years,high,2,1
V606,cma,62.63,1,3,158.99,41.69,45.66,12.64,40.47,67.21,47.4,36.77,4,emergency,>=5_years,high,2,1
V606,control,75.77,1,3,185.92,49.13,62.85,20.68,49.86,61.1,61.92,38.38,5,emergency,>=5_years,high,2,0
V606,llm_rag,55.8,1,3,165.06,35.94,38.91,7.67,40.81,72.51,37.59,18.15,6,emergency,>=5_years,high,2,0
V606,colbert,59.84,1,3,150.81,38.64,44.41,6.28,41.59,64.56,45.66,29.33,7,emergency,>=5_years,high,2,0
V606,bm25,69.24,1,3,191.55,47.9,58.18,18.95,54.99,61.01,65.0,29.27,8,emergency,>=5_years,high,2,0
V606,graphcare,54.79,1,3,129.84,35.97,44.23,9.33,35.99,69.82,33.18,23.26,9,emergency,>=5_years,high,2,0
V869,graphcare,37.39,1,2,152.99,34.33,33.22,8.17,33.18,74.66,33.08,23.66,1,emergency,<5_years,low,0,0
V869,control,43.76,1,2,188.27,43.49,55.21,16.84,39.36,63.69,57.9,27.93,2,emergency,<5_years,low,0,0
V869,llm_rag,42.12,1,2,163.09,32.33,30.44,17.12,24.81,71.14,32.64,17.82,3,emergency,<5_years,low,0,0
V869,cma,44.46,1,2,125.48,36.58,39.22,7.46,40.34,72.43,36.18,23.82,4,emergency,<5_years,low,0,1
V869,bm25,40.84,1,2,168.76,43.79,53.68,4.47,49.39,71.21,52.57,31.41,5,emergency,<5_years,low,0,0
V869,medcpt,38.39,1,2,135.14,34.97,38.24,11.01,36.43,69.98,35.58,18.56,6,emergency,<5_years,low,0,0
V869,gdt,34.7,1,2,124.71,34.23,28.59,16.79,29.4,72.89,41.17,16.53,7,emergency,<5_years,low,0,1
V869,colbert,39.03,1,2,158.27,33.7,34.76,7.82,24.98,72.19,41.79,20.64,8,emergency,<5_years,low,0,0
V869,sdt,35.1,1,2,113.83,29.18,32.75,6.74,22.48,82.8,25.93,4.37,9,emergency,<5_years,low,0,1
V109,cma,103.93,1,5,145.9,49.44,56.93,11.11,70.29,56.39,68.11,33.82,1,internal_medicine,<5_years,high,3,1
V109,llm_rag,105.33,1,5,163.12,49.91,68.81,20.89,54.94,54.39,61.43,38.98,2,internal_medicine,<5_years,high,3,0
V109,bm25,115.04,1,5,183.82,59.28,79.65,28.29,74.63,40.18,85.54,47.41,3,internal_medicine,<5_years,high,3,0
V109,control,120.23,1,5,192.54,57.9,81.28,14.57,77.88,40.48,87.29,45.89,4,internal_medicine,<5_years,high,3,0
V109,medcpt,95.75,1,5,138.44,50.08,63.5,23.34,55.93,59.98,59.65,38.05,5,internal_medicine,<5_years,high,3,0
V109,graphcare,92.57,1,5,140.8,48.77,68.95,13.86,53.06,60.06,59.48,37.18,6,internal_medicine,<5_years,high,3,0
V109,sdt,90.95,1,5,113.39,41.65,51.27,17.13,44.3,62.16,52.62,22.4,7,internal_medicine,<5_years,high,3,1
V109,colbert,107.49,1,5,160.96,50.38,62.52,18.79,55.65,61.95,64.71,38.68,8,internal_medicine,<5_years,high,3,0
V109,gdt,100.88,1,5,119.5,44.95,56.25,13.22,60.06,56.5,60.66,23.02,9,internal_medicine,<5_years,high,3,1
V935,cma,17.3,1,1,140.19,30.5,24.13,7.61,31.96,73.62,26.63,19.06,1,hospital_medicine,<5_years,low,0,1
V935,graphcare,17.17,1,1,144.12,27.37,26.48,5.86,23.56,74.49,24.73,9.09,2,hospital_medicine,<5_years,low,0,0
V935,sdt,18.14,1,1,106.53,25.86,28.0,7.11,16.72,83.81,11.81,7.7,3,hospital_medicine,<5_years,low,0,1
V935,llm_rag,109.52,0,1,138.71,43.73,51.25,17.35,50.16,62.5,57.94,23.19,4,hospital_medicine,<5_years,low,0,0
V935,colbert,123.49,0,1,151.97,48.38,66.64,11.64,61.37,55.22,64.68,30.75,5,hospital_medicine,<5_years,low,0,0
V935,bm25,21.77,1,1,204.84,41.44,48.5,13.63,40.53,81.05,40.79,24.12,6,hospital_medicine,<5_years,low,0,0
V935,control,25.32,1,1,195.82,38.26,46.95,8.12,40.58,69.87,43.91,20.12,7,hospital_medicine,<5_years,low,0,0
V935,gdt,21.2,1,1,110.37,28.99,21.71,14.52,24.66,78.73,19.22,15.1,8,hospital_medicine,<5_years,low,0,1
V935,medcpt,21.44,1,1,149.42,30.19,24.52,10.73,23.52,84.14,27.47,10.78,9,hospital_medicine,<5_years,low,0,0
V561,cma,22.19,1,1,174.58,32.9,29.79,6.77,33.3,79.62,29.65,18.27,1,critical_care,<5_years,low,0,1
V561,sdt,19.88,1,1,127.6,26.89,18.49,15.07,22.25,85.09,17.48,2.98,2,critical_care,<5_years,low,0,1
V561,control,25.31,1,1,197.96,39.91,47.02,14.22,38.88,70.01,43.41,25.92,3,critical_care,<5_years,low,0,0
V561,bm25,19.72,1,1,172.48,38.72,36.71,9.79,36.97,78.15,44.82,25.89,4,critical_care,<5_years,low,0,0
V561,graphcare,19.55,1,1,168.04,30.51,28.6,8.22,29.76,80.03,18.98,17.5,5,critical_care,<5_years,low,0,0
V561,llm_rag,18.67,1,1,167.24,29.15,22.26,9.15,16.69,86.83,22.01,17.94,6,critical_care,<5_years,low,0,0
V561,colbert,21.88,1,1,165.58,31.01,26.71,10.16,24.65,82.43,31.4,10.7,7,critical_care,<5_years,low,0,0
V561,medcpt,17.91,1,1,168.77,29.44,28.15,5.12,18.43,85.9,26.78,12.27,8,critical_care,<5_years,low,0,0
V561,gdt,16.72,1,1,126.77,26.51,24.62,2.14,22.28,76.9,20.78,12.32,9,critical_care,<5_years,low,0,1
V424,sdt,67.23,1,4,120.19,38.06,37.61,21.54,33.88,68.06,46.26,20.98,1,internal_medicine,<5_years,high,2,1
V424,cma,82.05,1,4,146.69,49.12,54.95,22.86,55.98,66.26,57.2,37.44,2,internal_medicine,<5_years,high,2,1
V424,control,86.98,1,4,187.27,55.9,67.25,26.69,67.77,53.62,72.33,47.75,3,internal_medicine,<5_years,high,2,0
V424,gdt,71.1,1,4,135.0,41.97,51.99,18.66,41.6,74.67,40.96,23.92,4,internal_medicine,<5_years,high,2,1
V424,graphcare,80.69,1,4,147.21,39.53,48.31,9.08,49.38,59.1,52.23,19.09,5,internal_medicine,<5_years,high,2,0
V424,colbert,81.55,1,4,156.27,41.69,51.47,11.94,46.67,60.93,47.87,31.24,6,internal_medicine,<5_years,high,2,0
V424,llm_rag,80.02,1,4,181.36,44.67,54.97,13.29,49.33,66.84,54.18,29.44,7,internal_medicine,<5_years,high,2,0
V424,bm25,93.3,1,4,203.46,56.7,71.81,21.04,72.72,58.56,75.26,40.77,8,internal_medicine,<5_years,high,2,0
V424,medcpt,71.3,1,4,134.59,42.13,52.44,11.84,45.86,64.44,50.46,27.74,9,internal_medicine,<5_years,high,2,0
V072,medcpt,80.06,1,4,139.55,41.96,52.59,19.07,47.24,60.58,47.07,25.22,1,internal_medicine,>=5_years,high,2,0
V072,bm25,95.57,1,4,204.22,53.01,64.46,21.46,70.04,56.88,61.72,43.48,2,internal_medicine,>=5_years,high,2,0
V072,gdt,78.18,1,4,122.58,43.59,57.24,8.36,52.23,70.21,50.86,22.62,3,internal_medicine,>=5_years,high,2,1
V072,cma,87.11,1,4,150.81,49.5,60.05,18.45,53.81,67.11,51.15,46.45,4,internal_medicine,>=5_years,high,2,1
V072,sdt,72.89,1,4,113.43,39.66,44.46,23.31,41.21,65.18,38.98,24.84,5,internal_medicine,>=5_years,high,2,1
V072,control,90.17,1,4,183.77,54.45,69.99,21.55,71.64,48.71,70.37,44.46,6,internal_medicine,>=5_years,high,2,0
V072,graphcare,82.38,1,4,144.58,44.8,54.92,17.35,47.83,66.25,50.01,32.46,7,internal_medicine,>=5_years,high,2,0
V072,llm_rag,72.25,1,4,184.74,41.07,48.85,13.41,52.21,67.25,39.88,24.84,8,internal_medicine,>=5_years,high,2,0
V072,colbert,74.74,1,4,164.21,44.99,51.77,18.08,52.02,64.52,49.91,33.66,9,internal_medicine,>=5_years,high,2,0
V455,control,88.01,1,4,184.78,53.27,69.3,14.59,67.78,63.81,65.95,38.18,1,hospital_medicine,>=5_years,high,1,0
V455,colbert,75.26,1,4,161.89,44.01,52.93,12.36,43.63,66.0,55.4,33.74,2,hospital_medicine,>=5_years,high,1,0
V455,sdt,70.47,1,4,118.29,40.27,43.1,15.59,44.17,81.48,36.3,20.94,3,hospital_medicine,>=5_years,high,1,1
V455,medcpt,82.56,1,4,137.18,48.14,57.91,15.35,56.36,68.63,58.69,31.93,4,hospital_medicine,>=5_years,high,1,0
V455,llm_rag,76.18,1,4,164.59,43.84,55.44,16.52,50.19,63.05,50.32,27.51,5,hospital_medicine,>=5_years,high,1,0
V455,bm25,91.21,1,4,188.73,54.13,73.86,25.87,59.96,57.28,74.7,33.13,6,hospital_medicine,>=5_years,high,1,0
V455,graphcare,76.16,1,4,164.05,45.36,57.29,11.28,55.05,72.16,53.48,22.88,7,hospital_medicine,>=5_years,high,1,0
V455,gdt,73.99,1,4,134.21,40.73,49.18,9.82,39.61,65.0,48.09,32.7,8,hospital_medicine,>=5_years,high,1,1
V455,cma,85.44,1,4,132.09,47.33,56.69,23.67,55.95,52.39,59.49,35.79,9,hospital_medicine,>=5_years,high,1,1
V623,gdt,70.3,1,4,137.21,40.06,47.64,16.41,41.3,67.23,48.9,18.86,1,hospital_medicine,<5_years,high,3,1
V623,colbert,182.35,0,4,159.61,62.39,85.6,22.58,84.23,44.84,89.1,47.96,2,hospital_medicine,<5_years,high,3,0
V623,graphcare,178.88,0,4,147.83,64.6,91.27,24.56,89.23,49.38,82.08,51.09,3,hospital_medicine,<5_years,high,3,0
V623,bm25,195.52,0,4,192.64,69.3,100.0,27.75,100.0,33.99,95.57,58.47,4,hospital_medicine,<5_years,high,3,0
V623,control,191.69,0,4,187.93,67.74,100.0,17.25,96.19,30.01,100.0,63.01,5,hospital_medicine,<5_years,high,3,0
V623,sdt,73.24,1,4,106.72,37.31,46.7,5.81,40.59,72.18,39.54,19.03,6,hospital_medicine,<5_years,high,3,1
V623,llm_rag,177.62,0,4,147.5,59.61,81.16,24.26,81.49,45.02,79.93,45.77,7,hospital_medicine,<5_years,high,3,0
V623,medcpt,175.93,0,4,141.0,62.66,89.84,29.9,77.28,42.72,87.54,48.69,8,hospital_medicine,<5_years,high,3,0
V623,cma,190.73,0,4,146.42,61.82,96.8,19.68,84.57,34.07,86.63,49.19,9,hospital_medicine,<5_years,high,3,1
V232,cma,41.27,1,2,140.91,37.7,32.07,18.86,31.67,80.32,40.61,22.64,1,emergency,<5_years,low,1,1
V232,control,47.84,1,2,200.81,43.59,57.9,12.77,48.71,67.45,51.61,23.07,2,emergency,<5_years,low,1,0
V232,medcpt,41.4,1,2,139.21,35.16,36.59,11.14,31.92,80.1,33.86,17.32,3,emergency,<5_years,low,1,0
V232,sdt,39.71,1,2,114.66,30.22,29.6,5.21,20.1,80.01,26.46,19.93,4,emergency,<5_years,low,1,1
V232,gdt,36.68,1,2,130.4,31.11,26.79,7.68,25.06,75.52,28.5,23.08,5,emergency,<5_years,low,1,1
V232,graphcare,37.42,1,2,148.62,32.89,36.94,17.37,24.41,74.42,31.28,12.92,6,emergency,<5_years,low,1,0
V232,colbert,38.48,1,2,153.78,33.35,33.05,11.38,32.35,75.44,36.6,11.28,7,emergency,<5_years,low,1,0
V232,llm_rag,36.57,1,2,144.36,37.38,36.37,19.27,28.81,77.92,35.83,26.08,8,emergency,<5_years,low,1,0
V232,bm25,52.62,1,2,185.31,48.62,58.77,10.6,50.19,76.28,55.64,40.24,9,emergency,<5_years,low,1,0
V040,sdt,18.13,1,1,97.64,23.42,17.37,2.62,14.92,82.07,16.77,6.76,1,critical_care,>=5_years,low,0,1
V040,gdt,17.93,1,1,120.3,30.98,30.1,10.83,27.59,86.93,23.75,6.7,2,critical_care,>=5_years,low,0,1
V040,graphcare,19.35,1,1,163.45,30.7,34.95,13.3,20.72,77.58,24.49,13.18,3,critical_care,>=5_years,low,0,0
V040,medcpt,22.2,1,1,151.4,30.85,30.06,4.58,22.07,81.78,32.46,14.13,4,critical_care,>=5_years,low,0,0
V040,cma,21.86,1,1,144.48,33.29,34.9,5.99,29.0,81.99,28.95,18.95,5,critical_care,>=5_years,low,0,1
V040,control,21.8,1,1,199.65,38.13,39.13,7.41,39.32,76.45,48.51,17.99,6,critical_care,>=5_years,low,0,0
V040,llm_rag,118.84,0,1,159.55,49.67,67.09,25.17,57.9,57.75,61.61,28.49,7,critical_care,>=5_years,low,0,0
V040,bm25,23.18,1,1,202.01,37.62,39.16,13.33,39.41,72.04,38.79,22.97,8,critical_care,>=5_years,low,0,0
V040,colbert,17.55,1,1,167.58,30.32,22.18,17.16,21.74,81.25,26.56,13.05,9,critical_care,>=5_years,low,0,0
V475,llm_rag,93.17,1,5,170.65,46.84,56.4,17.83,58.43,62.48,55.85,30.04,1,critical_care,<5_years,high,2,0
V475,control,111.68,1,5,192.26,58.63,79.54,15.38,81.98,49.1,78.2,47.57,2,critical_care,<5_years,high,2,0
V475,colbert,95.35,1,5,151.18,48.55,63.71,21.19,57.83,58.21,57.77,32.62,3,critical_care,<5_years,high,2,0
V475,cma,102.01,1,5,136.12,52.41,64.75,22.51,60.02,66.36,62.63,38.23,4,critical_care,<5_years,high,2,1
V475,bm25,116.78,1,5,191.21,59.9,85.09,21.47,74.67,47.79,76.15,54.24,5,critical_care,<5_years,high,2,0
V475,sdt,89.6,1,5,109.59,43.5,50.9,18.21,49.27,65.01,53.18,24.43,6,critical_care,<5_years,high,2,1
V475,graphcare,100.98,1,5,156.75,49.21,68.0,10.21,57.97,64.71,59.9,34.45,7,critical_care,<5_years,high,2,0
V475,gdt,100.39,1,5,133.0,50.32,68.48,21.33,55.54,61.59,63.6,31.36,8,critical_care,<5_years,high,2,1
V475,medcpt,101.71,1,5,133.9,49.87,61.92,18.91,59.79,61.39,65.55,31.67,9,critical_care,<5_years,high,2,0
V208,colbert,39.26,1,2,146.48,36.38,39.74,16.12,33.04,73.36,40.98,15.03,1,critical_care,<5_years,low,1,0
V208,medcpt,40.89,1,2,132.95,35.45,36.43,5.73,32.58,79.1,40.16,18.71,2,critical_care,<5_years,low,1,0
V208,bm25,47.69,1,2,206.01,43.45,50.46,13.06,46.5,66.34,51.06,33.27,3,critical_care,<5_years,low,1,0
V208,cma,47.27,1,2,165.94,35.45,46.62,6.66,31.41,69.56,38.77,19.66,4,critical_care,<5_years,low,1,1
V208,sdt,33.28,1,2,113.08,30.64,23.98,12.5,20.41,75.59,30.73,20.64,5,critical_care,<5_years,low,1,1
V208,gdt,38.92,1,2,125.36,35.58,35.01,9.98,34.23,86.65,28.88,18.74,6,critical_care,<5_years,low,1,1
V208,graphcare,43.68,1,2,151.06,35.55,41.17,8.53,32.41,76.36,36.08,18.76,7,critical_care,<5_years,low,1,0
V208,control,45.61,1,2,204.59,42.38,51.52,8.1,49.46,62.84,51.83,30.54,8,critical_care,<5_years,low,1,0
V208,llm_rag,38.57,1,2,140.75,32.61,35.53,6.45,29.71,78.98,31.79,13.18,9,critical_care,<5_years,low,1,0
V412,gdt,77.92,1,4,130.82,39.78,52.7,15.64,42.37,54.42,47.63,25.92,1,hospital_medicine,<5_years,high,1,1
V412,control,97.19,1,4,191.51,55.74,69.69,20.06,71.05,55.5,71.9,46.22,2,hospital_medicine,<5_years,high,1,0
V412,cma,81.03,1,4,143.45,46.18,58.74,21.35,44.73,63.33,61.37,27.59,3,hospital_medicine,<5_years,high,1,1
V412,colbert,80.18,1,4,156.32,43.72,48.96,16.2,50.95,65.48,51.42,29.28,4,hospital_medicine,<5_years,high,1,0
V412,graphcare,85.85,1,4,158.16,42.86,52.16,16.14,53.68,54.59,53.39,27.19,5,hospital_medicine,<5_years,high,1,0
V412,medcpt,74.34,1,4,155.06,43.21,50.59,15.9,42.12,62.46,53.69,34.5,6,hospital_medicine,<5_years,high,1,0
V412,sdt,73.13,1,4,114.88,40.83,48.97,16.56,35.52,79.12,45.82,18.96,7,hospital_medicine,<5_years,high,1,1
V412,llm_rag,72.45,1,4,168.22,41.42,47.12,12.64,53.1,69.8,42.28,23.55,8,hospital_medicine,<5_years,high,1,0
V412,bm25,87.54,1,4,191.98,49.78,63.29,13.95,63.96,53.03,65.02,39.45,9,hospital_medicine,<5_years,high,1,0
V191,sdt,34.82,1,2,113.0,28.67,31.95,6.76,24.71,76.08,23.72,8.8,1,hospital_medicine,<5_years,low,1,1
V191,medcpt,40.38,1,2,157.18,37.65,35.24,16.01,44.3,78.36,35.1,16.9,2,hospital_medicine,<5_years,low,1,0
V191,bm25,43.75,1,2,181.87,40.43,45.65,12.47,42.89,61.26,52.68,27.64,3,hospital_medicine,<5_years,low,1,0
V191,gdt,34.72,1,2,131.64,30.43,36.43,9.39,30.81,66.54,27.12,12.31,4,hospital_medicine,<5_years,low,1,1
V191,control,39.37,1,2,199.84,40.64,43.13,15.17,43.64,67.14,46.97,27.8,5,hospital_medicine,<5_years,low,1,0
V191,graphcare,34.97,1,2,133.34,32.01,32.45,3.04,24.95,74.42,35.11,22.07,6,hospital_medicine,<5_years,low,1,0
V191,llm_rag,40.17,1,2,164.45,31.7,30.25,11.16,24.9,72.18,38.68,13.02,7,hospital_medicine,<5_years,low,1,0
V191,cma,40.55,1,2,145.93,32.3,39.19,6.44,26.79,74.72,32.4,14.27,8,hospital_medicine,<5_years,low,1,1
V191,colbert,42.58,1,2,154.39,32.32,36.61,8.45,36.93,69.6,27.03,15.32,9,hospital_medicine,<5_years,low,1,0
V185,control,24.45,1,1,217.24,41.09,47.3,13.76,48.55,76.56,36.1,24.23,1,hospital_medicine,<5_years,low,0,0
V185,colbert,19.87,1,1,167.87,31.02,27.29,8.34,29.07,84.1,28.24,9.07,2,hospital_medicine,<5_years,low,0,0
V185,llm_rag,16.0,1,1,177.16,30.5,26.86,7.42,25.97,77.14,27.28,18.33,3,hospital_medicine,<5_years,low,0,0
V185,gdt,22.93,1,1,125.99,27.28,20.72,11.65,20.48,74.88,25.57,10.41,4,hospital_medicine,<5_years,low,0,1
V185,sdt,17.82,1,1,107.28,22.24,10.13,5.65,18.18,85.9,13.57,0.0,5,hospital_medicine,<5_years,low,0,1
V185,graphcare,17.95,1,1,149.49,28.8,29.43,4.53,26.25,73.0,27.05,12.55,6,hospital_medicine,<5_years,low,0,0
V185,bm25,23.54,1,1,217.87,39.71,47.08,2.32,39.75,78.65,46.62,23.86,7,hospital_medicine,<5_years,low,0,0
V185,cma,19.74,1,1,173.18,30.62,20.82,11.29,26.2,82.06,30.87,12.45,8,hospital_medicine,<5_years,low,0,1
V185,medcpt,18.58,1,1,154.43,33.18,33.91,5.78,29.3,90.51,28.21,11.39,9,hospital_medicine,<5_years,low,0,0
V594,graphcare,61.62,1,3,150.31,40.76,45.4,22.47,40.26,65.51,43.99,26.93,1,hospital_medicine,>=5_years,low,0,0
V594,bm25,75.36,1,3,196.02,51.83,63.1,21.56,57.4,58.69,70.83,39.4,2,hospital_medicine,>=5_years,low,0,0
V594,sdt,54.6,1,3,110.97,35.25,29.04,20.21,29.35,74.05,34.97,23.89,3,hospital_medicine,>=5_years,low,0,1
V594,control,74.46,1,3,195.97,50.62,59.88,19.85,58.64,63.19,61.51,40.65,4,hospital_medicine,>=5_years,low,0,0
V594,cma,60.83,1,3,140.7,40.24,46.43,14.46,43.31,69.71,41.9,25.62,5,hospital_medicine,>=5_years,low,0,1
V594,colbert,159.2,0,3,151.47,54.5,78.87,16.03,73.82,47.41,74.39,36.5,6,hospital_medicine,>=5_years,low,0,0
V594,llm_rag,61.92,1,3,177.96,38.01,42.83,7.52,41.65,68.34,42.33,25.39,7,hospital_medicine,>=5_years,low,0,0
V594,medcpt,58.9,1,3,147.59,40.65,51.49,19.48,41.53,67.85,46.75,16.79,8,hospital_medicine,>=5_years,low,0,0
V594,gdt,56.65,1,3,131.86,36.24,41.87,10.05,39.18,69.11,35.2,22.03,9,hospital_medicine,>=5_years,low,0,1
V945,colbert,79.65,1,4,143.73,41.97,52.56,17.06,48.16,61.51,44.38,28.14,1,emergency,<5_years,high,2,0
V945,sdt,72.25,1,4,122.78,38.49,42.04,16.34,39.07,71.59,43.27,18.64,2,emergency,<5_years,high,2,1
V945,control,94.77,1,4,185.43,53.35,68.72,14.73,67.85,51.69,72.63,44.5,3,emergency,<5_years,high,2,0
V945,llm_rag,75.3,1,4,164.03,40.58,49.79,14.02,38.4,68.4,47.88,24.98,4,emergency,<5_years,high,2,0
V945,cma,84.6,1,4,148.6,47.72,70.04,17.29,54.8,61.77,54.69,27.71,5,emergency,<5_years,high,2,1
V945,graphcare,76.76,1,4,154.22,43.65,50.41,14.05,53.17,70.52,48.21,25.53,6,emergency,<5_years,high,2,0
V945,gdt,73.9,1,4,124.9,42.66,57.99,11.29,43.78,62.82,52.71,27.35,7,emergency,<5_years,high,2,1
V945,medcpt,80.54,1,4,146.22,43.71,51.02,18.36,53.32,62.72,49.01,27.8,8,emergency,<5_years,high,2,0
V945,bm25,99.44,1,4,189.97,53.73,72.52,17.51,69.31,57.26,67.34,38.43,9,emergency,<5_years,high,2,0
V146,cma,39.01,1,2,156.34,34.43,35.43,18.22,31.26,69.84,33.19,18.63,1,emergency,>=5_years,low,1,1
V146,medcpt,42.55,1,2,147.25,37.28,42.82,10.87,34.46,80.78,32.35,22.4,2,emergency,>=5_years,low,1,0
V146,gdt,37.23,1,2,143.78,31.55,33.43,11.1,23.85,74.41,36.13,10.35,3,emergency,>=5_years,low,1,1
V146,graphcare,39.2,1,2,145.24,35.95,38.36,12.27,21.78,84.18,34.83,24.31,4,emergency,>=5_years,low,1,0
V146,colbert,37.54,1,2,151.98,34.16,35.03,5.15,26.77,78.03,38.9,21.05,5,emergency,>=5_years,low,1,0
V146,llm_rag,41.06,1,2,189.95,33.54,39.46,9.89,34.39,76.11,28.47,12.91,6,emergency,>=5_years,low,1,0
V146,control,45.78,1,2,187.77,44.39,56.42,15.34,47.48,64.57,52.05,30.45,7,emergency,>=5_years,low,1,0
V146,sdt,33.28,1,2,106.83,29.09,26.92,5.59,24.38,81.12,26.03,10.51,8,emergency,>=5_years,low,1,1
V146,bm25,42.95,1,2,190.9,44.12,52.77,15.33,45.89,72.12,48.41,30.19,9,emergency,>=5_years,low,1,0
V775,llm_rag,40.77,1,2,161.6,31.92,37.95,11.31,22.32,72.61,28.43,18.9,1,hospital_medicine,>=5_years,low,1,0
V775,graphcare,42.27,1,2,158.48,34.96,37.13,8.44,40.12,70.88,33.15,20.01,2,hospital_medicine,>=5_years,low,1,0
V775,colbert,38.56,1,2,137.02,35.04,36.86,6.54,32.32,79.76,39.31,15.45,3,hospital_medicine,>=5_years,low,1,0
V775,gdt,42.95,1,2,115.01,34.03,46.99,6.58,27.84,69.46,33.65,19.66,4,hospital_medicine,>=5_years,low,1,1
V775,control,44.71,1,2,196.87,45.6,53.9,14.02,47.08,72.44,55.42,30.73,5,hospital_medicine,>=5_years,low,1,0
V775,medcpt,40.13,1,2,125.27,35.2,31.57,14.97,36.61,71.64,34.79,21.64,6,hospital_medicine,>=5_years,low,1,0
V775,sdt,37.88,1,2,111.56,28.25,28.99,14.69,23.85,74.17,23.02,4.75,7,hospital_medicine,>=5_years,low,1,1
V775,cma,40.45,1,2,154.71,34.04,33.26,12.28,30.02,74.7,33.27,20.71,8,hospital_medicine,>=5_years,low,1,1
V775,bm25,50.29,1,2,174.5,48.44,52.43,16.41,55.92,74.19,55.43,36.25,9,hospital_medicine,>=5_years,low,1,0
V166,gdt,17.75,1,1,122.35,27.4,24.8,2.56,17.26,83.87,21.19,14.71,1,emergency,<5_years,low,0,1
V166,colbert,19.99,1,1,161.56,31.58,28.77,6.96,27.31,76.62,34.64,15.19,2,emergency,<5_years,low,0,0
V166,llm_rag,21.96,1,1,159.17,30.2,37.19,2.1,20.15,82.89,23.51,15.4,3,emergency,<5_years,low,0,0
V166,control,25.45,1,1,171.46,41.92,47.38,10.73,49.97,83.33,34.25,25.89,4,emergency,<5_years,low,0,0
V166,cma,25.62,1,1,160.84,30.01,34.13,4.31,26.17,74.39,35.34,5.71,5,emergency,<5_years,low,0,1
V166,graphcare,15.75,1,1,184.32,28.11,27.04,9.4,19.01,74.8,27.21,11.23,6,emergency,<5_years,low,0,0
V166,bm25,25.19,1,1,210.04,41.1,50.31,11.42,36.04,75.35,43.62,29.84,7,emergency,<5_years,low,0,0
V166,medcpt,19.91,1,1,156.32,29.86,25.04,14.57,21.1,77.39,24.39,16.68,8,emergency,<5_years,low,0,0
V166,sdt,19.55,1,1,108.7,22.62,16.72,3.33,20.68,76.94,9.8,8.25,9,emergency,<5_years,low,0,1
V724,bm25,62.02,1,3,184.14,47.94,58.79,9.37,61.52,59.71,58.84,39.39,1,internal_medicine,<5_years,low,0,0
V724,gdt,58.56,1,3,135.74,36.7,39.03,7.82,38.03,72.07,37.92,25.32,2,internal_medicine,<5_years,low,0,1
V724,sdt,50.53,1,3,120.51,33.82,33.3,16.39,33.37,71.72,31.76,16.39,3,internal_medicine,<5_years,low,0,1
V724,control,76.75,1,3,186.93,49.91,59.43,18.5,59.07,61.3,62.96,38.19,4,internal_medicine,<5_years,low,0,0
V724,colbert,58.27,1,3,160.72,40.84,50.75,11.25,44.15,74.71,43.12,21.08,5,internal_medicine,<5_years,low,0,0
V724,cma,56.94,1,3,168.16,39.23,46.03,8.36,45.62,67.0,42.78,25.58,6,internal_medicine,<5_years,low,0,1
V724,medcpt,52.44,1,3,131.04,41.18,42.79,19.15,41.63,73.46,45.36,24.7,7,internal_medicine,<5_years,low,0,0
V724,graphcare,57.19,1,3,137.59,38.71,42.95,14.31,40.32,75.26,39.47,19.92,8,internal_medicine,<5_years,low,0,0
V724,llm_rag,55.92,1,3,157.11,37.27,47.68,11.23,36.26,69.81,37.55,21.11,9,internal_medicine,<5_years,low,0,0
V085,medcpt,56.21,1,3,141.09,35.76,44.07,11.64,27.55,65.78,48.55,16.98,1,critical_care,<5_years,high,2,0
V085,sdt,52.13,1,3,111.3,32.72,31.65,11.42,31.9,72.36,28.53,20.48,2,critical_care,<5_years,high,2,1
V085,bm25,66.75,1,3,211.52,48.47,59.47,13.24,60.45,65.52,53.5,38.64,3,critical_care,<5_years,high,2,0
V085,graphcare,53.8,1,3,158.23,40.46,49.44,6.97,44.12,76.72,43.98,21.57,4,critical_care,<5_years,high,2,0
V085,llm_rag,162.49,0,3,173.74,55.83,79.6,22.51,67.65,46.03,74.33,44.87,5,critical_care,<5_years,high,2,0
V085,colbert,57.26,1,3,149.71,39.28,49.1,18.07,39.84,69.33,39.41,19.9,6,critical_care,<5_years,high,2,0
V085,gdt,58.96,1,3,128.18,35.22,43.16,15.06,41.02,61.96,36.58,13.53,7,critical_care,<5_years,high,2,1
V085,cma,57.59,1,3,151.42,40.51,50.71,10.62,39.44,73.9,46.83,21.57,8,critical_care,<5_years,high,2,1
V085,control,69.39,1,3,177.3,46.88,53.71,16.09,59.25,54.54,55.0,42.66,9,critical_care,<5_years,high,2,0
V346,colbert,18.22,1,1,147.82,26.83,21.27,6.46,24.71,74.82,24.62,9.08,1,hospital_medicine,<5_years,low,0,0
V346,gdt,20.21,1,1,132.49,28.41,24.82,5.13,23.07,77.65,30.53,9.23,2,hospital_medicine,<5_years,low,0,1
V346,llm_rag,17.52,1,1,153.65,28.42,24.4,0.0,23.8,80.18,26.92,15.22,3,hospital_medicine,<5_years,low,0,0
V346,sdt,16.58,1,1,123.7,25.0,17.69,12.54,14.33,83.35,12.86,9.24,4,hospital_medicine,<5_years,low,0,1
V346,graphcare,18.59,1,1,147.72,29.46,28.85,14.67,15.61,79.52,21.74,16.37,5,hospital_medicine,<5_years,low,0,0
V346,bm25,20.52,1,1,212.15,37.45,43.48,14.99,38.97,78.42,32.43,16.38,6,hospital_medicine,<5_years,low,0,0
V346,control,23.65,1,1,173.68,37.53,39.31,0.67,44.62,72.53,39.45,28.62,7,hospital_medicine,<5_years,low,0,0
V346,cma,18.27,1,1,146.92,30.03,30.4,8.69,20.63,78.94,30.66,10.86,8,hospital_medicine,<5_years,low,0,1
V346,medcpt,20.32,1,1,151.64,29.49,26.75,10.52,27.51,74.91,25.06,12.22,9,hospital_medicine,<5_years,low,0,0
V212,graphcare,268.67,0,4,139.85,68.14,100.0,29.07,100.0,18.72,100.0,61.03,1,emergency,<5_years,high,2,0
V212,medcpt,180.7,0,4,137.84,58.23,84.43,23.0,73.76,45.04,79.62,43.53,2,emergency,<5_years,high,2,0
V212,llm_rag,300.0,0,4,154.04,69.45,100.0,28.37,100.0,22.46,100.0,65.86,3,emergency,<5_years,high,2,0
V212,control,91.12,1,4,203.24,55.09,73.89,15.68,70.84,55.62,69.36,45.17,4,emergency,<5_years,high,2,0
V212,bm25,300.0,0,4,181.88,69.53,100.0,33.65,100.0,5.07,100.0,78.47,5,emergency,<5_years,high,2,0
V212,cma,77.23,1,4,131.67,46.51,58.93,22.19,49.45,56.13,60.67,31.7,6,emergency,<5_years,high,2,1
V212,gdt,262.82,0,4,134.86,69.0,100.0,27.87,100.0,25.71,100.0,60.43,7,emergency,<5_years,high,2,1
V212,sdt,264.09,0,4,118.08,71.68,100.0,37.87,99.67,35.24,95.75,61.52,8,emergency,<5_years,high,2,1
V212,colbert,275.91,0,4,154.23,69.9,100.0,28.05,100.0,24.38,100.0,66.98,9,emergency,<5_years,high,2,0
V962,llm_rag,77.9,1,4,168.31,44.2,51.87,17.08,47.77,72.82,50.8,24.84,1,hospital_medicine,<5_years,high,2,0
V962,bm25,91.86,1,4,205.69,55.92,69.08,21.51,66.57,56.27,73.11,49.0,2,hospital_medicine,<5_years,high,2,0
V962,gdt,73.09,1,4,117.66,39.42,50.42,11.0,40.66,65.3,46.71,22.43,3,hospital_medicine,<5_years,high,2,1
V962,cma,79.59,1,4,154.78,45.9,59.67,18.28,47.11,64.09,58.18,28.07,4,hospital_medicine,<5_years,high,2,1
V962,medcpt,79.91,1,4,144.94,44.99,59.45,15.35,45.84,64.95,58.57,25.76,5,hospital_medicine,<5_years,high,2,0
V962,colbert,80.69,1,4,145.13,43.39,47.0,23.03,40.61,58.41,55.64,35.68,6,hospital_medicine,<5_years,high,2,0
V962,graphcare,82.36,1,4,142.25,43.36,56.11,14.73,51.96,59.49,48.66,29.2,7,hospital_medicine,<5_years,high,2,0
V962,control,100.16,1,4,179.95,54.63,71.73,19.57,71.53,52.85,71.24,40.87,8,hospital_medicine,<5_years,high,2,0
V962,sdt,74.86,1,4,115.73,42.23,51.08,11.98,41.21,73.11,43.19,32.79,9,hospital_medicine,<5_years,high,2,1
V086,bm25,28.89,1,1,204.13,39.19,48.71,15.38,42.41,69.25,36.42,22.94,1,internal_medicine,>=5_years,low,0,0
V086,control,21.47,1,1,218.79,40.43,45.29,11.07,44.28,72.15,44.99,24.78,2,internal_medicine,>=5_years,low,0,0
V086,colbert,18.52,1,1,169.44,29.35,24.7,4.89,27.61,83.92,19.6,15.35,3,internal_medicine,>=5_years,low,0,0
V086,medcpt,24.08,1,1,165.8,29.78,29.24,5.18,26.73,78.86,27.87,10.81,4,internal_medicine,>=5_years,low,0,0
V086,sdt,19.58,1,1,109.63,26.63,19.99,9.18,18.76,84.01,21.04,6.82,5,internal_medicine,>=5_years,low,0,1
V086,llm_rag,18.78,1,1,169.39,30.96,31.03,7.56,21.28,80.81,26.23,18.87,6,internal_medicine,>=5_years,low,0,0
V086,gdt,20.39,1,1,122.44,30.86,21.51,13.62,22.47,84.01,33.68,9.86,7,internal_medicine,>=5_years,low,0,1
V086,graphcare,18.13,1,1,119.37,31.02,28.19,4.81,26.55,85.82,32.68,8.07,8,internal_medicine,>=5_years,low,0,0
V086,cma,19.03,1,1,141.37,28.64,25.94,2.66,26.17,76.86,25.16,15.05,9,internal_medicine,>=5_years,low,0,1
V804,bm25,126.18,1,5,190.03,59.39,83.3,20.48,80.65,41.2,84.57,46.14,1,critical_care,>=5_years,high,4,0
V804,sdt,94.17,1,5,115.98,42.08,52.7,18.22,46.44,60.92,47.98,26.2,2,critical_care,>=5_years,high,4,1
V804,llm_rag,88.56,1,5,166.03,43.13,59.74,16.13,43.11,61.96,50.93,26.95,3,critical_care,>=5_years,high,4,0
V804,control,121.73,1,5,183.52,60.91,90.69,15.48,80.47,48.18,83.64,47.0,4,critical_care,>=5_years,high,4,0
V804,colbert,107.42,1,5,157.16,48.65,64.06,15.12,61.84,58.97,58.03,33.87,5,critical_care,>=5_years,high,4,0
V804,medcpt,100.47,1,5,155.42,50.79,69.6,22.64,56.93,59.36,63.47,32.72,6,critical_care,>=5_years,high,4,0
V804,cma,105.21,1,5,145.26,50.82,65.67,18.38,62.75,52.4,70.65,35.08,7,critical_care,>=5_years,high,4,1
V804,gdt,92.45,1,5,132.76,46.75,57.25,17.45,53.82,65.31,54.05,32.63,8,critical_care,>=5_years,high,4,1
V804,graphcare,93.12,1,5,145.57,51.79,56.64,25.01,56.96,61.31,67.25,43.55,9,critical_care,>=5_years,high,4,0
V171,control,65.83,1,3,192.7,48.06,59.48,11.77,59.65,54.75,61.45,41.27,1,hospital_medicine,>=5_years,high,2,0
V171,sdt,54.05,1,3,122.48,34.26,38.34,10.41,31.96,75.52,34.2,15.13,2,hospital_medicine,>=5_years,high,2,1
V171,cma,71.76,1,3,174.44,39.8,51.94,15.61,48.75,60.78,46.84,14.87,3,hospital_medicine,>=5_years,high,2,1
V171,graphcare,58.08,1,3,141.32,36.82,39.3,8.45,34.32,70.95,45.01,22.87,4,hospital_medicine,>=5_years,high,2,0
V171,llm_rag,61.79,1,3,174.82,38.53,38.85,14.13,36.05,78.85,41.3,22.03,5,hospital_medicine,>=5_years,high,2,0
V171,colbert,52.98,1,3,181.23,40.01,48.45,11.4,41.0,73.23,42.17,23.83,6,hospital_medicine,>=5_years,high,2,0
V171,gdt,58.94,1,3,131.3,37.26,46.78,7.12,42.05,67.68,39.2,20.74,7,hospital_medicine,>=5_years,high,2,1
V171,medcpt,59.77,1,3,142.96,40.51,46.96,7.67,41.89,76.8,51.52,18.2,8,hospital_medicine,>=5_years,high,2,0
V171,bm25,69.89,1,3,180.82,49.43,67.84,12.49,57.77,57.71,62.2,38.57,9,hospital_medicine,>=5_years,high,2,0
V484,control,97.3,1,4,189.9,55.75,75.12,24.34,68.21,60.8,63.99,42.08,1,hospital_medicine,<5_years,high,3,0
V484,bm25,89.65,1,4,176.06,53.4,66.84,22.29,66.65,56.47,71.39,36.78,2,hospital_medicine,<5_years,high,3,0
V484,cma,80.54,1,4,146.37,43.92,57.38,7.94,57.29,64.18,47.27,29.45,3,hospital_medicine,<5_years,high,3,1
V484,llm_rag,280.58,0,4,172.74,70.0,100.0,32.95,100.0,20.78,100.0,66.25,4,hospital_medicine,<5_years,high,3,0
V484,medcpt,75.27,1,4,142.08,45.31,49.55,14.84,45.8,71.18,58.13,32.39,5,hospital_medicine,<5_years,high,3,0
V484,graphcare,72.46,1,4,151.55,41.1,52.22,16.97,50.53,55.48,52.19,19.19,6,hospital_medicine,<5_years,high,3,0
V484,colbert,165.05,0,4,163.61,58.35,81.14,28.46,80.46,43.5,79.16,37.41,7,hospital_medicine,<5_years,high,3,0
V484,gdt,74.79,1,4,120.6,39.6,43.91,7.21,47.04,63.27,51.59,24.57,8,hospital_medicine,<5_years,high,3,1
V484,sdt,71.61,1,4,108.98,39.28,45.64,21.71,35.12,70.18,39.39,23.65,9,hospital_medicine,<5_years,high,3,1
V625,colbert,76.87,1,4,164.08,44.24,48.22,19.52,49.28,65.63,52.99,29.78,1,emergency,<5_years,high,0,0
V625,llm_rag,76.19,1,4,170.19,43.06,54.97,22.44,45.35,63.89,49.65,22.09,2,emergency,<5_years,high,0,0
V625,graphcare,80.89,1,4,145.8,44.35,56.19,10.67,49.27,69.3,51.0,29.69,3,emergency,<5_years,high,0,0
V625,cma,81.0,1,4,150.59,43.94,51.94,17.66,53.64,61.05,49.17,30.16,4,emergency,<5_years,high,0,1
V625,bm25,97.28,1,4,205.25,52.91,71.14,23.93,65.5,51.97,67.79,37.12,5,emergency,<5_years,high,0,0
V625,medcpt,76.28,1,4,138.78,43.89,48.4,17.17,47.2,63.73,60.59,26.27,6,emergency,<5_years,high,0,0
V625,gdt,73.91,1,4,118.21,38.09,51.36,10.1,38.24,56.03,49.63,23.16,7,emergency,<5_years,high,0,1
V625,control,102.28,1,4,197.07,56.82,80.19,15.77,66.57,56.43,74.34,47.63,8,emergency,<5_years,high,0,0
V625,sdt,71.63,1,4,112.03,39.29,37.93,11.7,45.4,75.49,34.73,30.47,9,emergency,<5_years,high,0,1
V482,gdt,56.7,1,3,133.92,37.82,37.89,16.62,36.17,68.56,42.28,25.38,1,hospital_medicine,<5_years,high,2,1
V482,sdt,54.83,1,3,104.85,31.96,32.51,9.82,24.7,75.69,30.24,18.77,2,hospital_medicine,<5_years,high,2,1
V482,cma,59.69,1,3,162.29,39.34,49.73,8.78,46.97,67.79,40.66,22.12,3,hospital_medicine,<5_years,high,2,1
V482,graphcare,59.89,1,3,141.52,39.45,44.65,18.42,42.2,71.39,44.96,15.11,4,hospital_medicine,<5_years,high,2,0
V482,bm25,65.4,1,3,181.94,47.47,55.46,18.75,54.1,64.94,59.08,32.5,5,hospital_medicine,<5_years,high,2,0
V482,control,76.75,1,3,198.01,55.59,70.82,18.54,66.56,63.87,69.56,44.19,6,hospital_medicine,<5_years,high,2,0
V482,llm_rag,250.05,0,3,161.72,68.69,100.0,30.02,97.36,30.6,99.59,54.56,7,hospital_medicine,<5_years,high,2,0
V482,colbert,154.18,0,3,160.44,55.87,76.83,21.66,70.66,48.1,75.2,42.79,8,hospital_medicine,<5_years,high,2,0
V482,medcpt,57.84,1,3,142.88,38.24,45.04,8.7,36.32,73.01,45.47,20.92,9,hospital_medicine,<5_years,high,2,0
V630,colbert,18.46,1,1,191.49,30.71,23.46,9.48,21.23,85.99,30.43,13.67,1,critical_care,<5_years,low,0,0
V630,sdt,16.64,1,1,119.77,24.46,16.57,4.9,13.67,82.53,18.83,10.23,2,critical_care,<5_years,low,0,1
V630,control,23.3,1,1,197.94,40.46,40.81,12.01,40.31,79.5,41.59,28.54,3,critical_care,<5_years,low,0,0
V630,cma,19.98,1,1,158.4,32.55,34.34,13.53,25.95,77.08,24.81,19.57,4,critical_care,<5_years,low,0,1
V630,llm_rag,21.54,1,1,158.36,32.34,34.04,16.94,23.55,81.22,23.15,15.13,5,critical_care,<5_years,low,0,0
V630,graphcare,16.34,1,1,137.57,28.65,20.73,3.61,22.77,88.41,20.65,15.75,6,critical_care,<5_years,low,0,0
V630,medcpt,18.66,1,1,144.68,30.38,25.99,9.29,22.63,81.02,31.75,11.58,7,critical_care,<5_years,low,0,0
V630,gdt,17.34,1,1,120.68,28.38,20.61,4.58,20.79,89.8,25.03,9.48,8,critical_care,<5_years,low,0,1
V630,bm25,23.5,1,1,219.84,39.62,42.47,9.17,42.96,73.27,44.68,25.15,9,critical_care,<5_years,low,0,0
V596,graphcare,65.98,1,3,141.95,37.25,41.46,13.25,41.79,64.25,43.22,19.53,1,internal_medicine,>=5_years,high,2,0
V596,medcpt,59.95,1,3,141.28,39.04,44.38,8.78,46.94,67.68,43.93,22.55,2,internal_medicine,>=5_years,high,2,0
V596,cma,62.82,1,3,148.62,42.51,44.32,16.3,44.19,67.94,50.8,31.52,3,internal_medicine,>=5_years,high,2,1
V596,llm_rag,151.76,0,3,162.18,55.68,81.46,15.89,69.62,51.99,71.39,43.7,4,internal_medicine,>=5_years,high,2,0
V596,colbert,55.01,1,3,157.03,38.6,36.7,17.86,41.86,70.91,44.74,19.5,5,internal_medicine,>=5_years,high,2,0
V596,sdt,54.0,1,3,108.65,34.45,36.06,7.45,31.46,81.2,35.43,15.09,6,internal_medicine,>=5_years,high,2,1
V596,control,75.45,1,3,200.3,53.6,65.36,18.13,65.02,66.27,69.0,37.83,7,internal_medicine,>=5_years,high,2,0
V596,gdt,54.64,1,3,125.96,37.51,43.63,5.44,40.59,69.52,41.41,24.49,8,internal_medicine,>=5_years,high,2,1
V596,bm25,69.65,1,3,191.7,48.85,65.06,15.58,56.26,59.91,59.92,36.35,9,internal_medicine,>=5_years,high,2,0
V570,cma,193.63,0,5,150.59,68.08,98.97,31.6,88.08,44.08,94.43,51.34,1,critical_care,<5_years,high,3,1
V570,llm_rag,294.0,0,5,154.23,70.86,100.0,40.66,100.0,19.51,100.0,64.99,2,critical_care,<5_years,high,3,0
V570,medcpt,94.91,1,5,147.81,49.36,64.53,15.63,61.41,60.18,61.93,32.47,3,critical_care,<5_years,high,3,0
V570,bm25,222.76,0,5,196.4,70.94,100.0,32.49,100.0,24.18,100.0,68.95,4,critical_care,<5_years,high,3,0
V570,sdt,91.47,1,5,113.24,39.23,42.46,14.97,46.7,62.02,49.39,19.86,5,critical_care,<5_years,high,3,1
V570,colbert,96.13,1,5,168.24,50.99,64.98,16.85,63.19,61.81,67.45,31.64,6,critical_care,<5_years,high,3,0
V570,graphcare,194.55,0,5,147.43,63.11,93.7,22.57,90.81,35.97,92.87,42.76,7,critical_care,<5_years,high,3,0
V570,gdt,98.29,1,5,131.63,48.37,67.2,16.8,56.44,58.93,54.08,36.78,8,critical_care,<5_years,high,3,1
V570,control,211.45,0,5,187.89,72.71,100.0,34.38,100.0,39.86,100.0,62.04,9,critical_care,<5_years,high,3,0
V953,bm25,45.74,1,2,170.2,44.56,47.73,19.76,51.98,65.29,48.58,34.0,1,internal_medicine,>=5_years,low,1,0
V953,graphcare,35.88,1,2,146.64,33.26,39.54,10.0,24.97,74.46,32.34,18.23,2,internal_medicine,>=5_years,low,1,0
V953,llm_rag,41.34,1,2,172.37,33.19,39.48,5.57,28.1,78.42,34.95,12.6,3,internal_medicine,>=5_years,low,1,0
V953,control,49.4,1,2,190.99,42.14,52.16,6.61,47.63,59.31,50.04,37.09,4,internal_medicine,>=5_years,low,1,0
V953,medcpt,38.44,1,2,148.98,36.39,36.91,7.5,37.96,79.24,37.51,19.21,5,internal_medicine,>=5_years,low,1,0
V953,colbert,38.97,1,2,150.68,35.65,36.97,11.48,39.65,77.3,32.43,16.07,6,internal_medicine,>=5_years,low,1,0
V953,gdt,36.47,1,2,109.07,32.45,28.16,14.32,26.87,70.9,32.23,22.24,7,internal_medicine,>=5_years,low,1,1
V953,sdt,38.71,1,2,117.22,32.17,24.27,7.55,24.77,89.97,34.0,12.46,8,internal_medicine,>=5_years,low,1,1
V953,cma,36.2,1,2,144.89,38.01,43.59,16.46,33.17,80.32,31.62,22.91,9,internal_medicine,>=5_years,low,1,1
V947,medcpt,19.28,1,1,145.56,29.36,26.71,9.59,21.17,72.05,30.43,16.21,1,emergency,>=5_years,low,0,0
V947,control,22.2,1,1,223.18,38.38,42.87,12.53,39.1,74.28,34.99,26.51,2,emergency,>=5_years,low,0,0
V947,llm_rag,117.74,0,1,164.76,47.15,63.37,12.31,55.9,63.8,54.39,33.1,3,emergency,>=5_years,low,0,0
V947,colbert,19.17,1,1,135.6,31.08,21.16,13.44,27.85,83.55,27.5,13.01,4,emergency,>=5_years,low,0,0
V947,bm25,22.68,1,1,196.99,37.8,41.49,6.08,33.76,72.6,44.19,28.69,5,emergency,>=5_years,low,0,0
V947,gdt,18.04,1,1,118.28,27.08,26.31,3.43,18.31,74.31,22.28,17.85,6,emergency,>=5_years,low,0,1
V947,cma,19.21,1,1,120.62,29.68,32.63,5.59,20.41,81.56,25.78,12.11,7,emergency,>=5_years,low,0,1
V947,graphcare,19.04,1,1,138.18,31.11,24.23,13.26,27.12,82.07,24.24,15.76,8,emergency,>=5_years,low,0,0
V947,sdt,20.74,1,1,131.21,22.78,16.94,0.94,10.9,84.72,19.51,3.65,9,emergency,>=5_years,low,0,1
V229,medcpt,76.27,1,4,128.09,43.89,51.28,12.94,45.0,68.94,54.92,30.27,1,emergency,<5_years,high,2,0
V229,sdt,72.05,1,4,111.69,36.39,42.74,13.81,39.9,72.66,35.96,13.25,2,emergency,<5_years,high,2,1
V229,bm25,86.51,1,4,170.03,51.52,67.01,22.37,60.32,48.41,66.52,44.49,3,emergency,<5_years,high,2,0
V229,llm_rag,78.53,1,4,166.87,45.92,50.37,23.04,55.25,63.93,57.04,25.92,4,emergency,<5_years,high,2,0
V229,gdt,78.65,1,4,117.83,43.53,54.74,15.39,47.08,62.05,51.06,30.88,5,emergency,<5_years,high,2,1
V229,control,95.23,1,4,190.2,53.29,75.6,7.09,69.53,54.4,66.74,46.4,6,emergency,<5_years,high,2,0
V229,cma,79.79,1,4,149.85,45.07,56.03,19.34,50.15,60.84,57.38,26.7,7,emergency,<5_years,high,2,1
V229,graphcare,75.06,1,4,147.11,42.75,58.55,5.6,47.09,69.77,48.52,26.97,8,emergency,<5_years,high,2,0
V229,colbert,78.8,1,4,162.13,41.64,49.14,20.71,42.85,66.69,46.12,24.31,9,emergency,<5_years,high,2,0
V531,sdt,50.02,1,3,104.04,33.4,35.37,11.77,31.35,75.47,34.04,12.42,1,internal_medicine,<5_years,low,1,1
V531,gdt,56.41,1,3,132.4,37.54,42.1,21.11,32.05,73.38,37.63,18.97,2,internal_medicine,<5_years,low,1,1
V531,control,72.76,1,3,189.54,50.84,70.12,9.72,57.52,60.89,66.48,40.3,3,internal_medicine,<5_years,low,1,0
V531,colbert,61.38,1,3,150.6,38.41,43.89,16.93,39.81,68.32,36.37,25.16,4,internal_medicine,<5_years,low,1,0
V531,medcpt,60.25,1,3,153.59,41.53,46.83,12.03,47.54,70.34,49.32,23.09,5,internal_medicine,<5_years,low,1,0
V531,cma,60.67,1,3,148.83,40.32,46.54,9.46,40.16,69.01,44.9,31.81,6,internal_medicine,<5_years,low,1,1
V531,llm_rag,58.39,1,3,173.71,38.86,41.48,10.53,46.51,71.22,43.44,19.99,7,internal_medicine,<5_years,low,1,0
V531,graphcare,59.0,1,3,146.69,39.91,49.51,12.71,47.22,66.63,46.25,17.14,8,internal_medicine,<5_years,low,1,0
V531,bm25,76.51,1,3,194.12,48.8,56.63,17.54,59.9,57.5,62.92,38.34,9,internal_medicine,<5_years,low,1,0
V539,bm25,23.34,1,1,189.04,40.56,40.07,13.09,37.4,80.64,42.29,29.9,1,emergency,<5_years,low,0,0
V539,medcpt,19.63,1,1,151.34,29.99,26.99,12.19,25.25,78.33,25.8,11.37,2,emergency,<5_years,low,0,0
V539,sdt,18.56,1,1,126.3,26.16,26.92,8.84,15.72,83.95,18.49,3.04,3,emergency,<5_years,low,0,1
V539,llm_rag,19.73,1,1,184.5,30.63,24.5,13.73,21.57,81.57,27.02,15.41,4,emergency,<5_years,low,0,0
V539,cma,24.64,1,1,145.63,32.26,32.63,5.57,28.69,78.62,35.27,12.78,5,emergency,<5_years,low,0,1
V539,gdt,18.18,1,1,139.87,27.99,21.09,7.37,20.2,85.56,21.37,12.33,6,emergency,<5_years,low,0,1
V539,control,22.25,1,1,217.01,42.11,51.63,14.29,43.86,75.87,44.86,22.14,7,emergency,<5_years,low,0,0
V539,graphcare,17.11,1,1,139.16,28.66,24.48,3.44,27.45,80.4,22.23,13.98,8,emergency,<5_years,low,0,0
V539,colbert,19.4,1,1,165.03,31.66,28.76,11.36,24.86,81.0,24.02,19.94,9,emergency,<5_years,low,0,0
V571,cma,18.04,1,1,134.79,29.21,23.52,9.1,22.48,83.12,27.47,9.6,1,emergency,<5_years,low,0,1
V571,graphcare,17.82,1,1,154.08,28.8,22.62,9.2,27.39,74.4,25.94,13.23,2,emergency,<5_years,low,0,0
V571,llm_rag,18.62,1,1,167.97,28.2,22.08,9.31,25.16,74.49,27.83,10.33,3,emergency,<5_years,low,0,0
V571,gdt,18.22,1,1,144.38,30.03,28.49,12.45,25.68,84.33,24.89,4.32,4,emergency,<5_years,low,0,1
V571,control,21.3,1,1,201.59,39.43,41.79,11.44,38.98,75.02,46.11,23.24,5,emergency,<5_years,low,0,0
V571,medcpt,17.68,1,1,174.25,28.93,26.9,3.6,22.61,77.47,26.5,16.47,6,emergency,<5_years,low,0,0
V571,bm25,20.6,1,1,176.69,35.62,37.53,11.64,39.89,67.71,38.49,18.48,7,emergency,<5_years,low,0,0
V571,colbert,19.22,1,1,157.35,32.92,34.4,8.05,29.94,78.4,36.04,10.71,8,emergency,<5_years,low,0,0
V571,sdt,16.56,1,1,98.68,24.49,12.34,4.89,12.15,89.22,17.83,10.51,9,emergency,<5_years,low,0,1
V489,bm25,118.8,1,5,179.86,62.85,85.88,22.27,82.58,45.3,87.98,53.08,1,hospital_medicine,<5_years,high,4,0
V489,gdt,101.1,1,5,124.41,47.07,54.64,22.4,54.51,59.31,57.93,33.65,2,hospital_medicine,<5_years,high,4,1
V489,sdt,86.61,1,5,110.74,42.19,54.14,11.86,43.44,63.51,53.66,26.55,3,hospital_medicine,<5_years,high,4,1
V489,graphcare,99.84,1,5,147.47,48.56,64.1,16.11,62.51,62.44,55.42,30.8,4,hospital_medicine,<5_years,high,4,0
V489,cma,104.28,1,5,138.62,49.54,62.67,20.89,55.95,61.13,60.89,35.73,5,hospital_medicine,<5_years,high,4,1
V489,colbert,93.06,1,5,149.45,47.96,66.28,16.41,56.07,61.82,59.01,28.18,6,hospital_medicine,<5_years,high,4,0
V489,medcpt,96.87,1,5,149.08,48.26,61.68,16.55,59.54,56.63,60.66,34.53,7,hospital_medicine,<5_years,high,4,0
V489,llm_rag,279.8,0,5,166.32,70.4,100.0,30.48,100.0,20.7,100.0,71.19,8,hospital_medicine,<5_years,high,4,0
V489,control,125.52,1,5,183.83,60.97,85.45,26.48,80.04,40.54,83.14,50.18,9,hospital_medicine,<5_years,high,4,0
V267,graphcare,54.61,1,3,153.35,37.28,39.82,16.25,38.91,62.91,47.63,18.16,1,emergency,>=5_years,low,1,0
V267,bm25,72.78,1,3,202.14,49.02,60.94,22.15,61.02,53.1,72.0,24.92,2,emergency,>=5_years,low,1,0
V267,medcpt,55.68,1,3,157.15,37.5,43.67,3.6,48.96,70.61,38.56,19.61,3,emergency,>=5_years,low,1,0
V267,cma,60.4,1,3,148.28,41.95,48.45,16.33,43.98,67.0,47.27,28.66,4,emergency,>=5_years,low,1,1
V267,sdt,53.4,1,3,112.72,33.13,44.56,6.63,31.02,80.91,33.28,2.38,5,emergency,>=5_years,low,1,1
V267,llm_rag,54.79,1,3,160.61,39.0,45.01,16.54,41.75,71.99,39.17,19.53,6,emergency,>=5_years,low,1,0
V267,control,73.18,1,3,186.35,47.99,57.83,13.52,60.67,65.41,58.47,32.07,7,emergency,>=5_years,low,1,0
V267,colbert,55.92,1,3,142.98,38.24,37.44,12.37,44.75,71.36,44.85,18.65,8,emergency,>=5_years,low,1,0
V267,gdt,57.04,1,3,124.86,37.04,37.74,12.84,35.59,72.23,47.09,16.72,9,emergency,>=5_years,low,1,1
V812,sdt,52.36,1,3,103.21,31.04,35.59,0.0,24.79,72.27,35.11,18.45,1,hospital_medicine,<5_years,high,2,1
V812,gdt,56.14,1,3,122.92,36.16,39.79,13.09,41.0,66.72,36.85,19.52,2,hospital_medicine,<5_years,high,2,1
V812,colbert,57.36,1,3,138.74,39.7,41.42,13.54,34.25,80.35,39.62,29.0,3,hospital_medicine,<5_years,high,2,0
V812,graphcare,61.01,1,3,157.23,38.85,40.45,13.87,43.93,66.47,44.13,24.22,4,hospital_medicine,<5_years,high,2,0
V812,bm25,67.65,1,3,186.31,46.51,63.1,8.14,55.97,58.08,62.57,31.23,5,hospital_medicine,<5_years,high,2,0
V812,cma,58.15,1,3,134.7,40.43,54.38,15.84,42.35,66.81,41.04,22.16,6,hospital_medicine,<5_years,high,2,1
V812,medcpt,62.87,1,3,128.37,39.76,49.66,11.42,39.85,66.39,42.82,28.39,7,hospital_medicine,<5_years,high,2,0
V812,llm_rag,156.94,0,3,153.27,57.04,75.69,29.32,71.57,47.0,79.48,39.17,8,hospital_medicine,<5_years,high,2,0
V812,control,67.94,1,3,189.94,51.39,67.89,15.59,70.29,63.73,60.21,30.64,9,hospital_medicine,<5_years,high,2,0
V742,llm_rag,17.99,1,1,164.23,29.66,26.45,15.55,19.24,81.99,22.87,11.84,1,critical_care,>=5_years,low,0,0
V742,medcpt,15.78,1,1,148.96,30.59,26.83,8.72,23.04,85.22,24.94,14.77,2,critical_care,>=5_years,low,0,0
V742,control,21.17,1,1,184.39,37.65,45.55,10.83,39.95,67.98,40.74,20.87,3,critical_care,>=5_years,low,0,0
V742,colbert,19.55,1,1,171.76,29.51,29.08,5.89,21.22,78.27,25.3,17.29,4,critical_care,>=5_years,low,0,0
V742,cma,20.84,1,1,149.99,32.06,31.52,13.3,28.26,81.03,28.19,10.06,5,critical_care,>=5_years,low,0,1
V742,sdt,18.83,1,1,111.55,24.18,16.36,1.54,14.3,81.9,24.0,6.98,6,critical_care,>=5_years,low,0,1
V742,bm25,21.24,1,1,207.58,42.45,40.21,16.63,49.07,78.71,40.26,29.85,7,critical_care,>=5_years,low,0,0
V742,graphcare,16.83,1,1,126.77,31.19,25.27,15.59,19.72,85.19,33.14,8.25,8,critical_care,>=5_years,low,0,0
V742,gdt,20.02,1,1,117.49,28.54,31.19,2.45,25.26,81.14,23.67,7.56,9,critical_care,>=5_years,low,0,1
V405,sdt,20.15,1,1,98.88,23.16,15.58,0.24,15.16,82.78,20.15,5.04,1,emergency,>=5_years,low,0,1
V405,control,23.33,1,1,180.86,39.1,50.16,18.62,39.7,71.61,32.41,22.11,2,emergency,>=5_years,low,0,0
V405,llm_rag,19.37,1,1,180.42,30.66,27.48,13.57,21.47,83.75,26.86,10.8,3,emergency,>=5_years,low,0,0
V405,medcpt,21.6,1,1,126.52,30.12,35.0,4.93,26.06,72.5,25.14,17.05,4,emergency,>=5_years,low,0,0
V405,cma,18.16,1,1,152.44,32.75,32.99,11.92,32.27,79.0,25.18,15.15,5,emergency,>=5_years,low,0,1
V405,colbert,20.51,1,1,153.67,31.32,32.52,11.2,16.47,79.63,33.0,15.1,6,emergency,>=5_years,low,0,0
V405,graphcare,22.03,1,1,153.32,29.42,30.17,4.61,22.67,75.88,27.23,15.96,7,emergency,>=5_years,low,0,0
V405,gdt,20.04,1,1,107.69,31.86,26.73,11.93,20.33,85.29,28.08,18.79,8,emergency,>=5_years,low,0,1
V405,bm25,22.96,1,1,164.95,42.03,49.67,16.91,43.53,72.4,40.09,29.58,9,emergency,>=5_years,low,0,0
V884,cma,42.92,1,2,167.74,36.78,36.28,15.87,39.18,73.64,39.83,15.91,1,critical_care,<5_years,low,1,1
V884,gdt,39.32,1,2,114.62,32.02,32.25,16.05,18.81,75.68,35.01,14.31,2,critical_care,<5_years,low,1,1
V884,sdt,35.7,1,2,127.29,30.03,25.1,15.55,25.99,80.89,23.75,8.92,3,critical_care,<5_years,low,1,1
V884,medcpt,37.91,1,2,144.86,32.06,32.97,13.02,26.3,71.89,36.5,11.68,4,critical_care,<5_years,low,1,0
V884,bm25,46.55,1,2,179.43,44.15,52.49,13.04,49.18,70.67,48.87,30.68,5,critical_care,<5_years,low,1,0
V884,graphcare,39.06,1,2,160.7,33.36,37.13,2.6,36.98,75.49,29.58,18.37,6,critical_care,<5_years,low,1,0
V884,colbert,38.8,1,2,165.03,35.28,32.03,13.79,32.13,71.54,40.46,21.7,7,critical_care,<5_years,low,1,0
V884,llm_rag,37.35,1,2,159.53,33.51,30.12,13.56,32.23,81.88,23.16,20.08,8,critical_care,<5_years,low,1,0
V884,control,47.58,1,2,185.15,42.99,56.38,13.44,46.02,61.45,53.99,26.64,9,critical_care,<5_years,low,1,0
V071,llm_rag,16.72,1,1,185.22,29.78,24.61,10.18,22.89,80.75,26.54,13.69,1,hospital_medicine,>=5_years,low,0,0
V071,graphcare,20.89,1,1,153.46,30.26,28.32,10.19,27.85,77.6,26.48,11.15,2,hospital_medicine,>=5_years,low,0,0
V071,medcpt,21.17,1,1,124.33,29.41,29.22,5.98,15.66,73.97,32.58,19.05,3,hospital_medicine,>=5_years,low,0,0
V071,colbert,19.65,1,1,140.25,30.98,28.59,14.29,27.18,76.53,26.84,12.46,4,hospital_medicine,>=5_years,low,0,0
V071,cma,19.97,1,1,133.59,32.48,32.35,11.23,28.44,77.5,31.01,14.38,5,hospital_medicine,>=5_years,low,0,1
V071,gdt,16.08,1,1,131.28,28.58,24.5,0.0,19.4,87.07,23.79,16.71,6,hospital_medicine,>=5_years,low,0,1
V071,sdt,16.96,1,1,103.04,25.58,19.16,4.62,14.66,94.0,14.15,6.92,7,hospital_medicine,>=5_years,low,0,1
V071,bm25,20.29,1,1,220.81,39.62,42.38,10.14,38.53,76.23,43.43,27.02,8,hospital_medicine,>=5_years,low,0,0
V071,control,23.05,1,1,171.32,39.05,42.49,15.61,34.84,73.53,43.87,23.98,9,hospital_medicine,>=5_years,low,0,0
V929,colbert,17.93,1,1,177.59,30.0,26.56,7.71,32.63,77.29,23.77,12.04,1,emergency,<5_years,low,0,0
V929,graphcare,17.51,1,1,155.78,26.26,25.91,5.97,17.23,73.49,22.73,12.26,2,emergency,<5_years,low,0,0
V929,control,23.53,1,1,177.72,42.48,47.99,14.08,38.23,76.7,49.11,28.79,3,emergency,<5_years,low,0,0
V929,llm_rag,17.82,1,1,157.28,31.07,29.21,9.29,22.25,78.17,29.96,17.53,4,emergency,<5_years,low,0,0
V929,cma,20.96,1,1,150.1,31.43,32.97,0.0,22.27,77.99,35.09,20.23,5,emergency,<5_years,low,0,1
V929,bm25,25.84,1,1,206.2,40.47,35.82,16.72,40.29,77.64,44.11,28.23,6,emergency,<5_years,low,0,0
V929,sdt,20.0,1,1,114.96,26.84,22.36,5.26,20.79,86.02,20.37,6.21,7,emergency,<5_years,low,0,1
V929,medcpt,17.53,1,1,159.12,31.24,28.27,3.48,26.26,85.07,29.01,15.35,8,emergency,<5_years,low,0,0
V929,gdt,21.38,1,1,131.7,32.37,28.66,14.61,28.1,80.54,27.89,14.39,9,emergency,<5_years,low,0,1
V184,sdt,42.52,1,2,104.81,29.93,25.26,16.43,18.46,74.67,32.78,11.99,1,hospital_medicine,>=5_years,low,1,1
V184,cma,43.43,1,2,153.43,33.47,31.91,14.39,29.41,74.55,29.41,21.18,2,hospital_medicine,>=5_years,low,1,1
V184,medcpt,38.34,1,2,142.75,35.39,35.89,11.8,29.48,80.29,26.89,28.0,3,hospital_medicine,>=5_years,low,1,0
V184,llm_rag,31.88,1,2,166.43,32.67,35.48,10.44,27.13,76.2,31.3,15.46,4,hospital_medicine,>=5_years,low,1,0
V184,colbert,41.54,1,2,151.89,36.19,40.2,13.78,33.8,74.8,34.02,20.56,5,hospital_medicine,>=5_years,low,1,0
V184,bm25,45.23,1,2,188.44,46.02,55.32,15.66,49.55,68.14,55.5,31.92,6,hospital_medicine,>=5_years,low,1,0
V184,graphcare,36.25,1,2,133.99,31.1,37.73,5.27,25.72,73.1,32.48,12.31,7,hospital_medicine,>=5_years,low,1,0
V184,control,51.42,1,2,194.38,45.04,51.63,14.77,52.96,66.51,51.83,32.56,8,hospital_medicine,>=5_years,low,1,0
V184,gdt,36.76,1,2,134.14,32.49,31.35,12.74,22.59,76.22,38.71,13.33,9,hospital_medicine,>=5_years,low,1,1
V665,control,221.04,0,5,173.51,71.17,100.0,31.49,100.0,25.03,100.0,70.52,1,internal_medicine,<5_years,high,2,0
V665,graphcare,194.12,0,5,151.76,64.02,92.39,22.98,86.45,45.77,90.09,46.45,2,internal_medicine,<5_years,high,2,0
V665,llm_rag,204.18,0,5,158.23,66.16,100.0,26.07,89.36,32.9,95.86,52.77,3,internal_medicine,<5_years,high,2,0
V665,colbert,300.0,0,5,159.13,72.47,100.0,42.19,100.0,21.46,100.0,71.18,4,internal_medicine,<5_years,high,2,0
V665,medcpt,200.32,0,5,132.18,66.63,95.23,24.03,95.97,32.85,96.88,54.8,5,internal_medicine,<5_years,high,2,0
V665,gdt,188.8,0,5,119.16,63.27,95.43,27.85,81.36,42.68,86.54,45.79,6,internal_medicine,<5_years,high,2,1
V665,cma,227.33,0,5,150.73,69.39,100.0,28.01,100.0,31.89,95.08,61.39,7,internal_medicine,<5_years,high,2,1
V665,bm25,214.81,0,5,196.59,71.56,100.0,34.54,100.0,26.77,100.0,68.02,8,internal_medicine,<5_years,high,2,0
V665,sdt,196.17,0,5,111.89,58.03,86.27,24.43,77.89,43.05,78.54,37.97,9,internal_medicine,<5_years,high,2,1
V367,medcpt,200.04,0,5,139.64,65.68,98.35,27.55,91.43,31.86,85.98,58.9,1,critical_care,<5_years,high,4,0
V367,llm_rag,288.08,0,5,156.16,71.03,100.0,30.06,100.0,27.51,100.0,68.63,2,critical_care,<5_years,high,4,0
V367,control,114.88,1,5,191.97,59.03,78.66,13.21,76.04,52.72,83.53,50.0,3,critical_care,<5_years,high,4,0
V367,sdt,91.22,1,5,121.57,39.76,46.16,10.37,46.27,65.13,49.09,21.56,4,critical_care,<5_years,high,4,1
V367,graphcare,99.54,1,5,147.53,47.75,62.59,11.13,60.09,57.49,60.39,34.81,5,critical_care,<5_years,high,4,0
V367,cma,97.69,1,5,157.52,48.55,61.52,20.51,62.34,56.44,60.14,30.33,6,critical_care,<5_years,high,4,1
V367,colbert,99.79,1,5,150.49,48.1,65.62,13.87,54.83,64.22,55.59,34.49,7,critical_care,<5_years,high,4,0
V367,gdt,96.8,1,5,130.56,46.7,61.41,20.68,50.35,58.45,55.07,34.28,8,critical_care,<5_years,high,4,1
V367,bm25,114.79,1,5,195.86,61.88,81.52,29.62,82.04,50.8,77.11,50.22,9,critical_care,<5_years,high,4,0
V347,control,23.23,1,1,183.38,38.52,45.55,9.41,44.58,73.93,36.28,21.38,1,internal_medicine,>=5_years,low,0,0
V347,graphcare,20.67,1,1,177.55,29.53,24.87,10.85,22.61,84.4,22.48,11.94,2,internal_medicine,>=5_years,low,0,0
V347,bm25,19.98,1,1,170.77,38.09,40.87,4.89,42.75,69.48,41.99,28.54,3,internal_medicine,>=5_years,low,0,0
V347,colbert,19.32,1,1,151.64,29.68,33.69,10.93,21.8,72.99,24.59,14.1,4,internal_medicine,>=5_years,low,0,0
V347,medcpt,23.41,1,1,121.99,32.57,28.39,17.69,22.86,75.13,33.18,18.19,5,internal_medicine,>=5_years,low,0,0
V347,cma,22.78,1,1,159.45,29.73,26.71,6.34,27.98,77.05,26.58,13.74,6,internal_medicine,>=5_years,low,0,1
V347,gdt,17.83,1,1,133.03,28.57,27.52,4.6,28.91,83.86,20.88,5.64,7,internal_medicine,>=5_years,low,0,1
V347,llm_rag,20.41,1,1,151.93,27.2,26.23,5.87,18.85,81.56,22.32,8.38,8,internal_medicine,>=5_years,low,0,0
V347,sdt,19.07,1,1,122.75,24.97,18.12,7.83,13.38,85.53,22.7,2.26,9,internal_medicine,>=5_years,low,0,1
V764,llm_rag,76.76,1,4,177.52,45.61,52.72,17.89,50.47,73.55,49.52,29.53,1,hospital_medicine,<5_years,high,2,0
V764,control,90.05,1,4,188.73,53.92,73.79,15.9,69.08,56.72,67.04,40.99,2,hospital_medicine,<5_years,high,2,0
V764,cma,79.5,1,4,143.87,48.97,63.21,20.19,52.62,65.83,55.75,36.24,3,hospital_medicine,<5_years,high,2,1
V764,colbert,75.36,1,4,150.37,42.31,46.27,16.94,41.3,69.7,49.48,30.14,4,hospital_medicine,<5_years,high,2,0
V764,sdt,73.3,1,4,109.6,38.5,41.9,20.53,33.68,67.78,43.01,24.09,5,hospital_medicine,<5_years,high,2,1
V764,medcpt,81.38,1,4,142.21,45.7,55.41,17.01,47.2,69.82,56.65,28.12,6,hospital_medicine,<5_years,high,2,0
V764,gdt,74.29,1,4,121.97,42.57,62.05,8.9,41.47,62.43,48.96,31.64,7,hospital_medicine,<5_years,high,2,1
V764,bm25,85.51,1,4,211.94,54.03,77.53,16.27,67.56,50.7,68.99,43.1,8,hospital_medicine,<5_years,high,2,0
V764,graphcare,71.37,1,4,137.83,45.11,48.88,14.77,55.99,70.54,54.63,25.86,9,hospital_medicine,<5_years,high,2,0
V158,gdt,92.09,1,5,124.22,44.84,54.32,16.72,49.55,63.63,52.44,32.42,1,emergency,>=5_years,high,4,1
V158,colbert,96.19,1,5,156.28,49.34,61.89,22.76,60.42,56.44,62.38,32.17,2,emergency,>=5_years,high,4,0
V158,medcpt,98.14,1,5,138.65,49.19,72.28,11.69,57.76,55.14,61.33,36.97,3,emergency,>=5_years,high,4,0
V158,llm_rag,98.13,1,5,170.22,45.31,55.58,18.44,53.09,56.92,58.48,29.34,4,emergency,>=5_years,high,4,0
V158,cma,96.1,1,5,163.65,49.04,64.3,13.51,61.45,59.64,61.6,33.75,5,emergency,>=5_years,high,4,1
V158,control,112.2,1,5,189.49,61.63,79.45,21.95,83.77,47.8,80.68,56.12,6,emergency,>=5_years,high,4,0
V158,graphcare,96.67,1,5,139.07,48.84,62.13,13.7,65.43,55.36,55.15,41.29,7,emergency,>=5_years,high,4,0
V158,bm25,111.16,1,5,196.43,57.9,84.65,16.08,78.77,49.91,78.01,39.96,8,emergency,>=5_years,high,4,0
V158,sdt,100.47,1,5,114.29,44.67,56.66,11.93,49.28,63.51,51.86,34.81,9,emergency,>=5_years,high,4,1
V282,graphcare,282.2,0,4,149.7,70.34,100.0,35.63,100.0,17.5,100.0,68.92,1,emergency,<5_years,high,1,0
V282,llm_rag,261.07,0,4,178.76,69.65,100.0,32.28,100.0,22.81,100.0,62.79,2,emergency,<5_years,high,1,0
V282,control,297.62,0,4,186.65,70.09,100.0,36.98,100.0,11.03,100.0,72.55,3,emergency,<5_years,high,1,0
V282,bm25,300.0,0,4,182.81,70.13,100.0,37.26,100.0,0.32,100.0,83.17,4,emergency,<5_years,high,1,0
V282,cma,282.51,0,4,154.33,69.44,100.0,28.34,100.0,22.33,100.0,65.96,5,emergency,<5_years,high,1,1
V282,colbert,266.73,0,4,171.55,71.56,100.0,32.96,100.0,25.44,100.0,70.95,6,emergency,<5_years,high,1,0
V282,sdt,269.98,0,4,125.23,68.93,100.0,29.12,100.0,23.3,98.73,62.45,7,emergency,<5_years,high,1,1
V282,gdt,266.51,0,4,120.85,66.62,100.0,25.71,100.0,19.1,100.0,54.92,8,emergency,<5_years,high,1,1
V282,medcpt,281.46,0,4,149.04,69.93,100.0,29.54,100.0,22.19,100.0,67.87,9,emergency,<5_years,high,1,0
V805,colbert,94.02,1,5,159.91,47.81,63.88,17.52,58.21,58.38,58.74,30.13,1,emergency,>=5_years,high,4,0
V805,llm_rag,94.19,1,5,172.59,43.43,57.12,8.69,52.82,57.28,55.64,29.01,2,emergency,>=5_years,high,4,0
V805,cma,107.09,1,5,155.02,52.52,68.25,30.14,57.79,56.27,64.98,37.69,3,emergency,>=5_years,high,4,1
V805,control,109.0,1,5,187.04,57.57,81.52,17.59,72.17,46.98,74.79,52.35,4,emergency,>=5_years,high,4,0
V805,gdt,93.29,1,5,123.77,47.51,61.69,20.04,61.68,65.05,52.85,23.78,5,emergency,>=5_years,high,4,1
V805,sdt,86.98,1,5,107.99,41.84,52.19,14.57,43.08,66.63,48.62,25.93,6,emergency,>=5_years,high,4,1
V805,graphcare,99.17,1,5,139.86,47.57,65.67,14.57,59.07,54.98,53.69,37.45,7,emergency,>=5_years,high,4,0
V805,medcpt,102.79,1,5,142.27,51.93,67.29,16.62,63.02,56.82,61.77,46.09,8,emergency,>=5_years,high,4,0
V805,bm25,117.9,1,5,186.74,56.54,74.7,23.01,71.8,49.55,71.27,48.93,9,emergency,>=5_years,high,4,0
V801,medcpt,18.91,1,1,157.45,32.44,23.98,8.85,27.16,76.27,39.51,18.87,1,hospital_medicine,<5_years,low,0,0
V801,control,21.17,1,1,192.44,37.28,41.32,9.27,34.34,74.45,40.91,23.39,2,hospital_medicine,<5_years,low,0,0
V801,llm_rag,19.55,1,1,157.44,29.19,22.08,4.75,23.64,84.13,27.77,12.79,3,hospital_medicine,<5_years,low,0,0
V801,sdt,15.0,1,1,106.11,24.42,20.38,8.01,12.42,87.91,16.1,1.71,4,hospital_medicine,<5_years,low,0,1
V801,colbert,18.06,1,1,157.28,32.09,25.38,9.03,24.81,81.55,36.16,15.61,5,hospital_medicine,<5_years,low,0,0
V801,gdt,23.08,1,1,132.69,30.09,29.8,4.74,26.49,80.64,26.38,12.49,6,hospital_medicine,<5_years,low,0,1
V801,bm25,20.25,1,1,160.08,35.82,38.03,6.18,40.35,67.39,41.46,21.52,7,hospital_medicine,<5_years,low,0,0
V801,graphcare,18.03,1,1,158.81,28.0,23.53,9.52,20.0,77.19,26.16,11.6,8,hospital_medicine,<5_years,low,0,0
V801,cma,20.33,1,1,133.7,30.76,21.96,9.01,25.05,84.92,31.94,11.7,9,hospital_medicine,<5_years,low,0,1
V509,control,70.49,1,3,204.18,51.41,67.99,16.5,63.97,63.33,61.64,35.05,1,emergency,<5_years,low,0,0
V509,gdt,57.09,1,3,134.19,35.68,43.29,9.74,42.41,71.04,32.29,15.32,2,emergency,<5_years,low,0,1
V509,llm_rag,156.26,0,3,163.57,55.77,74.2,22.69,64.92,54.98,73.75,44.08,3,emergency,<5_years,low,0,0
V509,cma,63.67,1,3,146.47,42.38,45.73,17.74,47.42,69.56,49.61,24.24,4,emergency,<5_years,low,0,1
V509,bm25,68.41,1,3,172.92,47.94,58.92,8.55,57.81,65.24,60.12,37.0,5,emergency,<5_years,low,0,0
V509,colbert,55.85,1,3,169.69,41.37,47.96,13.03,38.34,73.68,51.29,23.93,6,emergency,<5_years,low,0,0
V509,sdt,53.8,1,3,94.7,34.02,35.18,11.54,33.16,76.11,35.03,13.13,7,emergency,<5_years,low,0,1
V509,medcpt,58.5,1,3,144.9,39.08,44.49,15.67,40.5,72.65,42.67,18.5,8,emergency,<5_years,low,0,0
V509,graphcare,56.24,1,3,166.81,38.76,40.21,19.94,34.29,72.18,44.11,21.83,9,emergency,<5_years,low,0,0
V387,sdt,18.42,1,1,114.69,24.66,22.67,7.37,11.93,75.41,21.79,8.8,1,critical_care,>=5_years,low,0,1
V387,llm_rag,21.66,1,1,178.48,29.53,24.71,5.56,26.58,83.88,24.98,11.46,2,critical_care,>=5_years,low,0,0
V387,graphcare,17.31,1,1,154.39,27.07,22.39,3.11,17.93,85.56,19.11,14.32,3,critical_care,>=5_years,low,0,0
V387,cma,20.9,1,1,129.78,33.17,25.05,8.23,26.26,82.23,39.32,17.94,4,critical_care,>=5_years,low,0,1
V387,bm25,26.82,1,1,180.03,37.05,41.52,10.25,37.0,69.03,41.89,22.63,5,critical_care,>=5_years,low,0,0
V387,medcpt,20.01,1,1,144.63,31.28,29.09,7.35,32.74,77.69,27.13,13.66,6,critical_care,>=5_years,low,0,0
V387,colbert,18.91,1,1,170.04,31.59,28.42,10.47,21.52,86.05,27.79,15.32,7,critical_care,>=5_years,low,0,0
V387,control,21.08,1,1,175.97,38.44,46.88,11.74,44.01,73.61,37.54,16.87,8,critical_care,>=5_years,low,0,0
V387,gdt,17.77,1,1,136.37,29.61,25.66,10.45,21.05,84.29,23.09,13.15,9,critical_care,>=5_years,low,0,1
V613,gdt,42.04,1,2,124.3,35.77,32.04,10.95,31.67,77.74,36.32,25.9,1,hospital_medicine,<5_years,low,1,1
V613,llm_rag,39.09,1,2,159.55,32.52,36.23,6.31,22.88,77.34,33.24,19.1,2,hospital_medicine,<5_years,low,1,0
V613,sdt,37.3,1,2,139.47,28.96,28.46,13.75,28.16,75.3,17.05,11.02,3,hospital_medicine,<5_years,low,1,1
V613,colbert,39.37,1,2,175.28,35.4,39.19,14.17,29.83,76.21,39.36,13.66,4,hospital_medicine,<5_years,low,1,0
V613,control,45.72,1,2,186.0,43.27,52.49,11.83,52.65,56.65,49.7,36.31,5,hospital_medicine,<5_years,low,1,0
V613,bm25,45.72,1,2,189.09,43.42,51.11,12.53,51.39,64.15,52.1,29.23,6,hospital_medicine,<5_years,low,1,0
V613,medcpt,35.68,1,2,144.95,34.9,37.78,10.71,22.64,75.23,40.15,22.91,7,hospital_medicine,<5_years,low,1,0
V613,cma,41.2,1,2,141.35,38.72,39.33,5.55,44.85,81.32,42.14,19.11,8,hospital_medicine,<5_years,low,1,1
V613,graphcare,37.63,1,2,140.89,33.37,35.14,6.93,30.0,75.0,35.06,18.12,9,hospital_medicine,<5_years,low,1,0
V860,graphcare,189.98,0,5,162.72,63.92,92.95,27.8,83.94,35.41,91.26,52.13,1,critical_care,>=5_years,high,3,0
V860,sdt,90.23,1,5,106.36,46.26,49.77,25.01,51.54,71.01,52.72,27.48,2,critical_care,>=5_years,high,3,1
V860,gdt,95.16,1,5,134.43,46.88,63.66,18.21,53.83,59.14,59.48,26.94,3,critical_care,>=5_years,high,3,1
V860,medcpt,199.0,0,5,143.03,66.7,100.0,32.08,90.95,32.55,96.59,48.01,4,critical_care,>=5_years,high,3,0
V860,colbert,199.5,0,5,151.65,66.0,96.48,33.72,85.46,31.69,93.25,55.37,5,critical_care,>=5_years,high,3,0
V860,bm25,118.2,1,5,196.73,57.74,88.42,19.21,74.9,42.95,78.05,42.94,6,critical_care,>=5_years,high,3,0
V860,cma,110.58,1,5,146.84,50.7,74.8,12.49,64.1,60.04,59.85,32.92,7,critical_care,>=5_years,high,3,1
V860,control,122.08,1,5,188.59,62.27,84.15,24.73,85.74,43.67,83.33,52.0,8,critical_care,>=5_years,high,3,0
V860,llm_rag,298.38,0,5,174.37,68.17,100.0,30.8,100.0,10.9,100.0,67.31,9,critical_care,>=5_years,high,3,0
V486,sdt,17.23,1,1,103.13,24.62,18.33,4.54,13.67,82.63,21.39,7.18,1,emergency,>=5_years,low,0,1
V486,cma,22.2,1,1,148.26,32.44,33.46,5.92,28.18,80.83,27.77,18.5,2,emergency,>=5_years,low,0,1
V486,gdt,20.44,1,1,134.48,27.35,19.81,5.54,23.61,84.21,23.73,7.18,3,emergency,>=5_years,low,0,1
V486,control,25.34,1,1,191.85,39.16,39.88,11.56,42.88,67.11,45.28,28.25,4,emergency,>=5_years,low,0,0
V486,medcpt,19.03,1,1,149.44,29.69,27.47,6.57,21.88,74.99,35.26,11.98,5,emergency,>=5_years,low,0,0
V486,bm25,23.91,1,1,165.76,39.58,42.43,12.67,45.01,77.89,40.69,18.76,6,emergency,>=5_years,low,0,0
V486,colbert,19.6,1,1,173.53,29.21,23.86,9.15,23.86,79.58,25.71,13.12,7,emergency,>=5_years,low,0,0
V486,graphcare,19.62,1,1,140.76,30.39,26.72,4.31,25.45,79.74,24.55,21.56,8,emergency,>=5_years,low,0,0
V486,llm_rag,16.66,1,1,155.28,30.01,24.36,10.39,31.55,77.4,29.07,7.3,9,emergency,>=5_years,low,0,0
V832,control,21.64,1,1,191.52,40.89,46.7,14.26,42.81,80.35,39.51,21.73,1,hospital_medicine,>=5_years,low,0,0
V832,sdt,19.41,1,1,119.15,26.04,25.9,10.25,14.28,85.67,19.24,0.87,2,hospital_medicine,>=5_years,low,0,1
V832,gdt,18.92,1,1,129.58,27.53,20.91,13.4,21.58,80.89,16.16,12.26,3,hospital_medicine,>=5_years,low,0,1
V832,bm25,21.85,1,1,196.99,37.78,46.17,10.68,36.44,71.56,40.36,21.48,4,hospital_medicine,>=5_years,low,0,0
V832,llm_rag,19.49,1,1,134.86,32.13,33.23,5.22,24.02,84.65,30.22,15.42,5,hospital_medicine,>=5_years,low,0,0
V832,graphcare,22.77,1,1,141.21,31.83,29.11,9.06,20.77,81.42,28.54,22.05,6,hospital_medicine,>=5_years,low,0,0
V832,medcpt,16.49,1,1,162.39,30.3,29.98,9.37,30.36,79.24,24.78,8.1,7,hospital_medicine,>=5_years,low,0,0
V832,colbert,18.16,1,1,169.33,26.93,29.63,2.71,21.17,77.91,24.96,5.23,8,hospital_medicine,>=5_years,low,0,0
V832,cma,21.8,1,1,132.07,32.03,32.17,9.06,20.49,75.31,29.57,25.58,9,hospital_medicine,>=5_years,low,0,1
V435,graphcare,59.31,1,3,155.49,39.75,42.48,11.28,42.7,72.39,43.46,26.18,1,emergency,<5_years,high,2,0
V435,medcpt,61.05,1,3,128.53,42.51,51.64,13.51,42.54,70.36,48.58,28.4,2,emergency,<5_years,high,2,0
V435,colbert,57.34,1,3,167.4,37.67,37.97,14.37,43.01,67.97,42.72,19.95,3,emergency,<5_years,high,2,0
V435,cma,66.28,1,3,141.02,41.09,51.18,11.26,49.61,62.77,48.8,22.95,4,emergency,<5_years,high,2,1
V435,control,69.07,1,3,188.72,48.18,54.74,22.14,57.74,66.26,56.59,31.6,5,emergency,<5_years,high,2,0
V435,sdt,49.82,1,3,115.37,32.6,29.83,10.87,33.07,71.33,34.39,16.09,6,emergency,<5_years,high,2,1
V435,llm_rag,56.73,1,3,166.29,31.99,39.79,4.85,32.4,62.28,36.08,16.56,7,emergency,<5_years,high,2,0
V435,gdt,56.55,1,3,127.31,38.62,44.23,6.84,44.08,74.22,43.93,18.46,8,emergency,<5_years,high,2,1
V435,bm25,66.86,1,3,175.07,44.19,57.26,12.37,53.22,52.94,56.78,32.58,9,emergency,<5_years,high,2,0
V877,cma,95.66,1,5,144.05,48.99,66.25,19.49,51.19,61.31,57.33,38.37,1,internal_medicine,<5_years,high,3,1
V877,gdt,98.98,1,5,132.71,48.74,66.59,16.91,54.21,66.28,58.48,29.96,2,internal_medicine,<5_years,high,3,1
V877,graphcare,92.92,1,5,152.39,46.7,61.53,15.17,57.76,61.65,49.06,35.03,3,internal_medicine,<5_years,high,3,0
V877,bm25,124.38,1,5,188.45,61.14,86.23,24.54,79.94,45.66,79.78,50.66,4,internal_medicine,<5_years,high,3,0
V877,control,125.98,1,5,200.28,61.39,85.96,19.35,84.66,45.52,83.83,49.02,5,internal_medicine,<5_years,high,3,0
V877,colbert,107.43,1,5,157.93,49.37,66.26,17.19,66.51,55.58,61.32,29.38,6,internal_medicine,<5_years,high,3,0
V877,sdt,91.24,1,5,117.78,43.22,52.1,18.27,45.43,66.06,53.43,24.0,7,internal_medicine,<5_years,high,3,1
V877,medcpt,101.02,1,5,141.99,50.66,68.89,22.6,59.05,59.96,60.61,32.82,8,internal_medicine,<5_years,high,3,0
V877,llm_rag,91.63,1,5,171.14,42.29,57.21,12.89,53.91,59.14,52.11,18.48,9,internal_medicine,<5_years,high,3,0
V515,cma,300.0,0,5,148.84,70.71,100.0,33.77,100.0,19.14,100.0,71.37,1,internal_medicine,>=5_years,high,0,1
V515,medcpt,300.0,0,5,142.43,72.74,100.0,46.97,100.0,15.51,100.0,73.93,2,internal_medicine,>=5_years,high,0,0
V515,colbert,300.0,0,5,158.49,72.04,100.0,41.72,100.0,12.57,100.0,77.92,3,internal_medicine,>=5_years,high,0,0
V515,gdt,300.0,0,5,133.19,68.6,100.0,25.57,100.0,12.98,100.0,73.03,4,internal_medicine,>=5_years,high,0,1
V515,bm25,300.0,0,5,194.0,73.06,100.0,36.6,100.0,14.1,100.0,87.68,5,internal_medicine,>=5_years,high,0,0
V515,sdt,300.0,0,5,118.52,70.15,100.0,37.79,100.0,13.28,100.0,69.82,6,internal_medicine,>=5_years,high,0,1
V515,llm_rag,300.0,0,5,165.16,72.07,100.0,40.88,100.0,17.81,100.0,73.75,7,internal_medicine,>=5_years,high,0,0
V515,control,300.0,0,5,195.93,70.23,100.0,29.67,100.0,11.37,100.0,80.35,8,internal_medicine,>=5_years,high,0,0
V515,graphcare,300.0,0,5,143.49,70.01,100.0,33.44,100.0,12.7,100.0,73.91,9,internal_medicine,>=5_years,high,0,0
V982,sdt,70.12,1,4,104.55,40.57,48.13,14.0,35.43,74.21,45.0,26.65,1,internal_medicine,<5_years,high,2,1
V982,bm25,201.41,0,4,176.39,67.86,100.0,25.17,99.77,25.23,100.0,57.0,2,internal_medicine,<5_years,high,2,0
V982,gdt,176.65,0,4,132.83,60.12,89.99,24.83,69.93,39.61,86.89,49.46,3,internal_medicine,<5_years,high,2,1
V982,llm_rag,184.89,0,4,167.05,65.14,92.04,24.78,87.01,41.22,89.3,56.46,4,internal_medicine,<5_years,high,2,0
V982,graphcare,170.4,0,4,140.26,59.99,81.5,18.27,82.11,43.92,82.53,51.63,5,internal_medicine,<5_years,high,2,0
V982,medcpt,267.52,0,4,154.52,70.8,100.0,32.41,100.0,25.32,100.0,67.09,6,internal_medicine,<5_years,high,2,0
V982,colbert,202.8,0,4,158.67,65.68,92.76,27.92,88.76,42.84,86.23,55.57,7,internal_medicine,<5_years,high,2,0
V982,control,207.66,0,4,206.76,68.8,100.0,27.05,100.0,27.51,100.0,58.22,8,internal_medicine,<5_years,high,2,0
V982,cma,178.71,0,4,151.44,63.56,86.1,27.66,77.93,49.15,92.19,48.33,9,internal_medicine,<5_years,high,2,1
V720,llm_rag,41.74,1,2,167.9,36.36,37.22,16.3,40.37,71.18,28.0,25.11,1,internal_medicine,<5_years,low,1,0
V720,graphcare,37.1,1,2,160.17,37.17,33.31,7.26,35.04,82.78,41.73,22.91,2,internal_medicine,<5_years,low,1,0
V720,colbert,39.1,1,2,167.29,37.48,33.94,9.9,32.73,75.77,49.19,23.32,3,internal_medicine,<5_years,low,1,0
V720,bm25,48.94,1,2,168.5,45.3,52.38,16.82,57.74,61.4,54.75,28.69,4,internal_medicine,<5_years,low,1,0
V720,sdt,35.18,1,2,127.11,30.16,31.46,12.26,25.65,78.91,20.26,12.4,5,internal_medicine,<5_years,low,1,1
V720,gdt,33.49,1,2,104.1,33.34,37.49,9.52,29.6,83.12,27.08,13.23,6,internal_medicine,<5_years,low,1,1
V720,medcpt,46.35,1,2,126.01,33.07,39.85,8.68,34.17,68.9,32.09,14.72,7,internal_medicine,<5_years,low,1,0
V720,cma,43.1,1,2,146.74,35.86,36.32,6.06,34.27,73.18,44.65,20.69,8,internal_medicine,<5_years,low,1,1
V720,control,45.83,1,2,169.48,43.53,52.05,22.79,47.48,61.84,49.12,27.91,9,internal_medicine,<5_years,low,1,0
V285,sdt,70.68,1,4,115.97,35.82,46.4,11.54,34.74,70.86,37.38,14.0,1,emergency,<5_years,high,2,1
V285,bm25,101.46,1,4,189.81,54.13,68.85,20.42,70.65,49.24,72.53,43.08,2,emergency,<5_years,high,2,0
V285,colbert,279.18,0,4,158.1,68.54,100.0,28.61,100.0,23.66,100.0,58.99,3,emergency,<5_years,high,2,0
V285,graphcare,79.0,1,4,150.32,43.46,54.1,8.55,47.12,76.17,55.32,19.47,4,emergency,<5_years,high,2,0
V285,medcpt,79.71,1,4,157.31,44.16,61.39,14.56,50.77,55.59,53.79,28.88,5,emergency,<5_years,high,2,0
V285,llm_rag,165.54,0,4,169.68,57.19,78.61,23.04,71.21,45.36,81.79,43.13,6,emergency,<5_years,high,2,0
V285,gdt,80.15,1,4,125.1,41.58,55.51,16.41,45.19,58.14,47.89,26.34,7,emergency,<5_years,high,2,1
V285,control,92.59,1,4,197.34,55.96,71.79,22.68,67.44,59.26,69.81,44.8,8,emergency,<5_years,high,2,0
V285,cma,78.57,1,4,149.76,44.45,47.44,20.1,55.67,61.73,48.15,33.62,9,emergency,<5_years,high,2,1
V637,medcpt,76.75,1,4,136.51,43.73,51.49,13.7,47.26,64.94,51.11,33.91,1,critical_care,>=5_years,high,3,0
V637,control,88.55,1,4,182.54,53.01,71.56,15.53,70.51,56.83,70.2,33.41,2,critical_care,>=5_years,high,3,0
V637,colbert,82.86,1,4,166.61,44.27,59.84,18.8,51.69,59.47,47.6,28.21,3,critical_care,>=5_years,high,3,0
V637,cma,89.58,1,4,144.23,45.6,61.47,16.35,51.99,60.72,54.58,28.48,4,critical_care,>=5_years,high,3,1
V637,gdt,82.22,1,4,141.12,39.34,53.91,13.99,41.65,63.0,39.63,23.85,5,critical_care,>=5_years,high,3,1
V637,bm25,87.68,1,4,198.28,53.85,72.74,21.42,65.0,53.81,66.11,44.02,6,critical_care,>=5_years,high,3,0
V637,graphcare,81.03,1,4,152.67,42.25,52.21,11.21,50.75,55.65,56.88,26.82,7,critical_care,>=5_years,high,3,0
V637,sdt,67.25,1,4,113.94,38.72,45.71,16.33,39.94,73.5,35.55,21.29,8,critical_care,>=5_years,high,3,1
V637,llm_rag,75.77,1,4,164.07,45.18,56.27,22.16,48.51,64.9,50.43,28.83,9,critical_care,>=5_years,high,3,0
V206,medcpt,79.83,1,4,137.1,44.38,56.24,13.05,49.26,64.26,51.02,32.47,1,hospital_medicine,<5_years,high,0,0
V206,sdt,71.28,1,4,108.5,36.76,36.12,9.58,33.33,69.57,46.59,25.38,2,hospital_medicine,<5_years,high,0,1
V206,gdt,82.31,1,4,139.73,42.94,48.81,10.8,55.82,56.56,55.69,29.93,3,hospital_medicine,<5_years,high,0,1
V206,cma,82.04,1,4,134.71,48.12,54.97,18.75,56.77,59.17,57.19,41.89,4,hospital_medicine,<5_years,high,0,1
V206,colbert,175.14,0,4,139.21,63.39,82.94,18.74,82.98,52.57,90.89,52.18,5,hospital_medicine,<5_years,high,0,0
V206,graphcare,77.6,1,4,150.12,45.15,45.3,23.75,53.18,67.19,49.68,31.8,6,hospital_medicine,<5_years,high,0,0
V206,bm25,207.27,0,4,189.74,71.37,100.0,30.3,100.0,29.06,100.0,68.84,7,hospital_medicine,<5_years,high,0,0
V206,control,95.28,1,4,189.79,52.23,70.25,18.4,66.54,55.38,70.13,32.71,8,hospital_medicine,<5_years,high,0,0
V206,llm_rag,79.8,1,4,158.73,42.01,49.29,12.97,53.62,60.4,51.42,24.37,9,hospital_medicine,<5_years,high,0,0
V378,gdt,64.23,1,3,123.05,36.34,51.78,13.6,33.8,68.82,35.22,14.84,1,emergency,>=5_years,high,2,1
V378,sdt,54.8,1,3,104.66,33.43,38.38,4.19,30.32,76.34,37.28,14.1,2,emergency,>=5_years,high,2,1
V378,cma,64.2,1,3,158.22,42.0,50.36,10.96,43.24,65.42,48.9,33.09,3,emergency,>=5_years,high,2,1
V378,control,68.76,1,3,183.97,48.64,63.51,20.5,55.53,60.95,62.77,28.6,4,emergency,>=5_years,high,2,0
V378,medcpt,61.98,1,3,138.11,41.6,56.41,12.49,41.91,65.51,46.87,26.41,5,emergency,>=5_years,high,2,0
V378,llm_rag,56.5,1,3,153.15,36.07,44.39,9.94,31.51,72.72,37.24,20.59,6,emergency,>=5_years,high,2,0
V378,bm25,73.03,1,3,174.05,47.79,60.11,13.79,57.95,66.19,58.76,29.91,7,emergency,>=5_years,high,2,0
V378,colbert,58.32,1,3,152.89,39.65,48.44,14.76,42.91,63.94,42.75,25.11,8,emergency,>=5_years,high,2,0
V378,graphcare,54.78,1,3,172.03,39.74,42.6,15.26,39.23,74.1,44.76,22.5,9,emergency,>=5_years,high,2,0
V130,gdt,199.45,0,5,137.97,64.01,90.82,25.66,85.79,39.41,90.37,52.02,1,critical_care,>=5_years,high,3,1
V130,medcpt,190.68,0,5,143.94,62.84,99.37,24.93,75.36,37.87,89.69,49.81,2,critical_care,>=5_years,high,3,0
V130,llm_rag,94.77,1,5,164.05,46.33,61.62,17.77,53.47,56.5,54.1,34.49,3,critical_care,>=5_years,high,3,0
V130,sdt,197.04,0,5,118.42,58.46,87.67,19.16,72.27,44.04,82.11,45.49,4,critical_care,>=5_years,high,3,1
V130,control,219.38,0,5,192.25,69.17,100.0,25.33,100.0,21.29,100.0,68.41,5,critical_care,>=5_years,high,3,0
V130,graphcare,192.08,0,5,138.34,64.08,85.15,31.49,85.02,37.18,95.45,50.2,6,critical_care,>=5_years,high,3,0
V130,bm25,215.93,0,5,189.11,70.8,100.0,29.07,100.0,28.52,100.0,67.22,7,critical_care,>=5_years,high,3,0
V130,colbert,290.59,0,5,148.53,69.64,100.0,30.21,100.0,18.29,100.0,69.36,8,critical_care,>=5_years,high,3,0
V130,cma,191.69,0,5,141.69,64.64,91.8,23.08,84.07,40.05,95.22,53.6,9,critical_care,>=5_years,high,3,1
V614,sdt,75.15,1,4,109.29,38.2,46.66,10.71,35.52,70.72,42.12,23.48,1,hospital_medicine,<5_years,high,2,1
V614,colbert,84.03,1,4,154.62,45.26,59.48,14.44,48.96,63.19,60.8,24.71,2,hospital_medicine,<5_years,high,2,0
V614,cma,76.18,1,4,150.61,46.17,56.0,10.88,49.39,70.65,57.41,32.67,3,hospital_medicine,<5_years,high,2,1
V614,gdt,78.08,1,4,125.69,42.08,57.02,7.41,47.04,59.1,50.14,31.75,4,hospital_medicine,<5_years,high,2,1
V614,bm25,86.93,1,4,199.11,51.94,71.62,19.48,62.35,51.3,67.45,39.42,5,hospital_medicine,<5_years,high,2,0
V614,control,88.93,1,4,185.46,53.1,70.87,12.94,72.09,55.49,60.81,46.42,6,hospital_medicine,<5_years,high,2,0
V614,graphcare,84.35,1,4,156.55,45.66,55.03,21.17,53.24,59.46,56.45,28.58,7,hospital_medicine,<5_years,high,2,0
V614,llm_rag,77.9,1,4,164.42,42.46,56.34,4.37,55.24,58.73,51.96,28.13,8,hospital_medicine,<5_years,high,2,0
V614,medcpt,74.68,1,4,134.5,39.47,49.92,17.68,43.76,60.45,43.76,21.24,9,hospital_medicine,<5_years,high,2,0
V202,bm25,20.11,1,1,168.13,39.28,46.27,14.36,35.21,74.18,41.19,24.46,1,emergency,>=5_years,low,0,0
V202,gdt,19.07,1,1,131.4,26.99,23.87,2.94,23.71,76.78,25.38,9.26,2,emergency,>=5_years,low,0,1
V202,cma,18.13,1,1,152.29,30.51,30.44,15.76,22.6,73.9,29.98,10.41,3,emergency,>=5_years,low,0,1
V202,medcpt,19.56,1,1,140.07,30.35,32.48,6.41,25.47,74.82,27.75,15.16,4,emergency,>=5_years,low,0,0
V202,graphcare,23.06,1,1,162.49,29.64,25.14,15.15,22.65,82.64,23.09,9.17,5,emergency,>=5_years,low,0,0
V202,colbert,22.08,1,1,146.82,31.27,31.35,2.12,24.52,78.91,30.3,20.45,6,emergency,>=5_years,low,0,0
V202,sdt,18.67,1,1,106.87,23.06,16.72,5.37,6.75,86.6,15.8,7.11,7,emergency,>=5_years,low,0,1
V202,control,24.84,1,1,175.67,41.75,50.75,15.59,41.19,73.95,44.72,24.29,8,emergency,>=5_years,low,0,0
V202,llm_rag,19.97,1,1,167.19,31.09,23.25,12.53,26.37,80.8,30.91,12.7,9,emergency,>=5_years,low,0,0
V534,llm_rag,174.99,0,4,162.57,59.67,80.44,25.85,83.33,39.42,82.06,46.91,1,hospital_medicine,<5_years,high,3,0
V534,colbert,81.99,1,4,171.14,43.68,52.65,9.81,51.94,64.81,56.63,26.27,2,hospital_medicine,<5_years,high,3,0
V534,graphcare,79.16,1,4,150.32,44.67,55.82,12.84,54.71,62.95,51.97,29.71,3,hospital_medicine,<5_years,high,3,0
V534,control,83.4,1,4,208.24,52.7,69.35,16.11,67.4,51.63,70.44,41.26,4,hospital_medicine,<5_years,high,3,0
V534,medcpt,77.56,1,4,125.22,45.01,62.82,15.28,51.15,65.69,43.72,31.39,5,hospital_medicine,<5_years,high,3,0
V534,gdt,80.56,1,4,128.28,41.84,47.03,19.76,46.71,59.98,51.23,26.33,6,hospital_medicine,<5_years,high,3,1
V534,sdt,69.92,1,4,109.29,37.17,43.29,9.47,41.39,72.01,34.9,21.95,7,hospital_medicine,<5_years,high,3,1
V534,cma,84.25,1,4,162.94,47.34,58.57,18.31,54.95,62.08,57.29,32.84,8,hospital_medicine,<5_years,high,3,1
V534,bm25,84.93,1,4,187.24,53.47,68.71,16.32,68.22,54.05,66.62,46.89,9,hospital_medicine,<5_years,high,3,0
V878,gdt,95.95,1,5,135.47,45.62,58.06,20.41,56.53,52.68,57.54,28.47,1,internal_medicine,>=5_years,high,4,1
V878,bm25,120.6,1,5,197.45,59.24,84.84,18.67,73.72,47.89,83.48,46.84,2,internal_medicine,>=5_years,high,4,0
V878,medcpt,98.29,1,5,140.79,49.04,58.54,21.41,53.03,58.54,65.09,37.61,3,internal_medicine,>=5_years,high,4,0
V878,llm_rag,90.86,1,5,159.45,46.29,58.1,15.55,57.39,61.3,57.39,28.02,4,internal_medicine,>=5_years,high,4,0
V878,sdt,90.42,1,5,117.98,44.84,57.44,16.27,55.2,56.98,53.8,29.35,5,internal_medicine,>=5_years,high,4,1
V878,graphcare,91.47,1,5,162.45,48.45,61.81,16.1,52.72,69.8,59.73,30.54,6,internal_medicine,>=5_years,high,4,0
V878,control,122.03,1,5,194.75,61.51,81.69,24.37,80.51,43.98,86.89,51.63,7,internal_medicine,>=5_years,high,4,0
V878,colbert,98.69,1,5,156.38,48.89,61.52,13.43,62.9,61.04,59.14,35.34,8,internal_medicine,>=5_years,high,4,0
V878,cma,98.4,1,5,153.71,50.52,69.79,16.64,62.65,59.91,65.69,28.43,9,internal_medicine,>=5_years,high,4,1
V617,sdt,72.32,1,4,104.15,37.02,42.52,7.54,35.56,68.2,42.31,25.99,1,internal_medicine,<5_years,high,2,1
V617,control,85.54,1,4,179.88,54.78,71.79,19.92,70.88,58.09,63.3,44.68,2,internal_medicine,<5_years,high,2,0
V617,llm_rag,85.81,1,4,173.05,45.26,56.24,17.34,48.24,66.85,51.3,31.6,3,internal_medicine,<5_years,high,2,0
V617,medcpt,78.77,1,4,132.54,43.72,57.44,15.87,48.44,68.47,48.08,24.02,4,internal_medicine,<5_years,high,2,0
V617,colbert,77.47,1,4,172.18,40.41,52.21,19.84,44.33,62.59,42.05,21.46,5,internal_medicine,<5_years,high,2,0
V617,gdt,74.66,1,4,128.54,40.77,47.3,14.36,46.77,68.24,51.2,16.73,6,internal_medicine,<5_years,high,2,1
V617,graphcare,70.97,1,4,138.95,44.54,58.31,11.94,47.52,64.26,55.86,29.31,7,internal_medicine,<5_years,high,2,0
V617,bm25,92.36,1,4,188.21,55.63,72.92,16.83,71.21,59.08,73.85,39.9,8,internal_medicine,<5_years,high,2,0
V617,cma,81.76,1,4,142.0,44.91,45.79,21.38,51.73,61.33,55.41,33.84,9,internal_medicine,<5_years,high,2,1
V390,control,231.35,0,5,171.74,71.64,100.0,39.3,100.0,21.87,100.0,68.66,1,hospital_medicine,<5_years,high,1,0
V390,llm_rag,202.0,0,5,170.38,63.03,99.41,20.71,86.2,35.19,89.38,47.27,2,hospital_medicine,<5_years,high,1,0
V390,cma,189.13,0,5,146.81,67.17,93.54,32.45,89.42,39.0,93.63,54.96,3,hospital_medicine,<5_years,high,1,1
V390,gdt,102.39,1,5,130.27,47.93,61.58,19.19,55.6,59.17,60.81,31.23,4,hospital_medicine,<5_years,high,1,1
V390,bm25,255.52,0,5,187.33,71.79,100.0,35.82,100.0,20.68,100.0,74.26,5,hospital_medicine,<5_years,high,1,0
V390,colbert,300.0,0,5,158.37,70.45,100.0,40.0,100.0,17.5,100.0,65.19,6,hospital_medicine,<5_years,high,1,0
V390,medcpt,192.98,0,5,159.06,67.33,97.73,30.22,87.36,39.56,91.3,57.84,7,hospital_medicine,<5_years,high,1,0
V390,sdt,86.53,1,5,111.51,39.78,43.38,6.93,45.07,63.46,47.89,31.96,8,hospital_medicine,<5_years,high,1,1
V390,graphcare,194.18,0,5,161.75,64.73,96.99,26.22,88.72,35.2,90.14,51.1,9,hospital_medicine,<5_years,high,1,0
V319,llm_rag,55.83,1,3,174.0,38.74,42.09,10.05,42.4,69.03,44.2,24.68,1,internal_medicine,<5_years,high,2,0
V319,graphcare,58.18,1,3,159.38,39.96,41.0,15.71,45.83,71.92,43.91,21.39,2,internal_medicine,<5_years,high,2,0
V319,medcpt,61.62,1,3,151.73,41.2,42.29,21.43,39.62,67.14,50.13,26.59,3,internal_medicine,<5_years,high,2,0
V319,cma,66.0,1,3,147.19,44.8,49.82,15.54,48.19,73.35,51.75,30.16,4,internal_medicine,<5_years,high,2,1
V319,colbert,58.3,1,3,150.15,39.24,50.07,6.74,40.66,68.31,41.41,28.27,5,internal_medicine,<5_years,high,2,0
V319,gdt,62.48,1,3,132.33,35.58,42.83,10.57,36.55,65.43,33.07,25.05,6,internal_medicine,<5_years,high,2,1
V319,sdt,52.46,1,3,121.77,31.44,32.6,11.62,24.74,74.55,32.27,12.87,7,internal_medicine,<5_years,high,2,1
V319,control,69.4,1,3,206.63,51.39,66.06,15.25,61.97,62.69,62.9,39.48,8,internal_medicine,<5_years,high,2,0
V319,bm25,62.41,1,3,202.35,49.08,66.07,16.63,52.2,63.01,59.86,36.73,9,internal_medicine,<5_years,high,2,0
V320,bm25,22.79,1,1,205.25,38.45,44.97,5.7,34.86,71.48,39.05,34.67,1,hospital_medicine,<5_years,low,0,0
V320,control,23.58,1,1,191.7,40.77,47.83,18.2,39.26,72.1,40.04,27.18,2,hospital_medicine,<5_years,low,0,0
V320,medcpt,16.58,1,1,169.08,32.45,30.91,11.4,23.24,84.14,29.94,15.05,3,hospital_medicine,<5_years,low,0,0
V320,graphcare,18.6,1,1,171.44,28.02,29.35,8.33,23.08,77.83,18.05,11.49,4,hospital_medicine,<5_years,low,0,0
V320,llm_rag,22.14,1,1,169.01,33.71,28.45,10.68,29.5,81.47,29.74,22.42,5,hospital_medicine,<5_years,low,0,0
V320,colbert,18.8,1,1,137.19,30.14,28.93,6.04,26.35,81.19,24.35,14.01,6,hospital_medicine,<5_years,low,0,0
V320,gdt,19.13,1,1,145.28,30.33,30.01,5.0,23.1,82.06,25.49,16.31,7,hospital_medicine,<5_years,low,0,1
V320,sdt,16.7,1,1,108.57,23.17,14.71,3.58,10.38,91.6,13.22,5.51,8,hospital_medicine,<5_years,low,0,1
V320,cma,20.54,1,1,161.05,29.45,29.59,9.05,30.0,76.7,23.52,7.84,9,hospital_medicine,<5_years,low,0,1
V912,cma,83.92,1,4,136.68,46.92,60.62,21.18,53.35,56.02,54.18,36.16,1,hospital_medicine,>=5_years,high,3,1
V912,gdt,82.54,1,4,128.27,41.27,46.65,14.51,52.79,67.82,47.49,18.35,2,hospital_medicine,>=5_years,high,3,1
V912,control,99.65,1,4,170.91,57.2,71.51,24.1,78.04,53.52,70.71,45.35,3,hospital_medicine,>=5_years,high,3,0
V912,colbert,76.63,1,4,147.42,45.25,51.53,13.23,44.91,71.33,58.68,31.78,4,hospital_medicine,>=5_years,high,3,0
V912,graphcare,74.51,1,4,156.47,41.24,55.37,7.65,41.88,70.25,45.62,26.66,5,hospital_medicine,>=5_years,high,3,0
V912,medcpt,78.2,1,4,142.35,43.96,57.79,11.44,54.29,55.29,53.73,31.23,6,hospital_medicine,>=5_years,high,3,0
V912,llm_rag,77.63,1,4,174.23,44.24,59.35,19.07,50.82,60.46,51.4,24.36,7,hospital_medicine,>=5_years,high,3,0
V912,bm25,95.4,1,4,182.49,54.73,73.73,20.73,74.82,47.95,70.59,40.54,8,hospital_medicine,>=5_years,high,3,0
V912,sdt,72.19,1,4,112.5,39.31,42.95,14.29,32.61,77.86,42.86,25.32,9,hospital_medicine,>=5_years,high,3,1
V528,colbert,300.0,0,5,148.15,69.68,100.0,28.78,100.0,13.29,100.0,76.03,1,critical_care,>=5_years,high,0,0
V528,medcpt,195.63,0,5,143.1,63.43,93.94,20.61,89.52,36.77,89.07,50.66,2,critical_care,>=5_years,high,0,0
V528,cma,200.27,0,5,144.02,64.62,92.37,29.48,90.94,31.02,90.47,53.45,3,critical_care,>=5_years,high,0,1
V528,llm_rag,292.02,0,5,167.6,68.98,100.0,32.0,100.0,11.65,100.0,70.2,4,critical_care,>=5_years,high,0,0
V528,sdt,180.45,0,5,115.65,59.28,85.03,20.89,75.05,50.54,77.91,46.26,5,critical_care,>=5_years,high,0,1
V528,gdt,95.34,1,5,136.45,48.06,64.53,18.12,57.28,57.72,61.71,29.03,6,critical_care,>=5_years,high,0,1
V528,control,234.43,0,5,195.21,72.59,100.0,38.68,100.0,20.33,100.0,76.54,7,critical_care,>=5_years,high,0,0
V528,graphcare,300.0,0,5,165.83,69.78,100.0,32.46,100.0,14.45,100.0,71.81,8,critical_care,>=5_years,high,0,0
V528,bm25,300.0,0,5,182.2,72.88,100.0,43.55,100.0,8.15,100.0,85.57,9,critical_care,>=5_years,high,0,0
V213,graphcare,19.01,1,1,132.17,28.37,27.37,5.2,19.35,74.78,26.9,16.64,1,hospital_medicine,>=5_years,low,0,0
V213,gdt,18.72,1,1,132.95,29.16,32.3,1.76,20.43,80.65,28.95,10.88,2,hospital_medicine,>=5_years,low,0,1
V213,bm25,22.33,1,1,207.23,38.85,36.53,14.87,44.03,69.62,38.0,30.03,3,hospital_medicine,>=5_years,low,0,0
V213,colbert,20.82,1,1,140.03,29.07,25.8,13.6,25.28,75.28,24.17,10.27,4,hospital_medicine,>=5_years,low,0,0
V213,control,25.02,1,1,161.4,40.8,43.63,11.71,42.07,79.14,40.98,27.25,5,hospital_medicine,>=5_years,low,0,0
V213,medcpt,19.14,1,1,131.04,30.32,28.91,7.69,21.55,80.72,28.92,14.14,6,hospital_medicine,>=5_years,low,0,0
V213,llm_rag,20.39,1,1,154.89,31.59,29.94,9.65,34.1,88.33,16.55,10.99,7,hospital_medicine,>=5_years,low,0,0
V213,cma,21.26,1,1,163.99,31.49,28.06,9.21,32.14,78.68,28.54,12.33,8,hospital_medicine,>=5_years,low,0,1
V213,sdt,18.13,1,1,112.77,27.12,19.66,6.95,17.87,91.01,21.53,5.71,9,hospital_medicine,>=5_years,low,0,1
V726,cma,18.81,1,1,158.02,33.37,33.13,12.48,34.11,79.63,26.42,14.48,1,critical_care,>=5_years,low,0,1
V726,graphcare,23.18,1,1,178.97,26.08,28.63,7.04,19.26,79.61,20.86,1.09,2,critical_care,>=5_years,low,0,0
V726,sdt,17.59,1,1,105.31,25.84,15.07,13.48,12.56,88.98,19.87,5.09,3,critical_care,>=5_years,low,0,1
V726,colbert,20.44,1,1,144.02,31.73,20.22,6.24,30.79,82.29,31.56,19.29,4,critical_care,>=5_years,low,0,0
V726,medcpt,18.98,1,1,127.22,32.04,36.2,9.68,28.18,84.48,20.02,13.65,5,critical_care,>=5_years,low,0,0
V726,gdt,20.92,1,1,132.12,30.02,27.04,10.06,18.03,86.51,24.35,14.1,6,critical_care,>=5_years,low,0,1
V726,llm_rag,19.11,1,1,154.81,29.08,26.58,8.25,22.72,80.76,26.75,9.4,7,critical_care,>=5_years,low,0,0
V726,control,23.24,1,1,177.4,35.63,46.64,1.22,37.97,65.84,36.13,25.97,8,critical_care,>=5_years,low,0,0
V726,bm25,26.32,1,1,227.73,39.22,45.68,7.92,42.0,77.13,41.63,20.93,9,critical_care,>=5_years,low,0,0
V382,sdt,53.13,1,3,103.26,33.26,34.51,3.47,28.93,73.68,39.47,19.5,1,emergency,>=5_years,low,1,1
V382,colbert,59.95,1,3,154.96,40.72,48.27,11.6,41.2,68.88,50.46,23.9,2,emergency,>=5_years,low,1,0
V382,graphcare,58.56,1,3,146.53,39.48,47.2,11.6,45.09,68.92,45.3,18.79,3,emergency,>=5_years,low,1,0
V382,bm25,182.28,0,3,196.12,67.21,94.61,19.47,100.0,38.55,95.42,55.21,4,emergency,>=5_years,low,1,0
V382,medcpt,61.55,1,3,141.76,41.26,48.51,12.35,42.15,67.52,54.25,22.77,5,emergency,>=5_years,low,1,0
V382,control,67.79,1,3,176.75,48.43,62.89,14.67,52.9,64.66,61.47,33.99,6,emergency,>=5_years,low,1,0
V382,llm_rag,61.87,1,3,153.71,35.34,40.89,12.08,34.27,62.78,41.99,20.05,7,emergency,>=5_years,low,1,0
V382,gdt,54.57,1,3,134.43,37.78,40.47,12.77,33.65,70.97,47.59,21.2,8,emergency,>=5_years,low,1,1
V382,cma,58.37,1,3,156.16,37.94,44.29,18.08,40.19,60.07,41.12,23.9,9,emergency,>=5_years,low,1,1
V342,control,62.84,1,3,188.96,47.0,57.84,15.29,59.56,63.45,56.56,29.3,1,emergency,<5_years,low,1,0
V342,colbert,56.99,1,3,140.93,41.22,44.66,16.7,37.21,76.98,47.73,24.03,2,emergency,<5_years,low,1,0
V342,gdt,57.96,1,3,131.29,36.1,40.54,5.51,44.82,66.17,45.38,14.2,3,emergency,<5_years,low,1,1
V342,llm_rag,55.46,1,3,155.24,37.67,45.17,10.7,36.36,74.81,34.96,23.99,4,emergency,<5_years,low,1,0
V342,cma,60.94,1,3,138.86,39.75,43.25,16.62,49.6,66.5,38.95,23.61,5,emergency,<5_years,low,1,1
V342,medcpt,62.97,1,3,138.83,42.16,42.14,17.43,47.22,68.01,50.26,27.88,6,emergency,<5_years,low,1,0
V342,sdt,59.09,1,3,122.58,32.88,36.07,9.51,30.64,72.3,29.87,18.88,7,emergency,<5_years,low,1,1
V342,graphcare,55.24,1,3,137.66,41.47,46.84,14.72,43.53,77.18,43.85,22.69,8,emergency,<5_years,low,1,0
V342,bm25,70.72,1,3,187.19,49.37,62.79,17.55,58.8,53.23,65.34,38.52,9,emergency,<5_years,low,1,0
V442,bm25,23.67,1,1,239.82,38.03,37.36,7.06,42.38,72.41,49.02,19.94,1,emergency,>=5_years,low,0,0
V442,cma,18.33,1,1,140.21,32.96,27.66,6.0,31.82,84.1,26.08,22.13,2,emergency,>=5_years,low,0,1
V442,llm_rag,16.75,1,1,168.58,30.13,35.48,7.6,20.56,84.42,26.4,6.31,3,emergency,>=5_years,low,0,0
V442,colbert,19.71,1,1,165.41,26.79,30.37,2.45,21.66,79.24,19.36,7.69,4,emergency,>=5_years,low,0,0
V442,gdt,19.81,1,1,163.54,30.3,23.82,12.81,24.73,84.4,25.93,10.11,5,emergency,>=5_years,low,0,1
V442,sdt,18.7,1,1,113.43,21.21,11.21,1.79,14.88,82.11,13.16,4.14,6,emergency,>=5_years,low,0,1
V442,control,22.31,1,1,185.77,40.02,44.96,10.66,41.7,72.95,39.21,30.64,7,emergency,>=5_years,low,0,0
V442,graphcare,20.43,1,1,174.26,31.9,29.52,9.93,28.29,82.7,26.03,14.93,8,emergency,>=5_years,low,0,0
V442,medcpt,20.49,1,1,130.58,32.06,34.67,15.83,26.8,75.29,26.91,12.85,9,emergency,>=5_years,low,0,0
V546,llm_rag,56.52,1,3,149.7,37.9,46.67,15.12,36.87,66.73,38.82,23.16,1,emergency,<5_years,high,2,0
V546,gdt,56.93,1,3,127.29,37.36,37.12,16.82,37.97,70.06,40.53,21.65,2,emergency,<5_years,high,2,1
V546,graphcare,59.1,1,3,148.61,38.14,44.07,9.93,39.68,69.94,39.4,25.82,3,emergency,<5_years,high,2,0
V546,cma,59.81,1,3,140.49,39.68,48.32,13.75,46.19,60.59,48.64,20.6,4,emergency,<5_years,high,2,1
V546,control,70.03,1,3,168.08,50.83,66.68,18.47,59.72,61.99,62.87,35.27,5,emergency,<5_years,high,2,0
V546,medcpt,56.26,1,3,148.28,40.27,48.36,11.88,42.38,75.76,40.96,22.29,6,emergency,<5_years,high,2,0
V546,colbert,56.73,1,3,157.45,35.76,38.85,6.42,31.26,71.4,36.52,30.13,7,emergency,<5_years,high,2,0
V546,bm25,68.73,1,3,204.35,48.55,66.21,14.44,62.77,57.12,59.43,31.34,8,emergency,<5_years,high,2,0
V546,sdt,55.59,1,3,125.66,33.96,36.53,11.24,29.56,71.38,35.63,19.4,9,emergency,<5_years,high,2,1
V330,gdt,96.25,1,5,121.23,46.31,56.83,17.99,54.94,55.7,61.06,31.3,1,hospital_medicine,<5_years,high,4,1
V330,graphcare,98.59,1,5,155.65,48.09,59.34,20.93,60.88,59.28,59.45,28.68,2,hospital_medicine,<5_years,high,4,0
V330,bm25,123.42,1,5,187.8,60.91,79.14,24.28,78.81,46.6,78.01,58.63,3,hospital_medicine,<5_years,high,4,0
V330,medcpt,101.47,1,5,140.86,48.28,69.39,16.12,57.5,58.79,59.93,27.94,4,hospital_medicine,<5_years,high,4,0
V330,control,113.55,1,5,181.66,57.85,83.46,17.07,79.09,47.11,71.54,48.86,5,hospital_medicine,<5_years,high,4,0
V330,llm_rag,94.68,1,5,173.61,47.13,59.17,17.69,59.47,64.36,57.82,24.25,6,hospital_medicine,<5_years,high,4,0
V330,sdt,92.4,1,5,103.75,42.3,56.93,10.79,44.39,64.07,54.19,23.43,7,hospital_medicine,<5_years,high,4,1
V330,colbert,88.94,1,5,161.81,47.1,58.42,15.97,52.12,67.89,57.96,30.22,8,hospital_medicine,<5_years,high,4,0
V330,cma,105.9,1,5,143.51,49.44,69.1,19.48,58.38,61.01,55.35,33.3,9,hospital_medicine,<5_years,high,4,1
V439,colbert,93.05,1,5,152.2,48.46,60.63,15.51,57.14,58.9,62.02,36.57,1,emergency,>=5_years,high,3,0
V439,medcpt,96.8,1,5,148.35,47.89,65.42,20.69,49.42,57.72,60.53,33.56,2,emergency,>=5_years,high,3,0
V439,cma,99.09,1,5,149.85,49.2,62.72,14.2,59.74,58.51,66.01,34.02,3,emergency,>=5_years,high,3,1
V439,bm25,116.18,1,5,200.36,59.78,82.07,18.17,76.23,51.86,80.4,49.93,4,emergency,>=5_years,high,3,0
V439,graphcare,98.35,1,5,137.16,46.27,67.76,10.5,53.35,60.84,53.26,31.89,5,emergency,>=5_years,high,3,0
V439,llm_rag,98.96,1,5,182.83,44.39,57.83,11.88,49.22,57.49,58.14,31.77,6,emergency,>=5_years,high,3,0
V439,control,113.73,1,5,199.44,58.89,80.39,21.91,80.61,45.36,76.18,48.88,7,emergency,>=5_years,high,3,0
V439,sdt,89.33,1,5,113.66,40.15,50.82,6.62,46.92,66.19,46.39,23.96,8,emergency,>=5_years,high,3,1
V439,gdt,96.1,1,5,122.14,49.07,59.87,21.72,56.81,60.56,58.86,36.62,9,emergency,>=5_years,high,3,1
V772,graphcare,97.68,1,5,148.3,47.66,68.86,18.05,45.91,61.05,55.59,36.49,1,internal_medicine,<5_years,high,1,0
V772,control,111.01,1,5,176.93,57.73,83.43,21.85,73.58,45.25,76.05,46.25,2,internal_medicine,<5_years,high,1,0
V772,colbert,98.23,1,5,154.39,50.37,60.86,17.55,59.9,65.48,63.72,34.71,3,internal_medicine,<5_years,high,1,0
V772,sdt,90.38,1,5,108.2,42.05,56.96,13.36,44.8,60.67,47.34,29.18,4,internal_medicine,<5_years,high,1,1
V772,bm25,114.32,1,5,186.11,56.77,80.77,17.2,71.55,42.11,79.72,49.28,5,internal_medicine,<5_years,high,1,0
V772,gdt,98.08,1,5,129.72,46.1,58.77,11.38,54.67,62.06,60.04,29.66,6,internal_medicine,<5_years,high,1,1
V772,llm_rag,98.24,1,5,174.8,49.27,69.58,18.58,58.64,56.96,58.39,33.48,7,internal_medicine,<5_years,high,1,0
V772,cma,100.05,1,5,142.8,50.02,67.7,11.0,62.67,58.39,61.7,38.68,8,internal_medicine,<5_years,high,1,1
V772,medcpt,92.15,1,5,152.21,46.49,56.97,15.98,52.5,55.94,61.34,36.24,9,internal_medicine,<5_years,high,1,0
V333,llm_rag,174.33,0,4,177.73,57.59,87.67,15.91,72.81,43.61,78.0,47.51,1,critical_care,<5_years,high,3,0
V333,graphcare,79.97,1,4,139.51,44.81,55.09,19.59,51.9,66.69,47.6,27.99,2,critical_care,<5_years,high,3,0
V333,gdt,78.43,1,4,127.95,41.87,58.31,11.14,43.73,56.83,47.73,33.46,3,critical_care,<5_years,high,3,1
V333,sdt,68.8,1,4,123.2,36.98,45.06,6.06,35.25,70.32,44.13,21.04,4,critical_care,<5_years,high,3,1
V333,colbert,81.57,1,4,163.44,43.26,57.3,5.47,48.17,65.8,51.05,31.8,5,critical_care,<5_years,high,3,0
V333,bm25,94.61,1,4,193.29,55.18,76.27,22.1,64.42,51.91,72.88,43.47,6,critical_care,<5_years,high,3,0
V333,control,91.27,1,4,216.22,54.18,71.14,18.26,75.49,53.99,67.42,38.8,7,critical_care,<5_years,high,3,0
V333,cma,90.19,1,4,147.04,46.91,56.96,15.03,62.1,64.61,54.71,28.07,8,critical_care,<5_years,high,3,1
V333,medcpt,73.27,1,4,144.4,42.02,54.55,13.47,45.08,63.04,48.98,27.02,9,critical_care,<5_years,high,3,0
V033,sdt,20.23,1,1,110.68,25.31,21.29,1.86,14.24,82.84,25.89,5.76,1,hospital_medicine,>=5_years,low,0,1
V033,gdt,20.29,1,1,134.69,31.32,32.83,9.4,25.87,81.36,25.28,13.16,2,hospital_medicine,>=5_years,low,0,1
V033,medcpt,18.29,1,1,160.25,27.89,27.45,5.1,22.84,77.63,21.72,12.6,3,hospital_medicine,>=5_years,low,0,0
V033,colbert,19.76,1,1,177.63,29.05,27.59,10.4,19.37,78.54,26.24,12.14,4,hospital_medicine,>=5_years,low,0,0
V033,llm_rag,23.02,1,1,154.48,28.1,28.68,3.6,20.63,75.23,23.9,16.56,5,hospital_medicine,>=5_years,low,0,0
V033,cma,24.54,1,1,142.5,33.93,37.08,10.47,35.75,70.63,35.4,14.25,6,hospital_medicine,>=5_years,low,0,1
V033,graphcare,23.17,1,1,157.37,30.03,30.01,4.29,33.02,77.07,20.85,14.96,7,hospital_medicine,>=5_years,low,0,0
V033,bm25,28.7,1,1,149.42,40.52,43.84,11.97,48.17,71.49,47.26,20.37,8,hospital_medicine,>=5_years,low,0,0
V033,control,23.1,1,1,192.32,39.78,43.51,9.12,39.03,71.02,48.01,27.96,9,hospital_medicine,>=5_years,low,0,0
V233,bm25,94.4,1,4,173.52,53.94,71.5,14.36,60.25,56.04,80.03,41.43,1,critical_care,<5_years,high,2,0
V233,graphcare,77.6,1,4,148.29,43.51,46.81,12.57,49.31,69.49,52.73,30.12,2,critical_care,<5_years,high,2,0
V233,llm_rag,74.85,1,4,171.1,43.48,51.47,15.01,49.45,67.72,52.0,25.24,3,critical_care,<5_years,high,2,0
V233,control,100.65,1,4,179.53,54.15,76.0,22.36,65.25,49.34,69.46,42.47,4,critical_care,<5_years,high,2,0
V233,sdt,72.99,1,4,110.39,34.71,46.86,8.66,30.39,67.06,37.36,17.93,5,critical_care,<5_years,high,2,1
V233,colbert,75.67,1,4,166.87,40.47,48.36,13.42,44.57,63.89,48.1,24.48,6,critical_care,<5_years,high,2,0
V233,gdt,80.94,1,4,130.92,40.97,49.49,12.18,44.34,59.26,51.39,29.15,7,critical_care,<5_years,high,2,1
V233,medcpt,77.68,1,4,138.14,41.55,53.2,9.2,46.83,67.69,47.71,24.69,8,critical_care,<5_years,high,2,0
V233,cma,79.99,1,4,144.32,47.53,58.0,12.17,65.41,64.77,52.86,32.01,9,critical_care,<5_years,high,2,1
V456,sdt,72.82,1,4,117.61,39.11,47.93,15.35,35.74,76.09,44.37,15.21,1,hospital_medicine,<5_years,high,3,1
V456,medcpt,76.6,1,4,154.04,45.88,48.54,16.82,47.81,70.12,52.58,39.4,2,hospital_medicine,<5_years,high,3,0
V456,control,88.69,1,4,181.6,52.37,65.05,18.45,68.11,50.57,71.37,40.64,3,hospital_medicine,<5_years,high,3,0
V456,colbert,74.58,1,4,160.37,41.56,51.91,16.39,45.24,64.87,50.05,20.89,4,hospital_medicine,<5_years,high,3,0
V456,graphcare,81.59,1,4,144.12,44.98,55.58,14.59,57.28,66.12,53.41,22.89,5,hospital_medicine,<5_years,high,3,0
V456,llm_rag,75.46,1,4,157.5,40.47,48.76,12.45,50.02,61.37,47.48,22.74,6,hospital_medicine,<5_years,high,3,0
V456,cma,79.15,1,4,136.12,44.94,55.91,9.5,53.72,63.76,56.54,30.19,7,hospital_medicine,<5_years,high,3,1
V456,bm25,99.13,1,4,174.22,54.01,72.96,20.0,65.45,56.35,68.25,41.05,8,hospital_medicine,<5_years,high,3,0
V456,gdt,77.05,1,4,122.62,39.21,45.05,8.74,52.97,64.93,45.73,17.86,9,hospital_medicine,<5_years,high,3,1
V073,cma,282.82,0,4,134.14,70.95,100.0,37.4,100.0,19.17,100.0,69.12,1,emergency,>=5_years,high,1,1
V073,gdt,71.79,1,4,125.76,41.75,56.93,17.5,38.76,71.0,42.93,23.38,2,emergency,>=5_years,high,1,1
V073,medcpt,77.36,1,4,132.43,46.37,57.96,25.27,48.58,56.64,59.99,29.74,3,emergency,>=5_years,high,1,0
V073,llm_rag,76.93,1,4,151.33,44.25,56.63,18.07,48.78,64.61,49.72,27.7,4,emergency,>=5_years,high,1,0
V073,colbert,83.24,1,4,166.26,42.43,53.33,7.13,52.89,64.68,49.03,27.49,5,emergency,>=5_years,high,1,0
V073,sdt,73.93,1,4,104.8,40.26,43.84,14.01,41.39,79.89,42.77,19.68,6,emergency,>=5_years,high,1,1
V073,graphcare,79.58,1,4,152.9,45.41,57.79,22.06,44.93,62.83,54.35,30.51,7,emergency,>=5_years,high,1,0
V073,control,300.0,0,4,191.29,71.55,100.0,28.79,100.0,14.11,100.0,86.43,8,emergency,>=5_years,high,1,0
V073,bm25,300.0,0,4,180.48,71.41,100.0,40.57,100.0,8.73,100.0,79.13,9,emergency,>=5_years,high,1,0
V773,colbert,22.43,1,1,166.35,30.55,22.06,11.56,22.76,81.74,27.76,17.39,1,internal_medicine,>=5_years,low,0,0
V773,sdt,19.75,1,1,120.68,27.93,21.9,8.33,20.66,88.36,16.72,11.59,2,internal_medicine,>=5_years,low,0,1
V773,gdt,17.28,1,1,136.62,26.23,26.29,3.84,18.17,86.53,15.88,6.66,3,internal_medicine,>=5_years,low,0,1
V773,llm_rag,18.17,1,1,185.29,30.0,21.44,13.74,24.13,82.13,22.12,16.42,4,internal_medicine,>=5_years,low,0,0
V773,cma,19.35,1,1,133.5,31.96,31.17,6.37,18.13,82.24,29.81,24.07,5,internal_medicine,>=5_years,low,0,1
V773,graphcare,21.29,1,1,156.9,30.09,27.79,4.86,29.47,82.63,25.37,10.45,6,internal_medicine,>=5_years,low,0,0
V773,control,20.59,1,1,171.18,37.22,42.56,10.22,36.48,72.79,43.73,17.54,7,internal_medicine,>=5_years,low,0,0
V773,bm25,21.79,1,1,181.58,39.27,43.73,11.5,33.98,74.67,47.7,24.05,8,internal_medicine,>=5_years,low,0,0
V773,medcpt,18.64,1,1,164.5,32.55,31.91,13.15,24.89,82.66,28.09,14.63,9,internal_medicine,>=5_years,low,0,0
V555,medcpt,41.45,1,2,142.4,34.97,39.87,13.9,31.45,74.13,36.7,13.76,1,critical_care,<5_years,low,1,0
V555,colbert,39.21,1,2,161.05,36.45,33.56,10.18,36.71,82.52,41.47,14.24,2,critical_care,<5_years,low,1,0
V555,cma,41.61,1,2,142.35,34.22,33.41,14.59,29.29,75.04,32.08,20.91,3,critical_care,<5_years,low,1,1
V555,sdt,35.42,1,2,125.36,27.2,21.44,6.74,16.5,76.3,33.2,9.01,4,critical_care,<5_years,low,1,1
V555,graphcare,39.96,1,2,148.75,37.68,44.13,19.35,33.15,76.51,36.21,16.75,5,critical_care,<5_years,low,1,0
V555,control,41.87,1,2,208.52,43.06,52.35,15.08,46.49,65.14,48.08,31.22,6,critical_care,<5_years,low,1,0
V555,gdt,37.33,1,2,122.31,32.99,29.62,11.21,32.15,79.23,34.57,11.19,7,critical_care,<5_years,low,1,1
V555,bm25,44.27,1,2,174.84,47.65,52.35,16.35,52.0,72.45,51.93,40.8,8,critical_care,<5_years,low,1,0
V555,llm_rag,39.57,1,2,162.24,33.68,38.74,8.87,27.5,78.69,27.02,21.24,9,critical_care,<5_years,low,1,0
V1000,gdt,59.27,1,3,122.69,40.04,41.4,18.16,40.33,78.29,43.33,18.72,1,internal_medicine,>=5_years,high,2,1
V1000,llm_rag,156.98,0,3,135.15,56.59,79.11,20.89,64.8,50.34,77.92,46.52,2,internal_medicine,>=5_years,high,2,0
V1000,cma,58.35,1,3,131.05,42.45,49.01,19.35,43.47,68.12,48.69,26.08,3,internal_medicine,>=5_years,high,2,1
V1000,sdt,51.96,1,3,108.96,33.14,35.51,10.8,31.81,74.94,32.09,13.72,4,internal_medicine,>=5_years,high,2,1
V1000,graphcare,58.19,1,3,150.19,38.05,44.66,12.78,38.83,65.08,42.63,24.34,5,internal_medicine,>=5_years,high,2,0
V1000,colbert,56.54,1,3,166.17,37.34,38.67,8.51,43.65,78.31,35.14,19.79,6,internal_medicine,>=5_years,high,2,0
V1000,medcpt,57.7,1,3,131.79,39.12,47.02,8.66,43.91,67.33,44.62,23.19,7,internal_medicine,>=5_years,high,2,0
V1000,bm25,74.05,1,3,202.92,52.62,64.63,23.46,68.42,66.17,59.4,33.63,8,internal_medicine,>=5_years,high,2,0
V1000,control,71.97,1,3,173.72,50.31,58.76,21.66,61.44,61.09,59.55,39.36,9,internal_medicine,>=5_years,high,2,0
V096,bm25,71.46,1,3,195.44,46.97,61.64,19.49,54.9,61.49,53.48,30.84,1,internal_medicine,<5_years,high,2,0
V096,gdt,56.74,1,3,128.01,38.59,43.64,15.64,37.81,78.51,42.09,13.84,2,internal_medicine,<5_years,high,2,1
V096,llm_rag,58.58,1,3,168.1,38.15,48.65,10.63,31.74,74.79,41.42,21.67,3,internal_medicine,<5_years,high,2,0
V096,cma,64.47,1,3,154.64,39.21,45.84,13.69,42.37,69.47,41.53,22.37,4,internal_medicine,<5_years,high,2,1
V096,colbert,57.19,1,3,153.1,37.49,42.83,10.93,32.76,72.52,48.87,17.05,5,internal_medicine,<5_years,high,2,0
V096,sdt,50.88,1,3,114.06,32.82,35.64,11.81,28.74,73.12,33.29,14.33,6,internal_medicine,<5_years,high,2,1
V096,control,73.57,1,3,176.62,47.98,61.23,15.52,59.66,50.56,61.47,39.44,7,internal_medicine,<5_years,high,2,0
V096,graphcare,53.92,1,3,146.53,36.78,38.72,8.45,41.58,67.38,42.39,22.17,8,internal_medicine,<5_years,high,2,0
V096,medcpt,64.52,1,3,123.56,41.81,55.45,9.89,39.99,65.91,43.72,35.91,9,internal_medicine,<5_years,high,2,0
V535,control,57.63,1,3,197.47,45.41,57.05,14.66,49.82,59.26,58.1,33.53,1,critical_care,<5_years,high,2,0
V535,medcpt,60.35,1,3,129.1,38.77,44.41,16.36,40.65,65.09,47.02,19.11,2,critical_care,<5_years,high,2,0
V535,cma,62.98,1,3,140.54,44.03,50.27,16.93,49.29,69.63,51.16,26.91,3,critical_care,<5_years,high,2,1
V535,colbert,57.08,1,3,154.89,38.96,46.45,14.25,43.34,70.9,39.38,19.42,4,critical_care,<5_years,high,2,0
V535,llm_rag,270.6,0,3,166.19,69.63,100.0,31.38,100.0,24.76,100.0,61.61,5,critical_care,<5_years,high,2,0
V535,graphcare,57.63,1,3,142.07,38.73,47.16,11.0,44.11,65.36,41.36,23.39,6,critical_care,<5_years,high,2,0
V535,bm25,70.36,1,3,173.74,45.74,54.21,12.35,60.44,54.43,58.36,34.65,7,critical_care,<5_years,high,2,0
V535,gdt,56.13,1,3,125.95,37.41,43.29,15.41,40.61,73.58,34.97,16.6,8,critical_care,<5_years,high,2,1
V535,sdt,57.11,1,3,104.28,32.12,36.12,6.35,26.7,72.21,36.19,15.16,9,critical_care,<5_years,high,2,1
V138,gdt,71.42,1,4,132.3,43.91,52.13,17.44,53.44,70.28,45.36,24.8,1,internal_medicine,>=5_years,high,3,1
V138,colbert,78.33,1,4,181.72,45.92,55.74,12.65,48.5,75.43,56.65,26.58,2,internal_medicine,>=5_years,high,3,0
V138,bm25,92.25,1,4,180.2,53.86,70.48,19.08,65.03,60.98,69.72,37.84,3,internal_medicine,>=5_years,high,3,0
V138,graphcare,80.49,1,4,150.95,44.93,50.94,13.96,48.59,76.48,48.06,31.54,4,internal_medicine,>=5_years,high,3,0
V138,cma,83.24,1,4,128.48,45.61,59.93,10.68,56.09,62.76,58.86,25.34,5,internal_medicine,>=5_years,high,3,1
V138,sdt,71.56,1,4,115.77,34.16,39.5,6.35,29.06,68.18,41.67,20.21,6,internal_medicine,>=5_years,high,3,1
V138,control,84.68,1,4,199.77,54.24,71.05,26.91,62.98,53.8,72.93,37.8,7,internal_medicine,>=5_years,high,3,0
V138,llm_rag,75.13,1,4,166.03,40.66,51.01,25.38,42.83,61.85,42.49,20.43,8,internal_medicine,>=5_years,high,3,0
V138,medcpt,80.6,1,4,151.15,39.76,54.3,11.44,42.0,64.92,45.99,19.93,9,internal_medicine,>=5_years,high,3,0
V644,colbert,78.18,1,4,160.68,40.48,49.66,13.16,45.33,60.65,51.5,22.61,1,internal_medicine,<5_years,high,3,0
V644,medcpt,80.34,1,4,137.49,46.77,54.82,17.23,55.44,68.49,57.37,27.31,2,internal_medicine,<5_years,high,3,0
V644,gdt,77.38,1,4,129.25,40.49,55.93,12.64,46.84,56.37,44.67,26.52,3,internal_medicine,<5_years,high,3,1
V644,graphcare,81.21,1,4,144.69,44.08,48.68,23.98,48.34,66.35,48.92,28.23,4,internal_medicine,<5_years,high,3,0
V644,llm_rag,83.36,1,4,160.39,46.69,54.65,11.14,55.6,69.11,58.11,31.51,5,internal_medicine,<5_years,high,3,0
V644,cma,79.66,1,4,150.63,45.05,52.84,14.97,50.76,66.73,53.02,31.95,6,internal_medicine,<5_years,high,3,1
V644,sdt,71.42,1,4,114.16,35.19,46.79,6.16,34.6,67.54,39.26,16.79,7,internal_medicine,<5_years,high,3,1
V644,bm25,94.54,1,4,176.7,54.64,71.3,16.37,73.3,54.65,73.1,39.09,8,internal_medicine,<5_years,high,3,0
V644,control,89.06,1,4,217.23,53.98,74.51,19.44,62.98,58.58,64.37,44.04,9,internal_medicine,<5_years,high,3,0
V310,cma,40.88,1,2,158.34,35.56,39.99,5.7,33.39,74.92,39.11,20.22,1,emergency,<5_years,low,1,1
V310,medcpt,38.49,1,2,156.13,34.26,36.41,5.45,34.87,75.97,33.68,19.19,2,emergency,<5_years,low,1,0
V310,llm_rag,38.87,1,2,174.17,33.66,34.93,8.82,30.39,73.61,35.28,18.91,3,emergency,<5_years,low,1,0
V310,sdt,35.71,1,2,117.05,28.13,26.52,14.01,24.52,76.24,19.25,8.22,4,emergency,<5_years,low,1,1
V310,colbert,37.95,1,2,177.83,31.16,33.63,8.53,27.88,72.04,33.52,11.38,5,emergency,<5_years,low,1,0
V310,control,50.81,1,2,197.97,41.66,47.81,14.16,46.77,54.54,55.76,30.94,6,emergency,<5_years,low,1,0
V310,bm25,48.6,1,2,178.14,43.69,52.04,16.25,50.66,67.97,42.58,32.66,7,emergency,<5_years,low,1,0
V310,graphcare,35.95,1,2,153.05,34.21,42.06,11.82,35.02,78.78,28.55,9.01,8,emergency,<5_years,low,1,0
V310,gdt,41.24,1,2,131.17,30.98,33.32,1.88,24.59,76.61,31.52,17.95,9,emergency,<5_years,low,1,1
V660,bm25,45.1,1,2,185.26,43.57,56.53,17.51,44.93,64.69,51.61,26.16,1,critical_care,>=5_years,low,1,0
V660,cma,34.55,1,2,144.26,34.68,35.31,8.89,31.56,77.87,35.77,18.71,2,critical_care,>=5_years,low,1,1
V660,gdt,35.29,1,2,132.56,32.96,28.4,6.56,36.61,78.99,27.37,19.81,3,critical_care,>=5_years,low,1,1
V660,sdt,35.97,1,2,118.88,30.73,24.33,13.03,22.72,79.67,29.76,14.86,4,critical_care,>=5_years,low,1,1
V660,medcpt,37.76,1,2,146.23,34.76,33.1,16.52,35.28,77.21,28.51,17.96,5,critical_care,>=5_years,low,1,0
V660,control,43.05,1,2,225.34,44.59,46.39,16.95,43.3,66.51,55.05,39.31,6,critical_care,>=5_years,low,1,0
V660,graphcare,35.48,1,2,158.77,33.04,33.14,9.68,32.43,75.14,34.03,13.79,7,critical_care,>=5_years,low,1,0
V660,colbert,39.62,1,2,150.65,39.48,46.55,14.93,34.92,78.18,41.79,20.54,8,critical_care,>=5_years,low,1,0
V660,llm_rag,37.9,1,2,155.76,35.77,37.28,15.03,31.38,81.33,32.18,17.43,9,critical_care,>=5_years,low,1,0
V789,sdt,71.19,1,4,104.56,38.89,45.06,21.77,36.85,65.93,41.8,21.93,1,critical_care,>=5_years,high,2,1
V789,bm25,89.78,1,4,201.48,53.52,68.0,22.42,67.98,49.8,67.16,45.76,2,critical_care,>=5_years,high,2,0
V789,graphcare,87.49,1,4,140.32,43.65,53.92,13.57,52.11,54.29,52.01,35.97,3,critical_care,>=5_years,high,2,0
V789,medcpt,81.81,1,4,139.33,47.21,58.34,13.53,48.09,70.01,54.12,39.16,4,critical_care,>=5_years,high,2,0
V789,colbert,79.03,1,4,153.02,41.65,52.5,7.62,43.15,58.56,53.1,34.97,5,critical_care,>=5_years,high,2,0
V789,control,91.01,1,4,181.26,54.39,69.07,21.16,72.75,54.19,68.42,40.78,6,critical_care,>=5_years,high,2,0
V789,llm_rag,75.55,1,4,170.35,41.4,43.06,16.96,50.54,67.26,46.43,24.16,7,critical_care,>=5_years,high,2,0
V789,cma,86.76,1,4,144.95,48.11,60.82,12.74,57.23,62.74,60.75,34.4,8,critical_care,>=5_years,high,2,1
V789,gdt,77.57,1,4,133.48,43.06,50.27,18.82,51.91,66.53,48.89,21.97,9,critical_care,>=5_years,high,2,1
V565,gdt,96.4,1,5,125.84,46.15,57.51,14.97,61.14,56.39,55.51,31.4,1,emergency,>=5_years,high,4,1
V565,cma,101.99,1,5,154.34,50.01,69.96,15.15,65.41,44.68,69.31,35.55,2,emergency,>=5_years,high,4,1
V565,llm_rag,195.26,0,5,162.5,62.51,99.88,20.74,80.93,36.24,83.97,53.31,3,emergency,>=5_years,high,4,0
V565,graphcare,93.99,1,5,142.08,46.85,53.91,16.06,54.85,62.06,64.55,29.67,4,emergency,>=5_years,high,4,0
V565,control,115.39,1,5,190.37,57.96,84.77,21.5,69.73,48.73,79.39,43.65,5,emergency,>=5_years,high,4,0
V565,medcpt,96.75,1,5,145.23,44.05,58.27,9.91,56.01,57.13,60.8,22.18,6,emergency,>=5_years,high,4,0
V565,colbert,96.45,1,5,155.92,48.93,66.4,13.65,59.04,55.26,64.93,34.31,7,emergency,>=5_years,high,4,0
V565,sdt,85.22,1,5,107.52,38.82,51.16,12.92,47.9,61.49,40.05,19.39,8,emergency,>=5_years,high,4,1
V565,bm25,113.46,1,5,185.71,61.21,85.39,26.45,75.68,50.71,80.94,48.07,9,emergency,>=5_years,high,4,0
V946,gdt,41.98,1,2,129.97,32.94,34.87,11.43,34.06,73.03,29.52,14.76,1,critical_care,>=5_years,low,1,1
V946,colbert,40.57,1,2,158.46,37.69,42.85,15.4,38.5,78.93,32.11,18.38,2,critical_care,>=5_years,low,1,0
V946,bm25,43.0,1,2,209.23,43.01,52.06,15.82,56.24,65.43,38.29,30.22,3,critical_care,>=5_years,low,1,0
V946,medcpt,40.14,1,2,144.12,35.52,40.19,14.91,36.81,78.61,31.97,10.63,4,critical_care,>=5_years,low,1,0
V946,graphcare,39.4,1,2,156.59,34.7,39.87,14.77,33.36,74.33,35.35,10.5,5,critical_care,>=5_years,low,1,0
V946,sdt,38.83,1,2,104.87,27.36,36.02,4.46,16.11,75.96,24.66,6.96,6,critical_care,>=5_years,low,1,1
V946,control,41.97,1,2,206.13,40.98,55.0,13.5,49.08,65.23,42.91,20.15,7,critical_care,>=5_years,low,1,0
V946,cma,40.03,1,2,140.32,34.78,36.37,10.43,35.61,72.73,37.73,15.83,8,critical_care,>=5_years,low,1,1
V946,llm_rag,36.36,1,2,159.46,33.92,41.16,12.1,37.13,70.45,28.89,13.8,9,critical_care,>=5_years,low,1,0
V685,medcpt,76.19,1,4,139.63,44.77,55.18,12.05,47.74,65.34,57.23,31.08,1,emergency,<5_years,high,2,0
V685,bm25,85.42,1,4,191.26,53.71,70.53,19.46,68.01,56.46,66.54,41.25,2,emergency,<5_years,high,2,0
V685,gdt,79.07,1,4,121.17,43.17,45.05,17.8,46.72,63.31,55.38,30.78,3,emergency,<5_years,high,2,1
V685,graphcare,81.07,1,4,144.5,42.84,54.73,13.08,48.45,65.23,53.14,22.43,4,emergency,<5_years,high,2,0
V685,control,88.51,1,4,175.06,54.28,76.75,19.98,66.63,46.48,68.37,47.47,5,emergency,<5_years,high,2,0
V685,sdt,69.5,1,4,106.32,36.66,46.59,10.36,41.36,71.88,31.95,17.82,6,emergency,<5_years,high,2,1
V685,llm_rag,74.7,1,4,167.01,45.08,59.28,15.18,45.37,66.4,48.89,35.38,7,emergency,<5_years,high,2,0
V685,cma,81.55,1,4,148.51,45.89,54.34,17.73,50.45,67.98,53.69,31.16,8,emergency,<5_years,high,2,1
V685,colbert,78.83,1,4,153.43,47.86,59.64,22.94,49.77,70.32,51.04,33.42,9,emergency,<5_years,high,2,0
V855,graphcare,95.6,1,5,155.03,48.32,65.03,18.25,56.11,61.48,56.6,32.41,1,emergency,>=5_years,high,4,0
V855,gdt,96.43,1,5,124.01,46.05,63.97,16.36,51.58,57.87,52.49,34.06,2,emergency,>=5_years,high,4,1
V855,sdt,92.14,1,5,115.23,45.74,52.4,15.88,51.3,74.16,50.73,30.0,3,emergency,>=5_years,high,4,1
V855,medcpt,101.17,1,5,150.63,50.49,72.62,14.75,58.69,56.31,65.71,34.86,4,emergency,>=5_years,high,4,0
V855,llm_rag,93.38,1,5,158.44,47.57,63.27,14.68,55.31,63.15,55.05,33.95,5,emergency,>=5_years,high,4,0
V855,control,116.13,1,5,180.88,60.69,80.52,29.24,74.8,47.79,80.74,51.03,6,emergency,>=5_years,high,4,0
V855,bm25,115.63,1,5,185.91,62.13,84.08,23.84,76.6,54.77,80.5,52.98,7,emergency,>=5_years,high,4,0
V855,colbert,100.17,1,5,155.18,51.1,57.85,25.34,63.91,62.22,59.56,37.71,8,emergency,>=5_years,high,4,0
V855,cma,101.65,1,5,142.17,52.55,72.59,17.9,61.59,51.64,66.21,45.37,9,emergency,>=5_years,high,4,1
V721,control,76.28,1,3,188.26,49.64,63.55,14.17,53.93,60.54,63.49,42.18,1,critical_care,<5_years,high,2,0
V721,graphcare,60.01,1,3,165.7,39.85,42.39,16.92,41.47,69.32,44.19,24.8,2,critical_care,<5_years,high,2,0
V721,llm_rag,57.81,1,3,160.44,38.18,43.38,12.22,40.1,66.26,44.83,22.31,3,critical_care,<5_years,high,2,0
V721,colbert,59.75,1,3,160.17,40.9,45.19,10.57,40.34,68.84,49.96,30.52,4,critical_care,<5_years,high,2,0
V721,cma,62.49,1,3,146.55,38.35,50.0,14.2,37.81,62.36,44.88,20.87,5,critical_care,<5_years,high,2,1
V721,medcpt,55.87,1,3,132.69,36.25,41.83,6.76,38.99,68.0,41.62,20.31,6,critical_care,<5_years,high,2,0
V721,bm25,67.26,1,3,210.2,50.14,63.13,16.66,60.16,63.72,61.32,35.87,7,critical_care,<5_years,high,2,0
V721,gdt,55.41,1,3,121.49,37.96,44.46,11.28,35.29,70.6,45.89,20.23,8,critical_care,<5_years,high,2,1
V721,sdt,53.59,1,3,103.78,34.2,39.58,18.48,31.48,70.23,31.96,13.5,9,critical_care,<5_years,high,2,1
V454,control,174.24,0,3,198.03,68.14,100.0,23.12,98.0,39.87,91.6,56.23,1,critical_care,<5_years,low,0,0
V454,colbert,152.7,0,3,153.15,55.77,80.83,22.1,68.5,55.21,67.64,40.32,2,critical_care,<5_years,low,0,0
V454,gdt,148.74,0,3,126.74,50.95,69.84,12.09,60.03,56.69,65.17,41.9,3,critical_care,<5_years,low,0,1
V454,cma,157.55,0,3,137.49,54.93,78.95,22.65,71.12,41.77,81.36,33.73,4,critical_care,<5_years,low,0,1
V454,llm_rag,56.09,1,3,177.04,39.8,49.03,15.22,40.57,75.33,39.12,19.51,5,critical_care,<5_years,low,0,0
V454,medcpt,161.14,0,3,134.34,56.65,82.72,21.34,67.11,46.58,79.48,42.69,6,critical_care,<5_years,low,0,0
V454,graphcare,157.67,0,3,143.7,57.08,82.72,16.78,75.1,55.72,68.2,43.99,7,critical_care,<5_years,low,0,0
V454,bm25,167.72,0,3,194.13,69.59,96.59,34.96,90.09,43.3,91.91,60.71,8,critical_care,<5_years,low,0,0
V454,sdt,154.01,0,3,119.24,49.87,67.53,13.68,61.8,53.71,62.62,39.85,9,critical_care,<5_years,low,0,1
V252,cma,20.08,1,1,146.27,30.77,25.3,3.11,30.88,80.46,29.37,15.5,1,emergency,>=5_years,low,0,1
V252,gdt,21.25,1,1,107.69,31.83,25.51,7.61,27.07,81.64,28.12,21.02,2,emergency,>=5_years,low,0,1
V252,medcpt,20.99,1,1,135.85,34.45,35.85,14.69,30.85,78.83,25.5,21.0,3,emergency,>=5_years,low,0,0
V252,graphcare,23.01,1,1,128.67,30.44,25.1,11.51,24.88,78.18,19.62,23.35,4,emergency,>=5_years,low,0,0
V252,sdt,18.39,1,1,117.58,23.56,13.68,16.35,5.9,83.3,19.94,2.19,5,emergency,>=5_years,low,0,1
V252,bm25,26.9,1,1,193.19,36.92,46.92,12.96,34.63,69.85,38.71,18.43,6,emergency,>=5_years,low,0,0
V252,control,20.62,1,1,157.6,38.62,42.2,11.21,42.39,70.18,42.14,23.59,7,emergency,>=5_years,low,0,0
V252,llm_rag,16.37,1,1,145.9,26.94,27.1,3.98,17.66,78.59,22.58,11.73,8,emergency,>=5_years,low,0,0
V252,colbert,21.69,1,1,132.84,27.93,22.32,4.41,16.58,78.43,32.62,13.21,9,emergency,>=5_years,low,0,0
V483,cma,41.63,1,2,133.8,38.91,38.09,17.19,41.78,76.58,42.23,17.59,1,internal_medicine,<5_years,low,1,1
V483,sdt,37.83,1,2,118.71,28.99,24.23,5.57,28.9,83.28,18.44,13.51,2,internal_medicine,<5_years,low,1,1
V483,medcpt,36.77,1,2,149.62,36.01,40.13,11.58,35.53,71.78,39.66,17.39,3,internal_medicine,<5_years,low,1,0
V483,bm25,43.72,1,2,202.16,45.54,53.54,18.31,52.75,64.29,51.76,32.59,4,internal_medicine,<5_years,low,1,0
V483,control,45.95,1,2,158.7,45.1,56.92,5.6,55.4,69.51,47.07,36.07,5,internal_medicine,<5_years,low,1,0
V483,graphcare,38.93,1,2,145.94,33.95,37.67,8.99,36.77,66.02,35.93,18.3,6,internal_medicine,<5_years,low,1,0
V483,colbert,36.05,1,2,152.19,33.3,38.66,10.79,34.54,74.32,27.77,13.73,7,internal_medicine,<5_years,low,1,0
V483,gdt,37.77,1,2,104.17,33.43,34.41,10.51,25.55,74.18,41.96,13.95,8,internal_medicine,<5_years,low,1,1
V483,llm_rag,39.06,1,2,149.89,35.34,33.18,10.0,37.53,77.99,29.22,24.11,9,internal_medicine,<5_years,low,1,0
V937,sdt,70.33,1,4,128.62,39.32,42.94,11.85,42.8,74.02,40.37,23.95,1,hospital_medicine,>=5_years,high,3,1
V937,medcpt,168.38,0,4,132.02,60.2,84.71,26.11,83.24,41.4,79.97,45.74,2,hospital_medicine,>=5_years,high,3,0
V937,colbert,80.33,1,4,153.45,44.46,54.32,13.66,53.25,63.78,56.48,25.26,3,hospital_medicine,>=5_years,high,3,0
V937,cma,176.15,0,4,154.94,62.09,88.92,21.01,83.67,46.12,89.27,43.58,4,hospital_medicine,>=5_years,high,3,1
V937,control,194.45,0,4,193.96,68.73,99.85,28.19,97.58,28.58,100.0,58.15,5,hospital_medicine,>=5_years,high,3,0
V937,bm25,192.43,0,4,184.71,68.83,100.0,24.67,100.0,31.67,100.0,56.64,6,hospital_medicine,>=5_years,high,3,0
V937,llm_rag,300.0,0,4,176.66,69.93,100.0,36.26,100.0,20.31,100.0,63.0,7,hospital_medicine,>=5_years,high,3,0
V937,gdt,170.73,0,4,135.09,59.76,78.71,23.65,84.47,42.58,89.07,40.08,8,hospital_medicine,>=5_years,high,3,1
V937,graphcare,178.71,0,4,132.69,60.31,92.14,30.68,74.98,39.01,80.93,44.11,9,hospital_medicine,>=5_years,high,3,0
V211,cma,38.58,1,2,160.08,35.15,37.85,8.18,29.12,71.1,44.89,19.74,1,emergency,>=5_years,low,1,1
V211,colbert,39.22,1,2,157.75,31.98,36.12,6.45,26.86,78.79,31.93,11.74,2,emergency,>=5_years,low,1,0
V211,bm25,41.53,1,2,183.95,43.11,48.81,10.8,51.39,62.74,51.69,33.24,3,emergency,>=5_years,low,1,0
V211,graphcare,39.05,1,2,164.65,35.62,34.58,16.65,29.44,85.86,32.33,14.86,4,emergency,>=5_years,low,1,0
V211,sdt,35.23,1,2,114.91,26.49,19.95,1.29,17.59,75.06,26.12,18.91,5,emergency,>=5_years,low,1,1
V211,control,48.42,1,2,161.59,42.36,56.06,16.93,45.28,61.97,48.42,25.51,6,emergency,>=5_years,low,1,0
V211,medcpt,38.72,1,2,133.38,36.43,34.83,12.19,37.61,73.47,39.94,20.54,7,emergency,>=5_years,low,1,0
V211,llm_rag,35.35,1,2,147.96,33.54,38.29,9.28,37.89,70.89,28.55,16.33,8,emergency,>=5_years,low,1,0
V211,gdt,40.01,1,2,153.23,34.22,35.86,9.31,28.88,78.46,32.74,20.04,9,emergency,>=5_years,low,1,1
V257,medcpt,97.28,1,5,146.96,47.38,62.12,12.13,58.34,60.59,55.6,35.54,1,hospital_medicine,>=5_years,high,3,0
V257,control,120.63,1,5,202.65,61.38,84.91,26.92,74.96,44.46,80.38,56.65,2,hospital_medicine,>=5_years,high,3,0
V257,cma,92.55,1,5,147.78,46.13,63.95,16.19,53.09,55.15,59.0,29.4,3,hospital_medicine,>=5_years,high,3,1
V257,graphcare,98.08,1,5,151.3,48.07,62.69,14.17,59.91,55.91,65.82,29.93,4,hospital_medicine,>=5_years,high,3,0
V257,gdt,91.91,1,5,134.3,44.62,59.14,20.56,51.58,52.15,59.44,24.85,5,hospital_medicine,>=5_years,high,3,1
V257,llm_rag,96.3,1,5,166.41,45.49,56.2,22.1,58.27,56.41,50.72,29.25,6,hospital_medicine,>=5_years,high,3,0
V257,bm25,120.32,1,5,190.3,59.03,84.04,17.1,81.48,45.67,79.9,46.02,7,hospital_medicine,>=5_years,high,3,0
V257,sdt,90.5,1,5,118.87,45.2,47.0,24.05,49.93,63.33,52.61,34.26,8,hospital_medicine,>=5_years,high,3,1
V257,colbert,103.3,1,5,158.58,49.7,70.93,18.36,54.5,55.96,63.46,34.97,9,hospital_medicine,>=5_years,high,3,0
V236,gdt,95.9,1,5,122.77,45.41,57.49,13.5,48.22,60.73,60.6,31.9,1,critical_care,<5_years,high,3,1
V236,bm25,118.03,1,5,190.09,60.32,81.83,23.63,84.79,41.11,83.33,47.21,2,critical_care,<5_years,high,3,0
V236,llm_rag,96.22,1,5,162.95,46.48,62.5,19.87,49.1,63.04,58.03,26.34,3,critical_care,<5_years,high,3,0
V236,sdt,92.85,1,5,107.66,45.14,55.71,16.63,46.94,65.61,59.82,26.12,4,critical_care,<5_years,high,3,1
V236,graphcare,99.97,1,5,146.53,47.39,59.01,16.0,54.19,60.44,62.85,31.85,5,critical_care,<5_years,high,3,0
V236,cma,100.91,1,5,143.7,47.28,63.1,17.95,51.52,60.91,60.22,29.99,6,critical_care,<5_years,high,3,1
V236,medcpt,103.94,1,5,146.51,49.25,61.21,16.44,62.34,58.63,63.39,33.5,7,critical_care,<5_years,high,3,0
V236,colbert,100.16,1,5,160.34,45.95,58.1,13.06,56.6,59.62,57.77,30.57,8,critical_care,<5_years,high,3,0
V236,control,116.12,1,5,175.99,62.64,79.62,28.58,83.85,49.51,81.7,52.58,9,critical_care,<5_years,high,3,0
V395,bm25,113.48,1,5,188.44,58.92,76.51,22.8,77.66,49.23,74.12,53.2,1,internal_medicine,>=5_years,high,4,0
V395,medcpt,99.46,1,5,136.64,49.64,68.77,18.23,61.61,60.33,61.38,27.52,2,internal_medicine,>=5_years,high,4,0
V395,graphcare,101.31,1,5,128.49,49.71,61.2,22.92,59.66,55.3,60.74,38.43,3,internal_medicine,>=5_years,high,4,0
V395,llm_rag,96.85,1,5,164.84,47.1,54.45,14.51,59.81,52.94,62.48,38.43,4,internal_medicine,>=5_years,high,4,0
V395,cma,97.96,1,5,150.38,49.95,67.64,15.96,56.48,59.29,61.89,38.43,5,internal_medicine,>=5_years,high,4,1
V395,gdt,94.76,1,5,133.62,43.83,54.74,13.93,54.94,56.43,50.83,32.13,6,internal_medicine,>=5_years,high,4,1
V395,sdt,91.41,1,5,98.3,41.15,44.77,18.53,37.61,71.98,51.67,22.36,7,internal_medicine,>=5_years,high,4,1
V395,control,110.8,1,5,196.83,55.5,83.82,13.12,69.78,43.48,70.59,52.22,8,internal_medicine,>=5_years,high,4,0
V395,colbert,99.18,1,5,153.76,47.24,61.25,15.76,61.73,60.45,52.41,31.83,9,internal_medicine,>=5_years,high,4,0
V041,llm_rag,17.38,1,1,146.92,32.79,32.49,9.55,24.58,82.92,32.43,14.75,1,critical_care,>=5_years,low,0,0
V041,colbert,16.03,1,1,169.04,28.34,27.08,0.0,28.64,82.14,20.6,11.59,2,critical_care,>=5_years,low,0,0
V041,sdt,19.32,1,1,133.88,24.54,20.04,12.05,8.31,84.01,14.75,8.1,3,critical_care,>=5_years,low,0,1
V041,gdt,17.06,1,1,131.56,28.46,26.25,13.25,16.85,81.4,18.33,14.65,4,critical_care,>=5_years,low,0,1
V041,bm25,28.1,1,1,157.57,41.82,42.09,15.68,45.77,72.62,49.0,25.75,5,critical_care,>=5_years,low,0,0
V041,medcpt,20.08,1,1,143.88,28.85,24.63,5.97,23.04,81.22,27.18,11.08,6,critical_care,>=5_years,low,0,0
V041,cma,20.42,1,1,141.5,31.92,30.95,7.56,33.28,80.06,30.86,8.79,7,critical_care,>=5_years,low,0,1
V041,graphcare,19.05,1,1,183.25,29.73,27.54,14.13,24.88,77.68,24.13,10.0,8,critical_care,>=5_years,low,0,0
V041,control,20.37,1,1,139.31,39.15,41.0,13.74,42.54,68.56,42.1,26.98,9,critical_care,>=5_years,low,0,0
V495,colbert,57.43,1,3,143.48,38.05,45.28,11.07,33.42,73.87,38.77,25.88,1,emergency,<5_years,high,2,0
V495,cma,56.76,1,3,145.54,42.49,53.26,6.77,43.93,71.76,47.24,31.98,2,emergency,<5_years,high,2,1
V495,medcpt,57.52,1,3,148.65,41.4,45.43,17.21,47.97,73.11,43.11,21.57,3,emergency,<5_years,high,2,0
V495,sdt,50.7,1,3,110.13,30.18,34.09,4.13,23.23,72.11,29.0,18.5,4,emergency,<5_years,high,2,1
V495,llm_rag,53.52,1,3,148.93,36.87,47.09,15.73,39.52,67.4,35.27,16.19,5,emergency,<5_years,high,2,0
V495,bm25,73.32,1,3,205.51,49.68,68.72,19.76,61.0,54.42,57.11,37.07,6,emergency,<5_years,high,2,0
V495,gdt,56.22,1,3,129.72,36.43,41.31,6.18,40.7,74.16,35.47,20.75,7,emergency,<5_years,high,2,1
V495,control,75.07,1,3,192.36,49.94,59.19,26.28,61.96,55.74,55.46,40.98,8,emergency,<5_years,high,2,0
V495,graphcare,58.97,1,3,146.57,36.29,45.01,3.08,40.34,69.13,38.64,21.58,9,emergency,<5_years,high,2,0
V575,llm_rag,95.66,1,5,157.02,47.6,57.27,19.52,53.87,59.29,57.68,37.97,1,hospital_medicine,>=5_years,high,3,0
V575,control,115.27,1,5,201.71,61.31,85.66,24.87,73.61,61.72,80.23,41.75,2,hospital_medicine,>=5_years,high,3,0
V575,cma,92.7,1,5,145.65,48.63,59.54,21.01,59.2,60.02,63.22,28.78,3,hospital_medicine,>=5_years,high,3,1
V575,graphcare,94.02,1,5,144.8,48.06,60.42,16.84,57.24,59.46,62.8,31.58,4,hospital_medicine,>=5_years,high,3,0
V575,colbert,97.4,1,5,163.1,45.83,52.31,13.56,55.09,53.94,63.6,36.45,5,hospital_medicine,>=5_years,high,3,0
V575,bm25,123.86,1,5,199.27,60.96,85.19,23.75,80.51,40.96,84.55,50.77,6,hospital_medicine,>=5_years,high,3,0
V575,sdt,86.43,1,5,107.32,42.01,54.05,6.91,47.5,73.65,49.28,20.69,7,hospital_medicine,>=5_years,high,3,1
V575,medcpt,98.36,1,5,141.61,46.72,60.04,14.89,50.45,55.99,61.0,37.96,8,hospital_medicine,>=5_years,high,3,0
V575,gdt,101.82,1,5,132.33,48.64,69.03,16.08,55.83,60.32,56.26,34.35,9,hospital_medicine,>=5_years,high,3,1
V670,graphcare,36.99,1,2,170.78,33.98,35.02,12.34,26.4,78.26,33.58,18.28,1,critical_care,>=5_years,low,1,0
V670,medcpt,46.5,1,2,130.31,37.88,44.16,10.6,43.46,72.22,38.41,18.45,2,critical_care,>=5_years,low,1,0
V670,cma,49.39,1,2,137.77,39.25,40.77,14.54,38.75,72.93,45.22,23.32,3,critical_care,>=5_years,low,1,1
V670,control,54.1,1,2,206.98,44.94,51.68,21.01,48.43,61.99,52.8,33.75,4,critical_care,>=5_years,low,1,0
V670,sdt,33.32,1,2,117.46,27.89,28.65,1.36,17.93,77.83,29.91,11.68,5,critical_care,>=5_years,low,1,1
V670,llm_rag,38.45,1,2,172.94,33.09,33.07,8.69,26.0,74.08,36.1,20.6,6,critical_care,>=5_years,low,1,0
V670,colbert,41.29,1,2,168.32,35.84,41.08,13.94,37.21,69.12,37.08,16.58,7,critical_care,>=5_years,low,1,0
V670,gdt,37.69,1,2,128.53,34.1,31.91,9.3,34.28,78.67,31.24,19.21,8,critical_care,>=5_years,low,1,1
V670,bm25,52.75,1,2,206.64,46.55,56.77,12.09,51.94,64.52,58.75,35.21,9,critical_care,>=5_years,low,1,0
V761,cma,101.03,1,5,152.35,50.02,62.93,16.77,63.27,62.19,59.4,35.58,1,internal_medicine,<5_years,high,3,1
V761,colbert,97.17,1,5,154.11,46.1,63.64,15.09,53.08,57.0,58.48,29.33,2,internal_medicine,<5_years,high,3,0
V761,medcpt,99.26,1,5,133.26,48.75,65.66,17.6,60.89,51.88,60.43,36.03,3,internal_medicine,<5_years,high,3,0
V761,graphcare,92.6,1,5,151.73,48.82,56.22,19.43,58.63,61.42,62.49,34.75,4,internal_medicine,<5_years,high,3,0
V761,bm25,125.33,1,5,168.59,65.66,89.78,30.58,80.67,48.3,90.81,53.82,5,internal_medicine,<5_years,high,3,0
V761,llm_rag,98.45,1,5,173.23,45.04,60.41,10.46,53.77,57.4,62.27,25.92,6,internal_medicine,<5_years,high,3,0
V761,sdt,91.46,1,5,112.72,41.47,56.62,9.44,39.56,61.4,54.22,27.6,7,internal_medicine,<5_years,high,3,1
V761,gdt,91.9,1,5,134.17,47.88,58.28,18.98,51.88,69.7,59.68,28.77,8,internal_medicine,<5_years,high,3,1
V761,control,117.57,1,5,188.6,58.13,82.74,21.62,75.35,44.7,78.79,45.6,9,internal_medicine,<5_years,high,3,0
V740,graphcare,16.92,1,1,137.23,32.5,31.42,12.27,27.12,84.39,25.78,14.0,1,internal_medicine,>=5_years,low,0,0
V740,control,21.01,1,1,199.74,39.53,45.82,11.57,39.16,72.19,41.82,26.6,2,internal_medicine,>=5_years,low,0,0
V740,colbert,21.46,1,1,167.5,31.87,28.66,7.75,31.08,82.81,27.17,13.78,3,internal_medicine,>=5_years,low,0,0
V740,gdt,16.73,1,1,144.23,29.09,23.47,7.97,20.47,92.88,21.34,8.39,4,internal_medicine,>=5_years,low,0,1
V740,llm_rag,18.1,1,1,140.52,25.96,31.43,7.07,12.26,75.69,26.73,2.57,5,internal_medicine,>=5_years,low,0,0
V740,sdt,16.65,1,1,104.01,23.64,20.86,5.19,13.35,90.26,12.16,0.0,6,internal_medicine,>=5_years,low,0,1
V740,medcpt,20.02,1,1,156.8,31.05,36.47,10.84,22.95,77.86,25.0,13.15,7,internal_medicine,>=5_years,low,0,0
V740,cma,17.3,1,1,158.87,32.19,31.78,3.47,26.94,79.78,33.56,17.62,8,internal_medicine,>=5_years,low,0,1
V740,bm25,22.59,1,1,176.03,38.77,38.14,13.89,39.13,70.82,47.11,23.54,9,internal_medicine,>=5_years,low,0,0
V633,colbert,39.76,1,2,156.81,36.93,35.86,16.28,29.32,77.46,41.38,21.25,1,hospital_medicine,<5_years,low,1,0
V633,graphcare,34.71,1,2,149.08,34.98,34.09,12.99,33.81,80.91,26.14,21.94,2,hospital_medicine,<5_years,low,1,0
V633,gdt,40.9,1,2,127.48,33.99,32.76,8.84,30.81,81.31,31.02,19.22,3,hospital_medicine,<5_years,low,1,1
V633,llm_rag,145.18,0,2,147.43,51.49,70.11,18.88,65.15,43.1,74.35,37.34,4,hospital_medicine,<5_years,low,1,0
V633,sdt,37.44,1,2,118.86,29.28,30.66,10.19,22.32,75.89,23.43,13.2,5,hospital_medicine,<5_years,low,1,1
V633,cma,38.95,1,2,144.68,34.55,34.51,8.63,31.48,74.86,39.22,18.62,6,hospital_medicine,<5_years,low,1,1
V633,bm25,44.16,1,2,200.16,42.59,52.98,10.66,54.0,64.64,40.25,33.01,7,hospital_medicine,<5_years,low,1,0
V633,medcpt,41.21,1,2,147.13,37.18,35.54,4.64,39.53,81.5,37.87,23.99,8,hospital_medicine,<5_years,low,1,0
V633,control,53.91,1,2,186.28,45.77,55.73,17.07,55.83,63.35,47.7,34.96,9,hospital_medicine,<5_years,low,1,0
V790,graphcare,114.31,0,1,146.28,44.0,61.44,21.3,46.73,57.84,50.9,25.78,1,hospital_medicine,>=5_years,low,0,0
V790,control,128.26,0,1,166.96,60.31,78.58,20.53,80.22,50.82,86.21,45.49,2,hospital_medicine,>=5_years,low,0,0
V790,gdt,117.8,0,1,136.96,46.19,56.38,19.82,49.52,62.55,53.54,35.3,3,hospital_medicine,>=5_years,low,0,1
V790,cma,117.16,0,1,170.33,49.15,68.72,13.93,56.84,57.5,62.23,35.67,4,hospital_medicine,>=5_years,low,0,1
V790,bm25,117.64,0,1,185.65,55.63,74.97,19.0,67.26,61.54,73.98,37.03,5,hospital_medicine,>=5_years,low,0,0
V790,colbert,114.92,0,1,140.43,45.52,57.08,15.52,56.49,59.52,60.41,24.08,6,hospital_medicine,>=5_years,low,0,0
V790,medcpt,109.06,0,1,158.18,47.83,59.66,18.32,54.57,66.28,58.94,29.24,7,hospital_medicine,>=5_years,low,0,0
V790,sdt,119.45,0,1,111.12,42.48,49.3,17.19,48.18,62.47,57.99,19.76,8,hospital_medicine,>=5_years,low,0,1
V790,llm_rag,20.59,1,1,161.58,30.83,26.21,14.76,22.94,78.78,31.02,11.25,9,hospital_medicine,>=5_years,low,0,0
V131,sdt,90.98,1,5,114.85,43.1,54.6,18.44,47.28,66.57,47.11,24.59,1,emergency,<5_years,high,2,1
V131,graphcare,96.97,1,5,146.95,45.42,62.47,15.49,54.41,55.18,57.55,27.45,2,emergency,<5_years,high,2,0
V131,llm_rag,100.39,1,5,162.83,50.68,68.28,22.22,61.17,57.49,60.65,34.3,3,emergency,<5_years,high,2,0
V131,control,130.14,1,5,198.73,62.96,89.86,24.26,79.46,48.09,83.37,52.72,4,emergency,<5_years,high,2,0
V131,colbert,95.54,1,5,161.57,46.83,62.01,20.21,54.1,59.0,55.38,30.25,5,emergency,<5_years,high,2,0
V131,bm25,117.21,1,5,169.97,62.22,84.58,23.14,82.02,51.25,83.74,48.6,6,emergency,<5_years,high,2,0
V131,cma,95.19,1,5,147.84,47.37,63.23,15.75,55.39,61.16,55.17,33.52,7,emergency,<5_years,high,2,1
V131,gdt,96.16,1,5,138.43,49.67,62.54,21.46,54.48,62.73,55.25,41.57,8,emergency,<5_years,high,2,1
V131,medcpt,103.33,1,5,147.88,48.24,53.63,19.21,62.33,55.45,66.2,32.62,9,emergency,<5_years,high,2,0
V934,cma,43.44,1,2,143.89,37.93,46.73,8.0,39.67,73.98,33.05,26.18,1,hospital_medicine,<5_years,low,0,1
V934,llm_rag,49.72,1,2,143.03,36.04,39.65,3.95,37.66,74.35,45.47,15.14,2,hospital_medicine,<5_years,low,0,0
V934,colbert,41.72,1,2,160.34,33.28,38.97,9.55,28.04,74.77,30.1,18.27,3,hospital_medicine,<5_years,low,0,0
V934,control,47.14,1,2,185.93,45.13,59.64,12.95,48.44,68.52,49.9,31.31,4,hospital_medicine,<5_years,low,0,0
V934,graphcare,38.53,1,2,155.55,36.11,42.09,8.95,29.7,80.44,36.6,18.91,5,hospital_medicine,<5_years,low,0,0
V934,medcpt,35.95,1,2,158.92,31.92,38.39,8.28,30.46,63.37,30.54,20.48,6,hospital_medicine,<5_years,low,0,0
V934,sdt,37.32,1,2,106.3,29.37,24.43,12.8,16.44,86.54,26.98,9.04,7,hospital_medicine,<5_years,low,0,1
V934,bm25,46.97,1,2,202.63,45.21,51.66,15.0,46.86,65.68,56.56,35.5,8,hospital_medicine,<5_years,low,0,0
V934,gdt,42.92,1,2,129.22,33.65,30.06,14.43,30.35,76.74,32.82,17.48,9,hospital_medicine,<5_years,low,0,1
V143,cma,79.92,1,4,165.4,44.08,58.93,14.93,49.53,61.9,51.36,27.82,1,internal_medicine,<5_years,high,3,1
V143,llm_rag,74.21,1,4,165.17,42.32,49.54,18.54,44.58,63.19,48.97,29.12,2,internal_medicine,<5_years,high,3,0
V143,control,93.34,1,4,189.61,52.69,72.78,16.77,61.29,55.82,67.69,41.79,3,internal_medicine,<5_years,high,3,0
V143,bm25,86.23,1,4,190.65,52.49,71.37,16.3,64.9,52.83,69.79,39.72,4,internal_medicine,<5_years,high,3,0
V143,gdt,73.85,1,4,136.21,41.59,56.03,10.23,38.14,75.0,45.25,24.87,5,internal_medicine,<5_years,high,3,1
V143,medcpt,72.49,1,4,138.19,42.04,54.81,15.41,43.76,60.93,52.91,24.41,6,internal_medicine,<5_years,high,3,0
V143,graphcare,73.5,1,4,152.83,41.43,52.76,10.98,52.69,67.38,49.14,15.61,7,internal_medicine,<5_years,high,3,0
V143,sdt,74.62,1,4,121.25,41.01,48.98,12.81,43.17,72.02,46.32,22.77,8,internal_medicine,<5_years,high,3,1
V143,colbert,80.03,1,4,168.74,43.39,48.19,13.59,45.42,62.29,55.86,35.0,9,internal_medicine,<5_years,high,3,0
V848,cma,22.27,1,1,157.48,31.64,26.89,13.43,26.63,81.8,25.78,15.33,1,internal_medicine,<5_years,low,0,1
V848,medcpt,18.65,1,1,155.33,30.99,25.42,11.22,24.78,80.56,27.07,16.86,2,internal_medicine,<5_years,low,0,0
V848,gdt,21.08,1,1,125.44,30.41,26.38,7.99,30.27,82.99,24.88,9.92,3,internal_medicine,<5_years,low,0,1
V848,colbert,21.41,1,1,135.81,30.33,21.77,7.38,27.96,84.5,30.01,10.35,4,internal_medicine,<5_years,low,0,0
V848,llm_rag,19.49,1,1,185.84,33.07,32.84,17.22,23.8,90.35,22.9,11.31,5,internal_medicine,<5_years,low,0,0
V848,sdt,19.56,1,1,93.45,25.5,23.32,10.67,23.53,79.89,11.25,4.35,6,internal_medicine,<5_years,low,0,1
V848,graphcare,17.96,1,1,132.44,31.69,25.96,9.59,21.88,84.7,34.99,12.99,7,internal_medicine,<5_years,low,0,0
V848,control,23.45,1,1,167.07,37.53,38.53,9.07,42.95,74.03,32.18,28.43,8,internal_medicine,<5_years,low,0,0
V848,bm25,24.29,1,1,184.4,38.8,46.15,9.13,45.91,67.84,42.31,21.43,9,internal_medicine,<5_years,low,0,0
V430,colbert,36.75,1,2,148.33,34.01,38.67,10.0,34.8,71.26,36.63,12.69,1,internal_medicine,>=5_years,low,1,0
V430,cma,40.47,1,2,150.37,35.67,42.38,18.68,35.8,68.95,34.97,13.26,2,internal_medicine,>=5_years,low,1,1
V430,medcpt,36.75,1,2,142.03,36.04,33.59,13.81,32.51,78.33,36.18,21.85,3,internal_medicine,>=5_years,low,1,0
V430,graphcare,39.64,1,2,135.35,35.61,39.07,6.69,38.17,81.41,29.73,18.57,4,internal_medicine,>=5_years,low,1,0
V430,control,43.08,1,2,190.84,42.65,48.75,13.14,47.01,69.5,42.11,35.4,5,internal_medicine,>=5_years,low,1,0
V430,llm_rag,36.88,1,2,162.43,34.05,30.38,13.1,33.73,74.81,35.07,17.21,6,internal_medicine,>=5_years,low,1,0
V430,bm25,48.74,1,2,208.35,45.25,57.26,10.4,52.98,68.76,50.61,31.49,7,internal_medicine,>=5_years,low,1,0
V430,gdt,43.24,1,2,133.81,34.95,36.66,17.86,31.75,74.7,35.36,13.34,8,internal_medicine,>=5_years,low,1,1
V430,sdt,36.18,1,2,104.7,28.78,21.24,10.77,29.49,76.82,25.81,8.52,9,internal_medicine,>=5_years,low,1,1
V383,graphcare,38.67,1,2,155.92,33.49,28.88,17.44,35.55,69.47,35.55,14.05,1,internal_medicine,<5_years,low,1,0
V383,bm25,42.76,1,2,166.4,42.12,50.91,8.4,52.5,66.11,53.02,21.75,2,internal_medicine,<5_years,low,1,0
V383,llm_rag,42.8,1,2,175.02,33.31,41.12,8.77,27.26,69.34,38.25,15.12,3,internal_medicine,<5_years,low,1,0
V383,gdt,38.02,1,2,123.15,32.33,29.43,8.42,28.36,80.49,29.19,18.1,4,internal_medicine,<5_years,low,1,1
V383,cma,39.78,1,2,130.29,35.82,37.66,8.28,45.14,74.94,32.19,16.7,5,internal_medicine,<5_years,low,1,1
V383,control,43.79,1,2,177.08,40.81,49.13,14.34,42.15,67.19,45.78,26.26,6,internal_medicine,<5_years,low,1,0
V383,sdt,35.57,1,2,104.43,30.91,32.67,16.41,20.99,78.03,24.76,12.58,7,internal_medicine,<5_years,low,1,1
V383,medcpt,37.71,1,2,137.54,41.09,40.65,14.78,36.72,85.89,41.36,27.16,8,internal_medicine,<5_years,low,1,0
V383,colbert,35.04,1,2,166.87,34.65,35.74,9.04,40.06,78.43,31.5,13.13,9,internal_medicine,<5_years,low,1,0
V996,graphcare,57.71,1,3,150.31,39.64,43.91,9.24,39.43,68.27,50.84,26.15,1,internal_medicine,<5_years,high,2,0
V996,cma,64.68,1,3,130.18,42.32,55.05,14.46,43.3,73.06,40.39,27.63,2,internal_medicine,<5_years,high,2,1
V996,sdt,55.69,1,3,109.39,31.4,24.85,12.77,25.17,77.66,36.81,11.12,3,internal_medicine,<5_years,high,2,1
V996,gdt,64.49,1,3,131.37,38.49,45.87,9.81,33.84,69.72,42.5,29.21,4,internal_medicine,<5_years,high,2,1
V996,bm25,65.06,1,3,183.03,47.95,56.84,16.95,59.68,62.83,60.6,30.83,5,internal_medicine,<5_years,high,2,0
V996,control,65.97,1,3,184.66,45.7,56.32,18.16,46.89,59.67,61.85,31.28,6,internal_medicine,<5_years,high,2,0
V996,medcpt,55.11,1,3,146.55,41.48,51.82,8.28,41.9,72.83,45.36,28.71,7,internal_medicine,<5_years,high,2,0
V996,llm_rag,54.06,1,3,177.08,38.58,43.62,7.21,38.21,76.13,38.67,27.67,8,internal_medicine,<5_years,high,2,0
V996,colbert,58.62,1,3,155.07,39.08,51.78,12.96,34.95,69.08,44.39,21.33,9,internal_medicine,<5_years,high,2,0
V595,cma,21.32,1,1,127.71,32.77,28.46,4.62,26.61,80.33,37.72,18.9,1,emergency,>=5_years,low,0,1
V595,bm25,20.12,1,1,199.51,41.84,46.79,13.86,43.61,76.42,41.32,29.05,2,emergency,>=5_years,low,0,0
V595,colbert,18.02,1,1,154.21,28.52,28.33,7.76,24.01,77.03,25.84,8.13,3,emergency,>=5_years,low,0,0
V595,gdt,16.93,1,1,126.28,28.51,17.43,10.13,26.2,88.38,25.3,3.63,4,emergency,>=5_years,low,0,1
V595,medcpt,17.91,1,1,133.53,28.48,28.02,3.21,19.91,81.53,22.81,15.39,5,emergency,>=5_years,low,0,0
V595,control,22.91,1,1,225.5,39.83,39.17,15.06,44.67,74.57,43.41,22.08,6,emergency,>=5_years,low,0,0
V595,graphcare,20.62,1,1,117.21,28.29,24.71,5.97,24.94,75.23,28.88,10.01,7,emergency,>=5_years,low,0,0
V595,sdt,16.02,1,1,105.21,25.88,28.65,8.84,16.03,80.24,16.28,5.27,8,emergency,>=5_years,low,0,1
V595,llm_rag,20.52,1,1,152.83,29.04,31.32,9.52,22.26,79.23,22.38,9.55,9,emergency,>=5_years,low,0,0
V145,gdt,59.88,1,3,126.02,38.39,51.89,16.12,39.41,67.14,39.71,16.04,1,internal_medicine,<5_years,high,2,1
V145,llm_rag,56.77,1,3,166.42,39.7,41.52,11.01,42.19,76.26,43.43,23.77,2,internal_medicine,<5_years,high,2,0
V145,colbert,54.85,1,3,149.4,37.74,48.72,8.47,43.35,68.53,41.7,15.67,3,internal_medicine,<5_years,high,2,0
V145,sdt,55.44,1,3,116.87,34.45,32.8,10.47,38.99,70.98,32.02,21.42,4,internal_medicine,<5_years,high,2,1
V145,graphcare,54.46,1,3,142.78,38.32,42.99,14.28,38.56,71.67,43.31,19.12,5,internal_medicine,<5_years,high,2,0
V145,control,63.95,1,3,198.51,48.8,63.45,18.11,53.01,61.72,57.65,38.88,6,internal_medicine,<5_years,high,2,0
V145,bm25,73.98,1,3,200.73,51.7,65.8,18.73,60.24,58.05,65.89,41.51,7,internal_medicine,<5_years,high,2,0
V145,cma,60.6,1,3,141.86,40.26,48.33,10.59,43.87,75.47,45.16,18.14,8,internal_medicine,<5_years,high,2,1
V145,medcpt,58.51,1,3,130.45,38.03,48.54,13.09,42.82,71.95,34.75,17.01,9,internal_medicine,<5_years,high,2,0
V194,control,66.61,1,3,174.01,49.85,56.03,25.53,65.87,62.87,59.4,29.39,1,critical_care,<5_years,high,2,0
V194,bm25,70.5,1,3,189.89,52.6,68.01,19.02,62.29,59.26,68.79,38.26,2,critical_care,<5_years,high,2,0
V194,colbert,57.0,1,3,153.08,38.52,37.43,20.29,36.72,71.26,43.72,21.73,3,critical_care,<5_years,high,2,0
V194,graphcare,54.78,1,3,140.1,37.64,40.03,9.59,38.04,73.1,37.31,27.79,4,critical_care,<5_years,high,2,0
V194,sdt,58.63,1,3,106.33,37.58,36.06,11.28,37.78,72.3,41.33,26.74,5,critical_care,<5_years,high,2,1
V194,llm_rag,55.39,1,3,166.55,37.6,42.2,21.47,34.24,63.08,40.73,23.91,6,critical_care,<5_years,high,2,0
V194,gdt,62.23,1,3,130.69,38.73,46.27,14.23,43.4,72.37,44.65,11.43,7,critical_care,<5_years,high,2,1
V194,medcpt,56.25,1,3,139.02,40.75,45.68,14.28,41.0,67.27,46.68,29.58,8,critical_care,<5_years,high,2,0
V194,cma,64.73,1,3,134.29,39.25,48.1,11.2,47.24,59.77,42.01,27.2,9,critical_care,<5_years,high,2,1
V892,colbert,79.1,1,4,162.89,43.14,51.72,14.36,46.09,64.38,51.5,30.77,1,emergency,<5_years,high,2,0
V892,cma,81.53,1,4,151.73,43.58,56.97,5.62,55.4,65.97,47.29,30.21,2,emergency,<5_years,high,2,1
V892,medcpt,74.86,1,4,130.93,43.37,53.23,13.46,50.04,63.01,51.94,28.52,3,emergency,<5_years,high,2,0
V892,graphcare,75.29,1,4,140.99,41.19,52.57,22.39,42.26,66.12,44.32,19.49,4,emergency,<5_years,high,2,0
V892,llm_rag,276.37,0,4,165.51,70.34,100.0,34.66,100.0,23.65,100.0,63.71,5,emergency,<5_years,high,2,0
V892,control,99.18,1,4,186.97,54.49,67.85,25.71,71.52,55.68,66.07,40.12,6,emergency,<5_years,high,2,0
V892,sdt,72.83,1,4,104.43,36.8,43.24,5.4,30.93,72.21,41.86,27.14,7,emergency,<5_years,high,2,1
V892,gdt,78.85,1,4,139.26,44.22,49.53,16.46,52.88,70.91,46.59,28.94,8,emergency,<5_years,high,2,1
V892,bm25,92.64,1,4,181.83,54.9,80.33,19.59,69.45,54.42,63.63,41.97,9,emergency,<5_years,high,2,0
V634,control,99.48,1,4,177.64,56.23,74.11,28.95,69.71,52.19,74.02,38.43,1,hospital_medicine,>=5_years,high,3,0
V634,sdt,74.42,1,4,106.44,38.67,47.0,11.88,44.34,68.06,41.39,19.34,2,hospital_medicine,>=5_years,high,3,1
V634,cma,88.86,1,4,139.38,45.91,56.55,15.62,57.24,61.79,56.04,28.24,3,hospital_medicine,>=5_years,high,3,1
V634,graphcare,80.17,1,4,141.41,42.85,47.18,19.5,51.86,60.19,53.22,25.15,4,hospital_medicine,>=5_years,high,3,0
V634,llm_rag,78.48,1,4,165.78,41.45,52.0,13.8,44.06,65.86,52.68,20.29,5,hospital_medicine,>=5_years,high,3,0
V634,bm25,99.23,1,4,186.91,57.74,73.6,17.23,69.41,60.64,74.83,50.74,6,hospital_medicine,>=5_years,high,3,0
V634,colbert,77.22,1,4,158.76,43.03,51.72,13.37,48.39,67.55,51.04,26.13,7,hospital_medicine,>=5_years,high,3,0
V634,gdt,79.27,1,4,129.12,44.66,60.89,21.21,47.8,67.77,50.58,19.69,8,hospital_medicine,>=5_years,high,3,1
V634,medcpt,78.02,1,4,137.54,42.59,52.07,14.33,44.3,63.73,46.86,34.26,9,hospital_medicine,>=5_years,high,3,0
V074,control,22.6,1,1,175.06,38.93,39.91,11.7,29.92,79.73,45.88,26.44,1,emergency,>=5_years,low,0,0
V074,gdt,17.27,1,1,121.4,31.21,33.65,9.19,26.7,78.73,21.63,17.35,2,emergency,>=5_years,low,0,1
V074,bm25,23.97,1,1,207.88,39.21,44.19,12.08,46.65,71.76,34.46,26.13,3,emergency,>=5_years,low,0,0
V074,colbert,16.86,1,1,175.51,29.69,27.91,10.81,28.03,78.25,22.66,10.48,4,emergency,>=5_years,low,0,0
V074,cma,19.55,1,1,154.67,31.08,28.24,14.47,26.05,80.94,25.48,11.31,5,emergency,>=5_years,low,0,1
V074,llm_rag,16.89,1,1,141.53,28.25,25.85,6.62,21.92,78.08,29.12,7.95,6,emergency,>=5_years,low,0,0
V074,medcpt,20.99,1,1,132.49,29.57,29.37,9.93,20.84,78.02,23.84,15.41,7,emergency,>=5_years,low,0,0
V074,sdt,17.54,1,1,112.43,25.73,21.9,10.89,17.21,80.35,16.97,7.06,8,emergency,>=5_years,low,0,1
V074,graphcare,20.9,1,1,130.97,30.54,29.01,2.39,22.35,79.32,31.77,18.4,9,emergency,>=5_years,low,0,0
V060,control,37.7,1,2,190.15,42.42,48.83,10.38,45.7,74.1,48.96,26.55,1,hospital_medicine,<5_years,low,1,0
V060,gdt,44.48,1,2,136.9,33.77,37.82,4.94,30.99,80.74,33.76,14.37,2,hospital_medicine,<5_years,low,1,1
V060,llm_rag,39.97,1,2,175.67,33.79,30.56,14.62,35.65,77.12,28.56,16.24,3,hospital_medicine,<5_years,low,1,0
V060,graphcare,36.38,1,2,159.14,30.03,32.04,3.98,33.14,73.03,27.37,10.59,4,hospital_medicine,<5_years,low,1,0
V060,cma,41.23,1,2,136.93,36.45,31.98,12.15,40.02,72.46,35.95,26.15,5,hospital_medicine,<5_years,low,1,1
V060,medcpt,37.44,1,2,132.43,33.61,33.35,6.5,30.86,77.27,36.45,17.24,6,hospital_medicine,<5_years,low,1,0
V060,bm25,40.05,1,2,188.51,40.33,50.67,6.2,45.62,62.15,48.9,28.44,7,hospital_medicine,<5_years,low,1,0
V060,sdt,36.85,1,2,98.3,29.01,25.4,2.38,24.56,81.24,25.41,15.06,8,hospital_medicine,<5_years,low,1,1
V060,colbert,41.19,1,2,163.95,35.3,41.45,5.79,30.15,77.62,33.86,22.93,9,hospital_medicine,<5_years,low,1,0
V380,cma,22.4,1,1,167.81,32.66,34.62,14.22,23.58,75.37,30.73,17.43,1,hospital_medicine,<5_years,low,0,1
V380,colbert,20.74,1,1,154.31,31.29,25.8,6.89,27.12,81.92,32.97,13.04,2,hospital_medicine,<5_years,low,0,0
V380,llm_rag,18.95,1,1,180.37,28.63,29.16,5.54,21.34,75.38,31.36,9.0,3,hospital_medicine,<5_years,low,0,0
V380,medcpt,21.77,1,1,126.06,32.91,28.15,9.98,26.92,88.33,28.1,15.99,4,hospital_medicine,<5_years,low,0,0
V380,sdt,19.13,1,1,122.77,25.21,17.04,9.26,15.89,84.37,19.31,5.37,5,hospital_medicine,<5_years,low,0,1
V380,graphcare,19.45,1,1,154.72,31.93,31.77,11.22,35.73,78.15,28.18,6.54,6,hospital_medicine,<5_years,low,0,0
V380,bm25,21.32,1,1,156.08,38.73,46.49,14.93,40.15,68.92,42.39,19.48,7,hospital_medicine,<5_years,low,0,0
V380,control,21.26,1,1,185.12,37.16,35.77,11.78,41.45,71.34,43.24,19.41,8,hospital_medicine,<5_years,low,0,0
V380,gdt,17.21,1,1,135.99,29.37,22.16,6.52,17.02,82.6,31.13,16.77,9,hospital_medicine,<5_years,low,0,1
V094,medcpt,95.2,1,5,134.49,50.31,69.16,13.87,60.25,60.66,66.38,31.53,1,critical_care,>=5_years,high,0,0
V094,llm_rag,96.75,1,5,174.33,48.59,57.76,17.86,59.84,65.28,56.65,34.13,2,critical_care,>=5_years,high,0,0
V094,control,115.23,1,5,185.09,59.55,82.02,24.38,80.09,48.41,74.81,47.56,3,critical_care,>=5_years,high,0,0
V094,colbert,93.03,1,5,150.99,49.61,72.89,14.72,48.1,57.27,63.75,40.95,4,critical_care,>=5_years,high,0,0
V094,sdt,93.51,1,5,117.23,38.42,44.78,13.02,36.93,56.43,52.1,27.28,5,critical_care,>=5_years,high,0,1
V094,gdt,99.98,1,5,124.61,45.84,55.51,21.47,55.08,58.67,55.07,29.25,6,critical_care,>=5_years,high,0,1
V094,bm25,104.32,1,5,203.48,55.75,80.12,15.05,73.68,44.34,74.01,47.29,7,critical_care,>=5_years,high,0,0
V094,graphcare,94.99,1,5,145.0,44.91,57.91,16.66,54.61,63.5,53.37,23.44,8,critical_care,>=5_years,high,0,0
V094,cma,104.66,1,5,148.55,51.75,70.78,23.65,57.04,58.52,65.72,34.83,9,critical_care,>=5_years,high,0,1
V140,cma,245.53,0,2,141.52,70.16,100.0,29.2,97.48,34.16,100.0,60.1,1,critical_care,<5_years,low,0,1
V140,colbert,230.14,0,2,141.1,67.21,96.48,19.67,92.14,38.06,99.0,57.9,2,critical_care,<5_years,low,0,0
V140,graphcare,223.13,0,2,159.35,67.84,96.56,31.85,94.56,38.82,95.65,49.6,3,critical_care,<5_years,low,0,0
V140,gdt,141.22,0,2,126.08,51.43,68.36,30.58,62.19,55.48,64.68,27.27,4,critical_care,<5_years,low,0,1
V140,llm_rag,217.6,0,2,159.9,65.18,100.0,30.71,90.89,35.07,97.8,36.63,5,critical_care,<5_years,low,0,0
V140,sdt,232.56,0,2,114.02,61.87,92.31,23.94,78.89,40.32,92.74,43.0,6,critical_care,<5_years,low,0,1
V140,control,250.78,0,2,184.28,70.64,100.0,29.36,100.0,19.48,100.0,75.0,7,critical_care,<5_years,low,0,0
V140,bm25,276.4,0,2,164.91,70.59,100.0,27.42,100.0,19.78,100.0,76.34,8,critical_care,<5_years,low,0,0
V140,medcpt,248.75,0,2,149.41,68.86,100.0,29.77,100.0,30.35,100.0,53.02,9,critical_care,<5_years,low,0,0
V512,cma,43.58,1,2,145.15,35.23,39.5,15.0,26.7,69.2,36.66,24.32,1,internal_medicine,<5_years,low,0,1
V512,sdt,38.97,1,2,104.99,27.35,20.86,9.22,22.0,84.77,20.7,6.57,2,internal_medicine,<5_years,low,0,1
V512,medcpt,42.35,1,2,148.48,36.44,36.15,16.42,33.46,79.74,34.22,18.65,3,internal_medicine,<5_years,low,0,0
V512,control,44.96,1,2,194.38,41.67,46.68,6.22,48.64,69.14,51.01,28.35,4,internal_medicine,<5_years,low,0,0
V512,llm_rag,44.13,1,2,163.14,36.47,35.6,12.56,32.28,82.19,36.98,19.19,5,internal_medicine,<5_years,low,0,0
V512,colbert,42.34,1,2,147.63,34.65,33.04,14.16,33.05,74.15,34.81,18.68,6,internal_medicine,<5_years,low,0,0
V512,gdt,42.36,1,2,129.5,33.34,39.14,8.92,28.0,74.75,32.4,16.8,7,internal_medicine,<5_years,low,0,1
V512,bm25,43.47,1,2,191.46,46.21,52.48,16.8,53.18,71.47,54.6,28.7,8,internal_medicine,<5_years,low,0,0
V512,graphcare,37.43,1,2,145.42,35.44,39.17,11.76,31.23,82.06,30.68,17.72,9,internal_medicine,<5_years,low,0,0
V293,llm_rag,75.46,1,4,181.72,43.49,52.55,14.64,48.31,61.71,57.21,26.52,1,hospital_medicine,>=5_years,high,3,0
V293,sdt,78.1,1,4,110.13,41.15,45.16,14.65,38.65,71.39,52.42,24.65,2,hospital_medicine,>=5_years,high,3,1
V293,colbert,73.81,1,4,150.2,44.12,47.74,10.42,55.87,66.11,52.0,32.57,3,hospital_medicine,>=5_years,high,3,0
V293,gdt,74.05,1,4,123.58,38.53,44.36,8.62,47.9,63.57,44.06,22.66,4,hospital_medicine,>=5_years,high,3,1
V293,medcpt,72.32,1,4,141.78,42.14,52.17,19.3,43.55,60.57,48.32,28.91,5,hospital_medicine,>=5_years,high,3,0
V293,control,86.57,1,4,198.96,52.37,68.79,18.36,59.5,51.51,69.04,47.0,6,hospital_medicine,>=5_years,high,3,0
V293,graphcare,81.92,1,4,155.25,43.83,54.41,23.15,55.37,59.28,45.37,25.41,7,hospital_medicine,>=5_years,high,3,0
V293,cma,81.18,1,4,146.32,45.01,57.36,9.36,55.78,60.15,55.71,31.71,8,hospital_medicine,>=5_years,high,3,1
V293,bm25,95.0,1,4,188.07,57.99,79.62,20.34,73.78,58.87,76.31,39.01,9,hospital_medicine,>=5_years,high,3,0
V975,cma,88.69,1,4,142.82,46.59,61.89,19.25,57.2,54.39,56.94,29.86,1,hospital_medicine,<5_years,high,2,1
V975,gdt,78.55,1,4,124.04,42.5,43.9,12.03,46.61,66.29,56.44,29.73,2,hospital_medicine,<5_years,high,2,1
V975,bm25,95.36,1,4,189.69,54.8,68.06,27.37,71.66,46.14,68.49,47.1,3,hospital_medicine,<5_years,high,2,0
V975,medcpt,78.39,1,4,143.07,42.61,51.95,16.25,56.75,55.17,49.54,26.02,4,hospital_medicine,<5_years,high,2,0
V975,llm_rag,80.34,1,4,168.73,47.04,60.91,19.96,54.19,72.55,50.78,23.84,5,hospital_medicine,<5_years,high,2,0
V975,colbert,79.4,1,4,152.94,46.3,57.17,14.22,51.64,69.42,52.43,32.91,6,hospital_medicine,<5_years,high,2,0
V975,control,98.32,1,4,200.15,51.59,65.13,20.51,60.83,53.11,72.02,37.93,7,hospital_medicine,<5_years,high,2,0
V975,graphcare,73.57,1,4,162.21,44.88,50.6,17.05,48.55,65.68,55.65,31.76,8,hospital_medicine,<5_years,high,2,0
V975,sdt,73.58,1,4,115.85,35.81,34.26,16.19,40.75,67.77,45.27,10.62,9,hospital_medicine,<5_years,high,2,1
V173,control,23.07,1,1,202.31,41.43,42.36,19.74,39.39,76.86,42.12,28.13,1,internal_medicine,<5_years,low,0,0
V173,graphcare,18.02,1,1,165.76,31.92,22.58,7.13,31.69,86.18,28.71,15.27,2,internal_medicine,<5_years,low,0,0
V173,medcpt,21.04,1,1,169.79,31.2,29.62,4.39,28.28,79.31,26.86,18.72,3,internal_medicine,<5_years,low,0,0
V173,bm25,19.92,1,1,161.38,38.03,42.38,18.94,35.19,71.6,42.91,17.12,4,internal_medicine,<5_years,low,0,0
V173,sdt,18.22,1,1,121.29,25.66,21.32,13.41,11.61,80.8,20.77,6.04,5,internal_medicine,<5_years,low,0,1
V173,colbert,22.24,1,1,157.65,31.78,28.54,2.86,26.67,79.41,32.69,20.51,6,internal_medicine,<5_years,low,0,0
V173,gdt,19.87,1,1,127.27,28.06,29.54,6.19,25.18,77.5,20.39,9.54,7,internal_medicine,<5_years,low,0,1
V173,llm_rag,17.58,1,1,169.81,30.26,30.65,5.49,25.86,82.49,28.84,8.23,8,internal_medicine,<5_years,low,0,0
V173,cma,20.73,1,1,142.43,33.26,27.25,19.0,25.99,84.07,27.38,15.85,9,internal_medicine,<5_years,low,0,1
V201,bm25,24.64,1,1,218.27,39.25,39.33,10.67,38.02,82.02,43.52,21.95,1,critical_care,>=5_years,low,0,0
V201,gdt,17.86,1,1,138.77,28.09,23.05,4.14,20.06,86.41,21.31,13.55,2,critical_care,>=5_years,low,0,1
V201,medcpt,23.13,1,1,159.12,31.22,28.47,7.17,32.19,78.43,28.02,13.01,3,critical_care,>=5_years,low,0,0
V201,llm_rag,18.15,1,1,150.09,27.83,20.91,7.23,25.02,79.49,20.65,13.66,4,critical_care,>=5_years,low,0,0
V201,sdt,16.65,1,1,107.69,23.57,17.52,3.66,7.77,81.66,22.18,8.6,5,critical_care,>=5_years,low,0,1
V201,graphcare,19.68,1,1,169.24,25.39,28.07,1.35,17.64,74.19,22.04,9.06,6,critical_care,>=5_years,low,0,0
V201,control,21.34,1,1,156.02,40.1,43.0,14.18,50.29,65.68,35.06,32.38,7,critical_care,>=5_years,low,0,0
V201,cma,19.63,1,1,160.98,32.4,28.68,16.27,24.29,78.33,25.26,21.55,8,critical_care,>=5_years,low,0,1
V201,colbert,20.97,1,1,157.39,32.21,21.9,8.75,30.37,76.3,35.43,20.54,9,critical_care,>=5_years,low,0,0
V861,llm_rag,99.06,1,5,154.26,45.63,64.23,15.81,55.42,51.19,58.89,28.21,1,critical_care,<5_years,high,3,0
V861,bm25,120.47,1,5,190.85,63.15,84.89,24.23,80.16,51.7,91.94,46.0,2,critical_care,<5_years,high,3,0
V861,control,123.92,1,5,199.84,61.41,83.65,19.21,83.6,50.94,82.04,49.04,3,critical_care,<5_years,high,3,0
V861,graphcare,102.3,1,5,146.85,46.87,65.94,19.01,50.32,58.37,57.91,29.7,4,critical_care,<5_years,high,3,0
V861,gdt,100.45,1,5,139.63,45.26,62.36,15.49,48.85,52.82,61.37,30.65,5,critical_care,<5_years,high,3,1
V861,colbert,108.02,1,5,159.94,49.55,74.38,17.95,59.73,54.67,60.66,29.9,6,critical_care,<5_years,high,3,0
V861,cma,102.75,1,5,147.07,50.15,63.86,18.39,68.43,50.99,62.09,37.11,7,critical_care,<5_years,high,3,1
V861,sdt,89.96,1,5,112.4,40.92,45.48,15.62,50.09,66.83,44.75,22.74,8,critical_care,<5_years,high,3,1
V861,medcpt,95.43,1,5,142.34,47.71,65.66,16.05,56.97,57.75,54.43,35.42,9,critical_care,<5_years,high,3,0
V716,sdt,109.23,0,1,115.34,40.95,48.59,16.74,45.1,66.91,45.33,23.06,1,internal_medicine,<5_years,low,0,1
V716,colbert,20.32,1,1,159.42,32.0,35.69,7.32,23.04,79.31,28.47,18.19,2,internal_medicine,<5_years,low,0,0
V716,cma,19.18,1,1,161.83,33.01,28.81,7.42,31.34,77.57,34.48,18.42,3,internal_medicine,<5_years,low,0,1
V716,bm25,129.06,0,1,220.11,58.61,74.86,22.18,74.24,59.77,77.55,43.05,4,internal_medicine,<5_years,low,0,0
V716,llm_rag,19.55,1,1,135.55,30.06,27.32,6.75,21.12,83.54,26.62,15.03,5,internal_medicine,<5_years,low,0,0
V716,graphcare,17.28,1,1,151.02,30.2,29.48,1.88,24.57,80.32,28.67,16.26,6,internal_medicine,<5_years,low,0,0
V716,gdt,19.26,1,1,144.89,30.67,33.84,12.7,22.53,78.45,22.6,13.89,7,internal_medicine,<5_years,low,0,1
V716,medcpt,21.87,1,1,154.3,33.15,33.17,21.41,26.28,78.43,27.5,12.13,8,internal_medicine,<5_years,low,0,0
V716,control,25.84,1,1,172.12,37.9,38.47,5.81,41.7,72.53,39.65,29.26,9,internal_medicine,<5_years,low,0,0
V589,sdt,18.12,1,1,117.67,27.91,12.09,7.03,20.73,96.34,24.53,6.72,1,internal_medicine,<5_years,low,0,1
V589,medcpt,21.07,1,1,119.99,30.54,36.33,7.81,22.39,80.86,21.02,14.84,2,internal_medicine,<5_years,low,0,0
V589,gdt,15.61,1,1,139.47,28.27,28.12,9.14,20.22,79.7,23.38,9.03,3,internal_medicine,<5_years,low,0,1
V589,control,18.98,1,1,213.69,36.86,38.49,8.82,35.6,72.3,44.97,21.0,4,internal_medicine,<5_years,low,0,0
V589,colbert,23.77,1,1,163.31,29.96,28.27,7.86,26.37,88.38,18.3,10.6,5,internal_medicine,<5_years,low,0,0
V589,graphcare,17.91,1,1,181.32,27.93,26.66,3.13,26.09,76.1,25.12,10.5,6,internal_medicine,<5_years,low,0,0
V589,llm_rag,19.53,1,1,144.55,32.21,33.23,12.46,21.75,83.6,28.52,13.74,7,internal_medicine,<5_years,low,0,0
V589,bm25,24.42,1,1,194.3,36.47,41.57,7.88,35.8,70.14,44.7,18.7,8,internal_medicine,<5_years,low,0,0
V589,cma,19.47,1,1,157.17,32.2,28.95,4.0,31.01,80.52,31.32,17.4,9,internal_medicine,<5_years,low,0,1
V019,medcpt,101.64,1,5,141.21,48.7,64.37,19.89,57.44,54.12,66.52,29.9,1,emergency,<5_years,high,3,0
V019,sdt,87.99,1,5,118.04,40.46,45.97,8.18,48.35,64.92,48.07,27.23,2,emergency,<5_years,high,3,1
V019,gdt,95.4,1,5,137.5,43.05,55.33,15.11,51.14,54.43,57.47,24.82,3,emergency,<5_years,high,3,1
V019,llm_rag,94.18,1,5,165.05,46.51,55.91,19.27,57.08,61.5,57.35,27.93,4,emergency,<5_years,high,3,0
V019,cma,95.96,1,5,138.62,44.74,53.16,18.41,52.24,55.99,59.62,29.04,5,emergency,<5_years,high,3,1
V019,bm25,115.53,1,5,189.62,59.27,80.45,24.05,75.3,44.11,77.71,53.99,6,emergency,<5_years,high,3,0
V019,control,111.9,1,5,184.67,58.59,80.44,19.3,79.37,51.87,76.84,43.75,7,emergency,<5_years,high,3,0
V019,graphcare,94.16,1,5,143.87,46.89,61.78,18.97,48.44,60.15,56.68,35.35,8,emergency,<5_years,high,3,0
V019,colbert,88.18,1,5,138.06,45.97,56.23,19.06,58.82,52.15,56.76,32.82,9,emergency,<5_years,high,3,0
V300,sdt,94.23,1,5,111.2,41.29,49.92,10.15,44.91,66.38,53.3,23.07,1,internal_medicine,>=5_years,high,4,1
V300,colbert,103.81,1,5,156.94,48.84,63.41,10.63,62.32,63.22,61.12,32.34,2,internal_medicine,>=5_years,high,4,0
V300,llm_rag,96.32,1,5,173.89,46.08,61.14,14.94,57.25,60.37,58.27,24.49,3,internal_medicine,>=5_years,high,4,0
V300,graphcare,107.85,1,5,158.42,50.5,63.77,12.76,64.11,57.46,66.57,38.35,4,internal_medicine,>=5_years,high,4,0
V300,gdt,95.67,1,5,124.01,47.32,58.64,10.25,57.06,60.78,60.11,37.1,5,internal_medicine,>=5_years,high,4,1
V300,medcpt,97.3,1,5,136.76,49.77,61.98,13.51,63.9,54.29,68.04,36.91,6,internal_medicine,>=5_years,high,4,0
V300,cma,102.78,1,5,147.33,51.68,69.17,21.5,61.91,59.29,60.63,37.57,7,internal_medicine,>=5_years,high,4,1
V300,control,114.35,1,5,195.74,59.5,87.55,20.46,73.59,50.62,76.79,48.01,8,internal_medicine,>=5_years,high,4,0
V300,bm25,110.95,1,5,184.92,59.77,79.94,23.71,71.69,43.49,85.6,54.18,9,internal_medicine,>=5_years,high,4,0
V047,llm_rag,38.62,1,2,178.38,34.93,37.72,11.88,32.83,78.38,33.46,15.33,1,emergency,>=5_years,low,1,0
V047,graphcare,37.59,1,2,156.2,36.8,46.05,6.37,33.58,81.22,33.87,19.71,2,emergency,>=5_years,low,1,0
V047,bm25,43.48,1,2,183.96,43.69,49.22,13.01,47.22,68.3,53.06,31.33,3,emergency,>=5_years,low,1,0
V047,medcpt,41.28,1,2,163.18,35.76,38.12,6.4,32.64,71.22,42.68,23.5,4,emergency,>=5_years,low,1,0
V047,control,40.12,1,2,187.7,43.21,50.88,22.95,49.46,60.2,48.26,27.54,5,emergency,>=5_years,low,1,0
V047,gdt,39.67,1,2,124.71,32.19,38.63,12.13,20.46,72.95,34.44,14.51,6,emergency,>=5_years,low,1,1
V047,sdt,33.21,1,2,105.38,30.25,14.19,9.26,30.69,77.99,29.57,19.81,7,emergency,>=5_years,low,1,1
V047,cma,44.2,1,2,135.15,38.37,45.15,14.41,37.06,71.16,40.66,21.78,8,emergency,>=5_years,low,1,1
V047,colbert,38.46,1,2,147.99,31.74,30.25,10.73,36.83,65.39,29.84,17.37,9,emergency,>=5_years,low,1,0
V462,colbert,257.01,0,4,164.5,69.77,100.0,32.09,100.0,27.0,100.0,59.56,1,internal_medicine,<5_years,high,3,0
V462,cma,279.79,0,4,138.59,71.79,100.0,40.85,100.0,19.16,100.0,70.73,2,internal_medicine,<5_years,high,3,1
V462,sdt,259.19,0,4,108.59,68.32,100.0,26.65,93.81,27.33,100.0,62.16,3,internal_medicine,<5_years,high,3,1
V462,medcpt,167.05,0,4,136.49,59.65,87.53,21.08,75.25,46.02,82.75,45.27,4,internal_medicine,<5_years,high,3,0
V462,bm25,300.0,0,4,180.57,71.34,100.0,36.01,100.0,8.87,100.0,83.16,5,internal_medicine,<5_years,high,3,0
V462,control,300.0,0,4,191.79,71.61,100.0,37.89,100.0,12.57,100.0,79.17,6,internal_medicine,<5_years,high,3,0
V462,llm_rag,173.94,0,4,174.76,58.79,76.36,27.08,78.9,48.25,76.88,45.27,7,internal_medicine,<5_years,high,3,0
V462,graphcare,176.89,0,4,139.41,60.63,89.36,26.59,76.67,41.43,77.36,52.34,8,internal_medicine,<5_years,high,3,0
V462,gdt,255.42,0,4,124.51,68.21,100.0,30.19,94.22,26.33,100.0,58.52,9,internal_medicine,<5_years,high,3,1
V410,sdt,17.11,1,1,117.58,26.38,23.33,0.45,18.51,90.84,24.16,0.99,1,internal_medicine,>=5_years,low,0,1
V410,cma,18.97,1,1,163.93,35.74,31.18,13.88,31.93,84.11,36.01,17.35,2,internal_medicine,>=5_years,low,0,1
V410,graphcare,21.57,1,1,126.24,32.58,33.69,8.27,29.36,80.77,29.83,13.53,3,internal_medicine,>=5_years,low,0,0
V410,medcpt,22.47,1,1,153.39,33.19,31.54,19.17,23.18,81.07,29.7,14.46,4,internal_medicine,>=5_years,low,0,0
V410,gdt,17.37,1,1,137.02,28.41,25.81,1.63,24.62,88.23,22.98,7.18,5,internal_medicine,>=5_years,low,0,1
V410,colbert,19.61,1,1,141.84,27.77,23.32,5.11,21.94,79.02,19.14,18.07,6,internal_medicine,>=5_years,low,0,0
V410,llm_rag,17.24,1,1,158.79,28.99,22.56,13.05,24.84,78.23,14.52,20.72,7,internal_medicine,>=5_years,low,0,0
V410,bm25,28.63,1,1,191.32,35.3,38.19,13.15,29.19,66.53,39.03,25.68,8,internal_medicine,>=5_years,low,0,0
V410,control,24.59,1,1,194.89,37.64,36.06,9.43,37.09,74.96,43.44,24.84,9,internal_medicine,>=5_years,low,0,0
V818,gdt,257.14,0,3,115.25,70.43,100.0,33.97,100.0,30.43,100.0,58.18,1,internal_medicine,>=5_years,high,2,1
V818,llm_rag,151.9,0,3,163.25,51.79,68.91,14.75,67.16,49.3,74.05,36.54,2,internal_medicine,>=5_years,high,2,0
V818,control,261.05,0,3,173.98,70.69,100.0,31.92,100.0,21.34,100.0,70.87,3,internal_medicine,>=5_years,high,2,0
V818,sdt,57.84,1,3,111.66,36.4,42.59,18.91,36.2,74.75,34.33,11.62,4,internal_medicine,>=5_years,high,2,1
V818,medcpt,252.81,0,3,148.62,69.86,100.0,28.12,100.0,27.7,100.0,63.36,5,internal_medicine,>=5_years,high,2,0
V818,colbert,274.2,0,3,158.63,70.17,100.0,32.64,100.0,27.31,100.0,61.07,6,internal_medicine,>=5_years,high,2,0
V818,bm25,287.02,0,3,193.41,72.35,100.0,34.69,100.0,11.99,100.0,87.4,7,internal_medicine,>=5_years,high,2,0
V818,graphcare,255.88,0,3,121.95,68.69,100.0,29.53,99.29,26.23,100.0,57.1,8,internal_medicine,>=5_years,high,2,0
V818,cma,249.35,0,3,159.28,70.8,100.0,31.38,100.0,24.99,100.0,68.44,9,internal_medicine,>=5_years,high,2,1
V337,gdt,98.81,1,5,129.62,45.47,57.84,17.77,49.4,60.17,58.38,29.23,1,internal_medicine,>=5_years,high,3,1
V337,llm_rag,101.11,1,5,171.06,49.05,64.69,11.89,64.12,58.4,64.32,30.88,2,internal_medicine,>=5_years,high,3,0
V337,cma,106.04,1,5,143.9,52.5,72.14,19.05,61.66,60.72,67.45,33.97,3,internal_medicine,>=5_years,high,3,1
V337,graphcare,95.0,1,5,155.16,46.66,50.98,19.34,49.95,64.56,64.23,30.89,4,internal_medicine,>=5_years,high,3,0
V337,bm25,123.83,1,5,174.36,61.59,82.23,27.4,76.86,47.4,89.18,46.48,5,internal_medicine,>=5_years,high,3,0
V337,sdt,84.74,1,5,117.21,40.55,48.3,16.51,44.56,64.62,45.64,23.67,6,internal_medicine,>=5_years,high,3,1
V337,medcpt,98.0,1,5,140.87,48.41,67.22,19.81,54.52,61.74,54.33,32.85,7,internal_medicine,>=5_years,high,3,0
V337,control,112.74,1,5,202.76,59.3,81.63,20.04,79.07,49.45,79.06,46.56,8,internal_medicine,>=5_years,high,3,0
V337,colbert,97.79,1,5,151.14,47.46,61.77,17.87,56.06,61.82,59.4,27.81,9,internal_medicine,>=5_years,high,3,0
V443,gdt,72.67,1,4,118.44,40.56,41.92,18.78,41.59,61.45,52.24,27.4,1,internal_medicine,<5_years,high,2,1
V443,sdt,70.18,1,4,111.21,35.89,42.77,9.38,34.63,65.87,43.63,19.06,2,internal_medicine,<5_years,high,2,1
V443,llm_rag,75.46,1,4,167.26,42.05,52.06,15.72,43.69,64.07,49.99,26.79,3,internal_medicine,<5_years,high,2,0
V443,control,98.87,1,4,185.5,56.16,76.62,19.97,72.67,51.93,72.26,43.5,4,internal_medicine,<5_years,high,2,0
V443,graphcare,74.68,1,4,157.25,39.71,49.49,11.28,46.07,61.53,45.01,24.88,5,internal_medicine,<5_years,high,2,0
V443,colbert,78.43,1,4,171.72,41.96,54.14,17.1,44.12,61.65,58.33,16.43,6,internal_medicine,<5_years,high,2,0
V443,medcpt,85.85,1,4,147.31,45.03,54.37,18.19,42.52,62.78,64.69,27.6,7,internal_medicine,<5_years,high,2,0
V443,cma,83.76,1,4,146.45,43.51,61.05,12.02,44.89,58.19,45.44,39.45,8,internal_medicine,<5_years,high,2,1
V443,bm25,231.63,0,4,187.22,69.75,100.0,30.01,100.0,28.81,100.0,59.68,9,internal_medicine,<5_years,high,2,0
V393,gdt,78.03,1,4,125.39,40.08,51.14,18.72,45.17,56.13,48.38,20.93,1,critical_care,<5_years,high,3,1
V393,control,100.84,1,4,195.37,54.96,73.03,18.62,68.1,48.25,81.31,40.44,2,critical_care,<5_years,high,3,0
V393,medcpt,82.87,1,4,138.09,45.14,56.78,17.7,44.32,67.63,54.98,29.44,3,critical_care,<5_years,high,3,0
V393,graphcare,79.29,1,4,159.09,47.77,58.99,17.55,48.65,68.13,60.58,32.72,4,critical_care,<5_years,high,3,0
V393,llm_rag,70.78,1,4,155.57,38.97,54.52,8.33,44.66,54.52,50.31,21.5,5,critical_care,<5_years,high,3,0
V393,sdt,74.74,1,4,116.38,36.52,40.36,15.6,40.7,64.02,36.89,21.57,6,critical_care,<5_years,high,3,1
V393,bm25,88.9,1,4,187.7,54.64,71.08,21.19,70.76,56.99,70.7,37.1,7,critical_care,<5_years,high,3,0
V393,colbert,74.94,1,4,136.74,42.87,56.7,15.28,50.67,63.11,44.29,27.17,8,critical_care,<5_years,high,3,0
V393,cma,83.02,1,4,146.39,48.72,59.28,15.67,61.02,68.89,58.2,29.27,9,critical_care,<5_years,high,3,1
V165,cma,66.28,1,3,164.54,39.35,42.81,5.76,43.73,70.87,46.71,26.23,1,internal_medicine,<5_years,high,2,1
V165,colbert,59.67,1,3,165.24,40.92,44.52,14.04,43.97,73.15,42.32,27.49,2,internal_medicine,<5_years,high,2,0
V165,control,67.8,1,3,192.39,49.16,59.27,13.91,63.68,59.19,62.5,36.41,3,internal_medicine,<5_years,high,2,0
V165,graphcare,160.73,0,3,149.62,58.45,77.95,26.78,75.16,44.59,82.69,43.56,4,internal_medicine,<5_years,high,2,0
V165,sdt,58.87,1,3,112.39,34.98,34.26,10.28,36.57,73.45,42.42,12.92,5,internal_medicine,<5_years,high,2,1
V165,gdt,56.09,1,3,127.43,36.54,44.2,10.04,36.18,67.45,42.09,19.3,6,internal_medicine,<5_years,high,2,1
V165,bm25,67.4,1,3,176.63,47.32,62.43,15.95,55.79,58.81,61.3,29.64,7,internal_medicine,<5_years,high,2,0
V165,llm_rag,151.8,0,3,174.29,54.94,71.83,28.74,65.46,53.0,71.25,39.34,8,internal_medicine,<5_years,high,2,0
V165,medcpt,165.92,0,3,161.23,57.62,73.4,25.22,75.37,49.32,75.45,46.99,9,internal_medicine,<5_years,high,2,0
V733,control,202.18,0,4,189.59,71.06,100.0,31.7,100.0,28.56,100.0,66.09,1,internal_medicine,<5_years,high,2,0
V733,graphcare,174.65,0,4,155.85,59.1,84.43,23.69,73.64,42.61,81.89,48.36,2,internal_medicine,<5_years,high,2,0
V733,bm25,92.43,1,4,187.25,53.26,67.87,17.64,70.47,53.33,69.63,40.65,3,internal_medicine,<5_years,high,2,0
V733,cma,188.77,0,4,150.42,63.08,93.18,26.19,81.58,39.85,91.75,45.95,4,internal_medicine,<5_years,high,2,1
V733,medcpt,79.68,1,4,126.35,44.73,54.98,16.84,49.15,62.0,55.34,30.07,5,internal_medicine,<5_years,high,2,0
V733,colbert,76.43,1,4,157.25,42.04,54.29,12.76,52.36,59.88,43.09,29.84,6,internal_medicine,<5_years,high,2,0
V733,sdt,72.42,1,4,119.03,35.59,46.07,5.01,38.59,74.43,36.53,12.88,7,internal_medicine,<5_years,high,2,1
V733,gdt,178.03,0,4,128.45,62.73,90.7,30.65,81.68,45.03,81.79,46.51,8,internal_medicine,<5_years,high,2,1
V733,llm_rag,278.51,0,4,160.85,69.55,100.0,32.54,100.0,20.46,100.0,64.29,9,internal_medicine,<5_years,high,2,0
V966,medcpt,39.28,1,2,163.99,36.9,45.51,17.15,31.31,75.42,32.77,19.23,1,internal_medicine,>=5_years,low,1,0
V966,gdt,35.39,1,2,129.55,30.37,32.51,8.14,31.04,75.06,27.35,8.14,2,internal_medicine,>=5_years,low,1,1
V966,colbert,36.61,1,2,159.4,34.04,33.84,10.09,35.82,73.74,34.86,15.91,3,internal_medicine,>=5_years,low,1,0
V966,graphcare,37.52,1,2,140.71,33.98,31.91,8.21,30.63,79.74,33.65,19.77,4,internal_medicine,>=5_years,low,1,0
V966,control,42.82,1,2,208.35,43.43,47.35,19.83,43.62,71.46,50.65,27.65,5,internal_medicine,>=5_years,low,1,0
V966,cma,36.77,1,2,157.21,36.27,37.83,10.73,31.57,78.19,36.04,23.26,6,internal_medicine,>=5_years,low,1,1
V966,bm25,152.17,0,2,192.01,63.26,88.83,20.74,79.03,50.01,88.14,52.83,7,internal_medicine,>=5_years,low,1,0
V966,sdt,36.07,1,2,113.57,28.91,28.76,9.92,20.96,81.69,23.32,8.83,8,internal_medicine,>=5_years,low,1,1
V966,llm_rag,38.79,1,2,170.57,34.74,35.97,5.43,31.32,78.76,37.52,19.43,9,internal_medicine,>=5_years,low,1,0
V124,graphcare,107.68,1,5,143.66,47.2,64.14,15.96,59.76,48.49,61.7,33.12,1,emergency,<5_years,high,2,0
V124,medcpt,104.88,1,5,140.79,48.91,66.85,17.54,56.69,55.89,61.72,34.78,2,emergency,<5_years,high,2,0
V124,llm_rag,95.28,1,5,168.07,48.4,60.94,12.88,51.46,62.43,63.71,38.97,3,emergency,<5_years,high,2,0
V124,sdt,102.45,1,5,112.26,43.34,54.77,17.44,49.59,62.56,51.41,24.26,4,emergency,<5_years,high,2,1
V124,control,115.13,1,5,198.64,57.74,78.94,21.83,78.89,45.2,77.12,44.45,5,emergency,<5_years,high,2,0
V124,cma,111.09,1,5,154.41,49.17,66.32,14.01,63.12,56.3,58.17,37.12,6,emergency,<5_years,high,2,1
V124,colbert,96.55,1,5,155.39,45.5,60.7,11.74,55.81,48.43,67.02,29.31,7,emergency,<5_years,high,2,0
V124,bm25,115.33,1,5,184.38,61.49,88.71,22.7,74.63,51.04,82.17,49.71,8,emergency,<5_years,high,2,0
V124,gdt,96.99,1,5,133.03,47.3,62.01,15.67,54.16,69.35,52.73,29.87,9,emergency,<5_years,high,2,1
V569,bm25,25.39,1,1,174.11,40.81,44.33,12.63,41.84,67.32,48.18,30.58,1,critical_care,<5_years,low,0,0
V569,colbert,19.35,1,1,165.97,31.22,32.28,12.27,27.99,82.34,14.57,17.9,2,critical_care,<5_years,low,0,0
V569,medcpt,19.17,1,1,154.05,30.35,27.77,5.33,33.47,79.79,25.35,10.39,3,critical_care,<5_years,low,0,0
V569,control,21.83,1,1,189.81,39.91,38.77,14.92,37.03,79.49,44.5,24.73,4,critical_care,<5_years,low,0,0
V569,gdt,19.74,1,1,118.78,30.3,28.37,8.41,29.06,77.94,28.4,9.58,5,critical_care,<5_years,low,0,1
V569,graphcare,20.22,1,1,143.26,30.51,28.5,0.18,24.54,85.19,28.82,15.86,6,critical_care,<5_years,low,0,0
V569,sdt,16.63,1,1,100.75,22.87,20.34,3.71,13.59,80.82,8.04,10.74,7,critical_care,<5_years,low,0,1
V569,cma,18.47,1,1,140.95,30.08,22.53,9.85,26.93,78.64,28.89,13.64,8,critical_care,<5_years,low,0,1
V569,llm_rag,117.25,0,1,162.79,44.34,52.39,13.0,52.9,57.73,58.08,31.93,9,critical_care,<5_years,low,0,0
V710,colbert,19.38,1,1,182.14,32.22,26.12,12.69,21.52,87.68,29.04,16.24,1,emergency,<5_years,low,0,0
V710,control,21.15,1,1,198.69,38.52,42.31,12.27,41.59,70.54,38.02,26.39,2,emergency,<5_years,low,0,0
V710,cma,19.62,1,1,138.73,30.19,31.93,11.44,18.63,76.95,25.48,16.68,3,emergency,<5_years,low,0,1
V710,llm_rag,19.05,1,1,153.54,31.55,22.96,10.3,27.4,88.91,26.8,12.94,4,emergency,<5_years,low,0,0
V710,medcpt,21.43,1,1,139.91,31.19,37.12,4.33,23.01,79.06,29.49,14.11,5,emergency,<5_years,low,0,0
V710,sdt,18.45,1,1,113.32,27.28,27.43,11.31,14.01,81.07,24.17,5.69,6,emergency,<5_years,low,0,1
V710,gdt,18.45,1,1,121.75,29.22,23.3,10.48,27.48,81.11,13.55,19.39,7,emergency,<5_years,low,0,1
V710,graphcare,18.82,1,1,157.49,30.24,24.83,5.45,17.93,85.24,29.84,18.16,8,emergency,<5_years,low,0,0
V710,bm25,23.86,1,1,198.06,39.27,47.78,14.55,45.35,66.26,41.52,20.14,9,emergency,<5_years,low,0,0
V640,graphcare,64.94,1,3,147.67,40.37,45.75,13.54,42.7,70.64,44.41,25.17,1,internal_medicine,>=5_years,high,2,0
V640,cma,60.3,1,3,140.06,39.71,39.57,11.54,46.13,64.24,52.2,24.57,2,internal_medicine,>=5_years,high,2,1
V640,gdt,59.64,1,3,118.7,41.48,44.45,16.22,45.59,75.09,44.57,22.94,3,internal_medicine,>=5_years,high,2,1
V640,medcpt,65.84,1,3,136.8,38.25,40.9,9.73,50.73,60.67,47.79,19.66,4,internal_medicine,>=5_years,high,2,0
V640,llm_rag,55.05,1,3,158.55,40.9,43.94,20.91,38.63,73.3,43.92,24.73,5,internal_medicine,>=5_years,high,2,0
V640,sdt,51.61,1,3,115.0,35.55,40.88,14.12,26.35,79.08,33.96,18.95,6,internal_medicine,>=5_years,high,2,1
V640,colbert,57.89,1,3,157.61,36.46,44.73,10.51,41.68,60.04,40.85,20.96,7,internal_medicine,>=5_years,high,2,0
V640,bm25,72.58,1,3,177.55,52.48,65.39,23.68,57.43,63.41,71.78,33.18,8,internal_medicine,>=5_years,high,2,0
V640,control,66.14,1,3,191.09,47.15,55.75,19.1,59.55,65.35,52.49,30.65,9,internal_medicine,>=5_years,high,2,0
V519,sdt,88.39,1,5,111.98,39.0,54.21,14.04,39.15,56.41,42.2,27.98,1,hospital_medicine,<5_years,high,2,1
V519,cma,102.64,1,5,153.32,49.48,64.72,21.17,58.17,54.71,60.37,37.74,2,hospital_medicine,<5_years,high,2,1
V519,bm25,120.43,1,5,195.77,56.4,87.42,16.74,73.62,44.28,71.56,44.8,3,hospital_medicine,<5_years,high,2,0
V519,colbert,103.24,1,5,160.81,46.36,61.55,9.45,55.05,64.85,62.42,24.86,4,hospital_medicine,<5_years,high,2,0
V519,control,125.88,1,5,187.76,61.62,83.01,24.18,82.32,42.79,85.03,52.4,5,hospital_medicine,<5_years,high,2,0
V519,gdt,92.65,1,5,125.43,49.4,55.76,16.12,53.67,67.83,65.97,37.04,6,hospital_medicine,<5_years,high,2,1
V519,llm_rag,98.33,1,5,166.76,49.24,66.01,12.12,65.19,65.44,56.44,30.22,7,hospital_medicine,<5_years,high,2,0
V519,graphcare,107.21,1,5,150.89,48.19,68.38,10.41,55.97,59.78,59.21,35.4,8,hospital_medicine,<5_years,high,2,0
V519,medcpt,100.19,1,5,149.61,48.12,63.57,12.87,50.21,60.54,68.46,33.04,9,hospital_medicine,<5_years,high,2,0
V111,cma,206.71,0,5,152.31,69.1,100.0,23.27,91.68,41.38,99.01,59.27,1,internal_medicine,<5_years,high,1,1
V111,gdt,100.72,1,5,124.58,49.63,67.46,20.92,57.67,54.91,62.75,34.07,2,internal_medicine,<5_years,high,1,1
V111,control,230.63,0,5,175.72,70.08,100.0,34.9,100.0,17.66,100.0,67.93,3,internal_medicine,<5_years,high,1,0
V111,medcpt,199.09,0,5,142.46,68.91,100.0,30.34,91.52,41.02,97.13,53.46,4,internal_medicine,<5_years,high,1,0
V111,sdt,88.39,1,5,118.23,41.24,50.01,13.02,44.19,67.17,44.91,28.11,5,internal_medicine,<5_years,high,1,1
V111,bm25,217.48,0,5,182.03,70.52,100.0,31.92,100.0,23.21,100.0,67.98,6,internal_medicine,<5_years,high,1,0
V111,colbert,195.46,0,5,160.96,62.27,90.91,20.13,89.72,37.82,85.45,49.56,7,internal_medicine,<5_years,high,1,0
V111,graphcare,191.59,0,5,160.25,62.56,87.1,20.97,88.96,39.06,92.59,46.67,8,internal_medicine,<5_years,high,1,0
V111,llm_rag,95.44,1,5,148.74,47.94,60.23,19.12,57.38,66.42,58.31,26.2,9,internal_medicine,<5_years,high,1,0
V498,medcpt,100.7,1,5,148.03,49.81,63.71,17.84,56.72,58.31,66.31,35.99,1,hospital_medicine,>=5_years,high,0,0
V498,colbert,96.52,1,5,155.35,46.72,67.92,15.45,58.77,57.73,58.33,22.1,2,hospital_medicine,>=5_years,high,0,0
V498,bm25,118.6,1,5,181.6,58.89,83.06,24.49,72.68,49.32,80.94,42.84,3,hospital_medicine,>=5_years,high,0,0
V498,cma,106.46,1,5,147.59,51.76,71.65,17.65,59.19,55.36,59.7,46.97,4,hospital_medicine,>=5_years,high,0,1
V498,gdt,98.17,1,5,125.04,47.41,59.82,12.28,59.28,65.44,57.04,30.6,5,hospital_medicine,>=5_years,high,0,1
V498,sdt,87.7,1,5,110.08,39.34,47.39,15.59,42.25,57.6,51.65,21.57,6,hospital_medicine,>=5_years,high,0,1
V498,graphcare,100.54,1,5,138.38,52.07,69.54,17.86,63.43,54.67,70.0,36.9,7,hospital_medicine,>=5_years,high,0,0
V498,control,116.83,1,5,190.49,60.89,84.39,19.28,67.81,56.88,83.04,53.97,8,hospital_medicine,>=5_years,high,0,0
V498,llm_rag,89.16,1,5,162.35,46.3,54.65,12.67,50.89,62.01,64.59,32.97,9,hospital_medicine,>=5_years,high,0,0
V457,control,49.92,1,2,181.63,41.31,52.2,4.74,48.62,59.8,52.96,29.52,1,critical_care,>=5_years,low,1,0
V457,bm25,52.52,1,2,225.63,41.79,50.81,8.6,51.47,65.56,47.69,26.58,2,critical_care,>=5_years,low,1,0
V457,colbert,36.73,1,2,145.11,36.55,38.19,17.64,30.34,76.02,36.49,20.64,3,critical_care,>=5_years,low,1,0
V457,graphcare,39.86,1,2,139.97,35.47,42.33,8.45,39.05,78.89,32.45,11.62,4,critical_care,>=5_years,low,1,0
V457,cma,36.17,1,2,147.35,32.81,30.61,5.99,34.77,68.12,41.79,15.55,5,critical_care,>=5_years,low,1,1
V457,gdt,37.38,1,2,128.66,33.2,33.95,8.94,32.97,77.53,28.26,17.53,6,critical_care,>=5_years,low,1,1
V457,sdt,40.09,1,2,116.32,32.74,28.66,15.68,29.05,80.86,30.76,11.41,7,critical_care,>=5_years,low,1,1
V457,llm_rag,40.73,1,2,180.94,33.79,35.74,7.97,37.86,69.82,34.45,16.9,8,critical_care,>=5_years,low,1,0
V457,medcpt,39.43,1,2,136.62,34.31,42.46,8.46,29.63,70.28,37.23,17.82,9,critical_care,>=5_years,low,1,0
V550,sdt,39.91,1,2,117.66,28.5,25.77,9.44,23.21,77.45,18.31,16.83,1,hospital_medicine,>=5_years,low,1,1
V550,medcpt,39.64,1,2,159.97,33.76,37.64,8.0,38.7,73.98,33.05,11.16,2,hospital_medicine,>=5_years,low,1,0
V550,llm_rag,34.59,1,2,165.45,33.4,43.87,9.54,28.87,72.63,32.22,13.29,3,hospital_medicine,>=5_years,low,1,0
V550,gdt,35.0,1,2,122.67,33.45,33.42,12.34,33.83,73.87,35.86,11.37,4,hospital_medicine,>=5_years,low,1,1
V550,control,42.73,1,2,190.32,42.83,47.22,16.67,48.08,67.57,50.07,27.35,5,hospital_medicine,>=5_years,low,1,0
V550,colbert,38.49,1,2,169.81,34.32,37.6,14.95,32.98,72.82,32.15,15.42,6,hospital_medicine,>=5_years,low,1,0
V550,graphcare,41.12,1,2,161.24,36.58,42.19,11.09,36.93,72.94,34.84,21.48,7,hospital_medicine,>=5_years,low,1,0
V550,bm25,50.53,1,2,183.64,44.9,49.27,16.62,51.22,69.14,50.55,32.61,8,hospital_medicine,>=5_years,low,1,0
V550,cma,42.37,1,2,168.45,36.58,40.05,6.11,43.75,73.4,32.49,23.66,9,hospital_medicine,>=5_years,low,1,1
V197,colbert,210.71,0,5,156.54,65.92,100.0,27.81,90.44,28.7,92.41,56.16,1,hospital_medicine,>=5_years,high,0,0
V197,medcpt,297.65,0,5,140.68,69.74,100.0,40.01,100.0,13.64,100.0,64.76,2,hospital_medicine,>=5_years,high,0,0
V197,sdt,197.21,0,5,110.45,61.38,91.17,25.31,78.23,39.65,86.3,47.64,3,hospital_medicine,>=5_years,high,0,1
V197,control,300.0,0,5,185.36,71.49,100.0,31.49,100.0,13.66,100.0,83.77,4,hospital_medicine,>=5_years,high,0,0
V197,gdt,184.33,0,5,124.53,61.33,82.67,25.36,83.94,42.23,86.79,46.96,5,hospital_medicine,>=5_years,high,0,1
V197,llm_rag,300.0,0,5,164.37,69.43,100.0,33.36,100.0,16.38,100.0,66.81,6,hospital_medicine,>=5_years,high,0,0
V197,graphcare,195.31,0,5,149.02,66.23,94.84,24.16,92.02,43.98,90.55,51.85,7,hospital_medicine,>=5_years,high,0,0
V197,cma,300.0,0,5,139.41,71.96,100.0,41.7,100.0,15.56,100.0,74.52,8,hospital_medicine,>=5_years,high,0,1
V197,bm25,300.0,0,5,181.95,70.12,100.0,29.72,100.0,12.12,100.0,78.88,9,hospital_medicine,>=5_years,high,0,0
V543,bm25,24.95,1,1,198.98,42.51,44.96,20.06,36.57,79.91,46.73,26.83,1,emergency,>=5_years,low,0,0
V543,llm_rag,18.99,1,1,180.32,27.4,22.11,7.27,19.74,80.51,29.72,5.07,2,emergency,>=5_years,low,0,0
V543,colbert,22.13,1,1,142.03,29.55,29.22,8.48,24.62,82.19,20.62,12.15,3,emergency,>=5_years,low,0,0
V543,control,23.52,1,1,169.29,38.78,41.03,9.43,42.77,72.74,41.52,25.19,4,emergency,>=5_years,low,0,0
V543,gdt,18.75,1,1,121.98,31.73,25.88,3.37,25.03,87.9,26.0,22.18,5,emergency,>=5_years,low,0,1
V543,cma,19.48,1,1,126.16,33.12,27.63,12.38,35.22,85.81,23.65,14.03,6,emergency,>=5_years,low,0,1
V543,sdt,18.31,1,1,111.86,26.83,23.02,3.49,17.21,94.69,17.28,5.29,7,emergency,>=5_years,low,0,1
V543,medcpt,20.01,1,1,168.61,31.75,34.93,7.73,20.81,85.94,25.1,15.97,8,emergency,>=5_years,low,0,0
V543,graphcare,21.17,1,1,153.77,29.62,26.84,4.76,21.46,78.36,32.81,13.48,9,emergency,>=5_years,low,0,0
V602,control,118.9,1,5,180.46,61.87,90.87,21.67,77.71,48.03,84.48,48.46,1,hospital_medicine,<5_years,high,4,0
V602,medcpt,99.38,1,5,154.14,49.76,72.1,14.77,58.2,54.05,69.62,29.83,2,hospital_medicine,<5_years,high,4,0
V602,cma,99.38,1,5,143.07,48.96,58.79,17.7,53.47,61.85,63.2,38.73,3,hospital_medicine,<5_years,high,4,1
V602,colbert,104.76,1,5,151.13,45.59,56.33,11.54,62.43,51.79,59.09,32.35,4,hospital_medicine,<5_years,high,4,0
V602,llm_rag,196.72,0,5,167.61,66.87,94.16,25.56,91.16,41.27,92.88,56.17,5,hospital_medicine,<5_years,high,4,0
V602,gdt,97.81,1,5,123.95,43.06,51.81,18.21,49.74,52.05,60.49,26.07,6,hospital_medicine,<5_years,high,4,1
V602,sdt,92.76,1,5,111.82,44.04,59.34,19.52,38.69,62.86,55.39,28.44,7,hospital_medicine,<5_years,high,4,1
V602,graphcare,96.81,1,5,151.97,44.86,58.71,16.03,50.94,58.1,51.17,34.21,8,hospital_medicine,<5_years,high,4,0
V602,bm25,117.22,1,5,184.67,58.75,71.92,28.09,76.42,54.63,77.49,43.96,9,hospital_medicine,<5_years,high,4,0
V182,cma,21.64,1,1,141.08,33.74,31.19,8.94,30.04,85.36,28.62,18.32,1,hospital_medicine,>=5_years,low,0,1
V182,colbert,19.7,1,1,170.59,32.11,29.85,8.71,24.25,78.89,31.14,19.82,2,hospital_medicine,>=5_years,low,0,0
V182,control,23.29,1,1,182.99,37.72,43.69,5.39,37.31,72.43,39.92,27.6,3,hospital_medicine,>=5_years,low,0,0
V182,medcpt,18.56,1,1,120.46,29.31,24.02,7.55,27.53,82.02,23.06,11.65,4,hospital_medicine,>=5_years,low,0,0
V182,graphcare,23.86,1,1,139.34,28.78,23.39,8.77,23.21,75.74,25.74,15.86,5,hospital_medicine,>=5_years,low,0,0
V182,llm_rag,19.25,1,1,175.35,28.79,24.74,4.94,24.09,79.41,18.84,20.73,6,hospital_medicine,>=5_years,low,0,0
V182,gdt,19.44,1,1,147.56,22.97,15.91,3.11,13.78,76.73,17.34,10.93,7,hospital_medicine,>=5_years,low,0,1
V182,bm25,24.13,1,1,184.45,40.39,44.97,10.59,50.32,75.56,37.78,23.13,8,hospital_medicine,>=5_years,low,0,0
V182,sdt,17.74,1,1,131.51,24.89,17.41,13.81,8.07,82.42,18.16,9.46,9,hospital_medicine,>=5_years,low,0,1
V263,medcpt,36.06,1,2,137.28,36.62,42.49,9.61,28.65,83.51,34.09,21.38,1,critical_care,>=5_years,low,1,0
V263,graphcare,40.2,1,2,141.85,34.87,38.69,11.9,24.69,73.25,36.82,23.87,2,critical_care,>=5_years,low,1,0
V263,llm_rag,42.89,1,2,171.54,35.41,40.57,8.71,33.47,70.08,39.36,20.23,3,critical_care,>=5_years,low,1,0
V263,control,45.45,1,2,185.87,44.89,52.44,15.22,52.52,69.28,50.25,29.64,4,critical_care,>=5_years,low,1,0
V263,colbert,38.94,1,2,164.15,35.18,35.5,6.39,35.95,72.16,42.14,18.92,5,critical_care,>=5_years,low,1,0
V263,cma,45.22,1,2,142.01,37.75,41.21,14.58,34.45,72.03,41.53,22.68,6,critical_care,>=5_years,low,1,1
V263,sdt,34.9,1,2,111.56,30.72,38.37,14.75,18.43,80.83,21.87,10.06,7,critical_care,>=5_years,low,1,1
V263,bm25,44.06,1,2,197.61,42.45,51.86,8.21,50.46,64.34,49.62,30.23,8,critical_care,>=5_years,low,1,0
V263,gdt,42.49,1,2,136.3,32.8,42.88,7.14,24.49,75.54,34.23,12.5,9,critical_care,>=5_years,low,1,1
V082,sdt,54.39,1,3,109.58,32.77,41.83,6.08,30.82,71.66,33.56,12.66,1,emergency,<5_years,low,1,1
V082,bm25,67.22,1,3,191.89,49.58,61.9,23.5,62.19,59.31,56.94,33.61,2,emergency,<5_years,low,1,0
V082,control,64.64,1,3,190.94,49.81,64.15,19.11,58.24,59.25,61.87,36.22,3,emergency,<5_years,low,1,0
V082,llm_rag,57.81,1,3,143.45,38.74,41.98,15.13,32.49,72.05,46.6,24.16,4,emergency,<5_years,low,1,0
V082,medcpt,58.53,1,3,134.88,39.47,46.07,12.1,41.86,68.34,41.67,26.75,5,emergency,<5_years,low,1,0
V082,graphcare,58.74,1,3,143.32,39.6,43.78,15.51,45.75,69.22,43.44,19.92,6,emergency,<5_years,low,1,0
V082,cma,64.02,1,3,163.97,41.73,46.54,12.39,49.42,66.86,53.73,21.42,7,emergency,<5_years,low,1,1
V082,colbert,62.61,1,3,156.46,38.61,43.5,15.3,39.49,63.93,47.3,22.14,8,emergency,<5_years,low,1,0
V082,gdt,61.38,1,3,125.13,37.91,48.12,9.03,35.3,72.54,43.83,18.65,9,emergency,<5_years,low,1,1
V298,llm_rag,70.7,1,4,156.61,41.9,53.16,11.07,45.18,67.98,46.81,27.17,1,critical_care,>=5_years,high,3,0
V298,bm25,101.01,1,4,192.19,56.31,74.45,25.6,69.47,52.03,76.49,39.81,2,critical_care,>=5_years,high,3,0
V298,control,95.23,1,4,195.98,55.96,72.71,20.24,73.71,55.07,74.46,39.56,3,critical_care,>=5_years,high,3,0
V298,medcpt,83.61,1,4,147.62,43.62,59.45,18.8,49.09,62.84,45.42,26.1,4,critical_care,>=5_years,high,3,0
V298,colbert,79.14,1,4,158.63,44.09,53.78,14.95,51.17,69.38,51.62,23.63,5,critical_care,>=5_years,high,3,0
V298,graphcare,77.82,1,4,146.37,43.51,55.67,17.55,47.12,63.97,48.07,28.66,6,critical_care,>=5_years,high,3,0
V298,cma,77.31,1,4,129.72,41.69,56.12,9.8,49.02,62.53,48.78,23.87,7,critical_care,>=5_years,high,3,1
V298,gdt,81.68,1,4,125.22,42.31,56.08,9.66,45.48,61.5,52.17,28.97,8,critical_care,>=5_years,high,3,1
V298,sdt,71.38,1,4,114.97,37.12,41.98,11.22,37.23,73.96,38.63,19.69,9,critical_care,>=5_years,high,3,1
V083,control,42.64,1,2,201.67,44.34,55.22,16.76,47.87,61.1,50.7,34.38,1,critical_care,<5_years,low,0,0
V083,medcpt,42.89,1,2,135.04,34.8,35.84,5.29,35.41,72.38,38.54,21.31,2,critical_care,<5_years,low,0,0
V083,sdt,35.04,1,2,107.45,30.04,31.15,7.08,23.92,80.51,26.52,11.06,3,critical_care,<5_years,low,0,1
V083,gdt,38.51,1,2,129.8,34.15,34.42,8.93,30.96,77.35,39.51,13.75,4,critical_care,<5_years,low,0,1
V083,bm25,48.23,1,2,192.9,42.46,52.41,15.27,48.9,62.83,47.53,27.8,5,critical_care,<5_years,low,0,0
V083,cma,42.2,1,2,139.94,34.35,42.06,8.03,29.92,73.25,32.77,20.05,6,critical_care,<5_years,low,0,1
V083,graphcare,40.62,1,2,159.85,33.55,37.95,9.96,35.57,69.65,30.3,17.84,7,critical_care,<5_years,low,0,0
V083,colbert,40.49,1,2,155.28,34.09,32.31,5.56,32.4,75.58,39.05,19.67,8,critical_care,<5_years,low,0,0
V083,llm_rag,41.83,1,2,134.79,35.55,39.35,11.97,30.02,78.65,34.41,18.93,9,critical_care,<5_years,low,0,0
V997,medcpt,81.51,1,4,138.91,43.0,62.11,15.37,49.55,56.8,46.5,27.7,1,emergency,<5_years,high,0,0
V997,graphcare,79.36,1,4,145.2,41.71,48.97,14.91,39.82,64.72,51.59,30.27,2,emergency,<5_years,high,0,0
V997,control,93.04,1,4,202.66,55.14,72.16,16.82,70.2,56.33,71.73,43.58,3,emergency,<5_years,high,0,0
V997,gdt,80.51,1,4,115.18,39.16,50.85,8.27,39.5,60.93,51.48,23.93,4,emergency,<5_years,high,0,1
V997,cma,85.8,1,4,161.35,40.05,51.98,7.15,48.78,57.0,49.25,26.15,5,emergency,<5_years,high,0,1
V997,llm_rag,171.86,0,4,184.07,57.98,82.02,22.73,73.58,41.3,80.16,48.1,6,emergency,<5_years,high,0,0
V997,colbert,72.9,1,4,155.45,42.27,56.95,18.4,45.72,60.54,46.97,25.04,7,emergency,<5_years,high,0,0
V997,sdt,76.1,1,4,104.69,42.79,54.51,17.42,43.38,73.39,48.77,19.27,8,emergency,<5_years,high,0,1
V997,bm25,91.11,1,4,185.73,51.91,68.74,20.07,67.88,51.15,66.03,37.61,9,emergency,<5_years,high,0,0
V301,gdt,95.06,1,5,129.31,47.55,63.25,17.83,55.92,58.77,56.3,33.23,1,critical_care,>=5_years,high,3,1
V301,sdt,97.74,1,5,119.93,44.15,51.87,18.95,44.78,66.88,52.12,30.29,2,critical_care,>=5_years,high,3,1
V301,graphcare,100.94,1,5,155.08,46.38,56.21,15.82,54.34,60.6,52.65,38.67,3,critical_care,>=5_years,high,3,0
V301,colbert,95.16,1,5,166.24,48.05,58.29,18.08,60.83,63.46,60.92,26.72,4,critical_care,>=5_years,high,3,0
V301,bm25,120.36,1,5,190.63,58.67,83.13,21.71,69.26,45.93,84.04,47.95,5,critical_care,>=5_years,high,3,0
V301,medcpt,98.5,1,5,144.54,46.54,57.8,18.49,52.32,56.88,61.01,32.74,6,critical_care,>=5_years,high,3,0
V301,llm_rag,89.36,1,5,176.62,46.25,59.03,13.12,50.42,62.22,54.27,38.45,7,critical_care,>=5_years,high,3,0
V301,cma,99.59,1,5,146.06,49.14,67.29,14.37,58.85,54.35,59.26,40.72,8,critical_care,>=5_years,high,3,1
V301,control,111.01,1,5,192.38,57.69,85.62,18.8,72.61,51.8,73.11,44.19,9,critical_care,>=5_years,high,3,0
V558,graphcare,146.36,0,3,145.87,55.16,76.15,27.62,71.62,55.67,66.38,33.51,1,critical_care,<5_years,low,0,0
V558,sdt,53.02,1,3,111.61,34.05,37.29,16.17,33.81,74.68,28.95,13.39,2,critical_care,<5_years,low,0,1
V558,colbert,147.61,0,3,146.12,54.16,77.37,18.89,63.14,52.09,70.58,42.89,3,critical_care,<5_years,low,0,0
V558,bm25,169.13,0,3,191.94,66.29,94.85,20.83,86.42,41.08,97.48,57.08,4,critical_care,<5_years,low,0,0
V558,cma,165.05,0,3,141.11,58.94,79.05,19.48,80.42,50.76,78.3,45.65,5,critical_care,<5_years,low,0,1
V558,gdt,57.99,1,3,112.09,38.26,41.21,15.21,34.45,72.11,44.29,22.29,6,critical_care,<5_years,low,0,1
V558,llm_rag,154.24,0,3,171.21,56.19,80.15,25.86,67.64,49.09,73.37,41.01,7,critical_care,<5_years,low,0,0
V558,control,176.82,0,3,178.37,66.53,100.0,19.92,90.84,42.14,95.53,50.73,8,critical_care,<5_years,low,0,0
V558,medcpt,161.31,0,3,135.14,58.97,76.68,26.13,71.2,53.78,78.81,47.2,9,critical_care,<5_years,low,0,0
V879,cma,82.41,1,4,143.62,38.76,53.0,2.71,49.72,53.14,47.31,26.69,1,emergency,<5_years,high,0,1
V879,llm_rag,78.65,1,4,158.7,44.29,54.67,20.01,50.26,61.94,48.78,30.1,2,emergency,<5_years,high,0,0
V879,control,90.6,1,4,183.72,50.83,61.12,12.04,61.26,57.65,67.2,45.75,3,emergency,<5_years,high,0,0
V879,gdt,74.94,1,4,130.93,40.7,43.83,12.58,46.73,68.82,48.96,23.28,4,emergency,<5_years,high,0,1
V879,colbert,81.34,1,4,165.5,43.0,53.71,12.64,52.48,61.99,47.21,29.95,5,emergency,<5_years,high,0,0
V879,sdt,72.68,1,4,112.89,36.52,43.53,11.34,37.74,65.95,44.46,16.1,6,emergency,<5_years,high,0,1
V879,medcpt,77.2,1,4,139.68,46.15,58.03,14.83,50.41,66.06,54.5,33.08,7,emergency,<5_years,high,0,0
V879,graphcare,78.56,1,4,145.24,44.45,52.19,16.74,53.3,58.9,59.12,26.44,8,emergency,<5_years,high,0,0
V879,bm25,96.46,1,4,183.49,59.36,84.81,34.1,69.1,55.34,69.63,43.16,9,emergency,<5_years,high,0,0
V599,control,112.51,1,5,209.89,60.7,84.42,30.54,79.76,51.35,73.61,44.55,1,emergency,>=5_years,high,3,0
V599,sdt,92.05,1,5,106.53,42.48,53.89,9.5,44.46,65.31,52.59,29.13,2,emergency,>=5_years,high,3,1
V599,llm_rag,93.49,1,5,167.73,46.38,60.84,9.55,54.0,60.49,60.79,32.6,3,emergency,>=5_years,high,3,0
V599,bm25,118.62,1,5,189.01,59.02,86.02,21.59,76.54,42.54,80.37,47.1,4,emergency,>=5_years,high,3,0
V599,colbert,97.01,1,5,166.6,48.0,62.48,17.43,54.87,60.26,59.34,33.6,5,emergency,>=5_years,high,3,0
V599,gdt,89.38,1,5,125.22,43.99,57.63,13.18,45.72,58.56,52.86,36.0,6,emergency,>=5_years,high,3,1
V599,graphcare,93.09,1,5,143.69,46.81,62.14,19.84,58.42,54.23,52.22,33.99,7,emergency,>=5_years,high,3,0
V599,medcpt,104.44,1,5,142.81,49.81,61.92,20.3,59.71,57.08,65.07,34.78,8,emergency,>=5_years,high,3,0
V599,cma,93.92,1,5,145.49,49.87,71.59,17.03,60.94,54.99,60.95,33.73,9,emergency,>=5_years,high,3,1
V112,colbert,300.0,0,4,159.77,72.63,100.0,37.46,100.0,24.99,100.0,73.36,1,hospital_medicine,<5_years,high,0,0
V112,gdt,287.92,0,4,130.05,68.67,100.0,29.53,100.0,13.78,100.0,68.69,2,hospital_medicine,<5_years,high,0,1
V112,cma,299.45,0,4,153.67,71.31,100.0,34.01,100.0,23.69,100.0,70.18,3,hospital_medicine,<5_years,high,0,1
V112,graphcare,279.31,0,4,153.39,70.71,100.0,29.42,100.0,23.69,100.0,71.17,4,hospital_medicine,<5_years,high,0,0
V112,medcpt,271.94,0,4,146.61,70.5,100.0,27.18,100.0,25.04,100.0,70.77,5,hospital_medicine,<5_years,high,0,0
V112,sdt,268.6,0,4,108.46,66.75,100.0,23.9,100.0,27.87,100.0,48.73,6,hospital_medicine,<5_years,high,0,1
V112,bm25,300.0,0,4,190.5,70.45,100.0,36.47,100.0,7.97,100.0,78.27,7,hospital_medicine,<5_years,high,0,0
V112,llm_rag,278.39,0,4,160.96,70.46,100.0,33.3,100.0,21.4,100.0,68.07,8,hospital_medicine,<5_years,high,0,0
V112,control,296.87,0,4,195.33,72.21,100.0,43.98,100.0,11.97,100.0,77.3,9,hospital_medicine,<5_years,high,0,0
V872,colbert,18.99,1,1,174.39,31.15,30.83,10.51,25.4,84.22,25.05,10.87,1,critical_care,<5_years,low,0,0
V872,cma,21.35,1,1,163.62,30.03,24.33,2.12,25.05,83.14,29.44,16.1,2,critical_care,<5_years,low,0,1
V872,graphcare,19.43,1,1,133.44,29.8,30.45,2.24,24.86,82.8,28.59,9.83,3,critical_care,<5_years,low,0,0
V872,medcpt,20.27,1,1,129.33,28.62,30.97,5.08,22.31,76.86,21.57,14.95,4,critical_care,<5_years,low,0,0
V872,control,26.97,1,1,176.99,37.73,44.22,11.93,37.52,72.09,40.9,19.72,5,critical_care,<5_years,low,0,0
V872,llm_rag,19.0,1,1,141.7,29.6,28.23,12.24,23.15,73.98,25.92,14.05,6,critical_care,<5_years,low,0,0
V872,gdt,18.05,1,1,126.12,24.8,21.76,0.0,20.84,77.95,23.93,4.34,7,critical_care,<5_years,low,0,1
V872,sdt,19.94,1,1,126.77,28.94,18.76,9.24,23.16,88.48,24.92,9.11,8,critical_care,<5_years,low,0,1
V872,bm25,24.99,1,1,157.88,37.13,43.42,12.32,41.8,69.41,37.36,18.5,9,critical_care,<5_years,low,0,0
V447,medcpt,95.65,1,5,141.88,49.38,59.42,21.51,51.2,57.93,68.52,37.71,1,critical_care,>=5_years,high,4,0
V447,gdt,94.66,1,5,128.75,46.25,56.99,19.05,51.43,67.06,52.71,30.24,2,critical_care,>=5_years,high,4,1
V447,sdt,88.87,1,5,111.62,41.17,47.87,18.81,46.24,65.41,44.53,24.15,3,critical_care,>=5_years,high,4,1
V447,colbert,99.6,1,5,153.42,48.1,64.18,10.99,60.28,59.82,61.01,32.34,4,critical_care,>=5_years,high,4,0
V447,llm_rag,99.75,1,5,164.47,48.34,58.29,18.96,56.48,55.81,71.45,29.08,5,critical_care,>=5_years,high,4,0
V447,cma,98.6,1,5,141.41,49.33,56.66,22.59,57.78,59.08,62.67,37.18,6,critical_care,>=5_years,high,4,1
V447,graphcare,103.77,1,5,154.5,50.72,72.9,16.1,59.64,62.06,63.53,30.1,7,critical_care,>=5_years,high,4,0
V447,bm25,113.05,1,5,187.39,57.23,80.69,18.63,67.18,51.88,75.52,49.5,8,critical_care,>=5_years,high,4,0
V447,control,107.13,1,5,180.46,57.34,83.66,24.24,69.88,52.15,76.02,38.09,9,critical_care,>=5_years,high,4,0
V714,control,52.57,1,2,191.61,46.41,53.91,10.69,53.85,70.52,58.38,31.14,1,emergency,<5_years,low,0,0
V714,medcpt,36.44,1,2,144.93,35.36,34.8,4.7,32.88,83.22,34.6,21.98,2,emergency,<5_years,low,0,0
V714,llm_rag,42.74,1,2,176.47,37.23,39.76,16.17,33.64,80.89,32.17,20.76,3,emergency,<5_years,low,0,0
V714,graphcare,40.69,1,2,173.3,34.29,33.42,17.93,32.78,71.47,36.58,13.57,4,emergency,<5_years,low,0,0
V714,cma,37.66,1,2,145.99,34.54,35.85,13.38,34.04,74.57,29.78,19.64,5,emergency,<5_years,low,0,1
V714,sdt,41.72,1,2,121.28,30.27,25.1,10.65,24.52,80.29,26.69,14.36,6,emergency,<5_years,low,0,1
V714,bm25,48.98,1,2,170.21,44.41,49.09,14.25,46.12,64.94,60.22,31.8,7,emergency,<5_years,low,0,0
V714,colbert,40.17,1,2,152.54,33.39,35.64,13.41,29.38,79.19,30.74,11.99,8,emergency,<5_years,low,0,0
V714,gdt,38.99,1,2,123.56,34.94,38.97,9.11,35.44,73.08,38.28,14.77,9,emergency,<5_years,low,0,1
V029,gdt,60.87,1,3,135.55,37.73,44.35,19.32,31.68,70.72,43.68,16.63,1,emergency,<5_years,high,2,1
V029,bm25,69.69,1,3,191.29,50.23,64.48,19.14,62.76,55.98,57.06,41.97,2,emergency,<5_years,high,2,0
V029,llm_rag,59.16,1,3,158.55,35.98,37.58,6.98,33.91,67.89,38.56,30.96,3,emergency,<5_years,high,2,0
V029,colbert,59.22,1,3,144.57,39.02,46.08,14.16,35.42,69.33,47.41,21.69,4,emergency,<5_years,high,2,0
V029,sdt,56.77,1,3,116.05,31.9,32.93,8.33,25.22,73.42,34.36,17.14,5,emergency,<5_years,high,2,1
V029,cma,66.7,1,3,148.69,39.02,41.92,10.76,45.07,69.35,50.61,16.43,6,emergency,<5_years,high,2,1
V029,graphcare,58.84,1,3,162.12,37.83,41.83,14.43,33.38,73.19,41.8,22.33,7,emergency,<5_years,high,2,0
V029,medcpt,61.4,1,3,150.12,43.07,52.75,19.25,44.99,69.51,45.95,25.98,8,emergency,<5_years,high,2,0
V029,control,72.99,1,3,194.55,49.35,66.63,17.21,58.03,59.12,60.64,34.51,9,emergency,<5_years,high,2,0
V295,llm_rag,77.89,1,4,156.63,41.93,50.84,10.54,51.87,61.07,50.3,26.94,1,critical_care,<5_years,high,1,0
V295,control,91.1,1,4,183.16,52.54,74.83,19.11,61.76,55.64,61.09,42.83,2,critical_care,<5_years,high,1,0
V295,sdt,73.67,1,4,105.42,39.77,51.48,14.15,40.31,66.61,43.19,22.86,3,critical_care,<5_years,high,1,1
V295,medcpt,78.83,1,4,144.32,42.87,51.3,15.45,43.54,63.87,55.17,27.88,4,critical_care,<5_years,high,1,0
V295,gdt,70.77,1,4,128.38,40.83,50.6,17.87,40.88,67.0,36.92,31.7,5,critical_care,<5_years,high,1,1
V295,cma,81.1,1,4,143.48,42.36,51.14,14.1,46.97,67.33,53.36,21.25,6,critical_care,<5_years,high,1,1
V295,colbert,71.05,1,4,152.92,43.27,48.92,17.12,43.03,66.71,57.75,26.11,7,critical_care,<5_years,high,1,0
V295,bm25,84.55,1,4,183.61,52.77,72.03,21.46,60.19,53.05,68.62,41.26,8,critical_care,<5_years,high,1,0
V295,graphcare,78.25,1,4,141.87,45.07,49.56,16.68,53.21,68.88,52.66,29.43,9,critical_care,<5_years,high,1,0
V701,medcpt,243.92,0,2,133.26,69.44,100.0,33.39,95.66,31.38,100.0,56.18,1,internal_medicine,>=5_years,low,1,0
V701,bm25,164.05,0,2,169.84,66.93,94.65,22.54,91.04,47.15,95.02,51.19,2,internal_medicine,>=5_years,low,1,0
V701,graphcare,133.27,0,2,149.94,51.66,68.65,19.43,59.38,56.41,66.29,39.78,3,internal_medicine,>=5_years,low,1,0
V701,cma,242.3,0,2,165.43,70.01,100.0,28.26,100.0,33.29,95.58,62.94,4,internal_medicine,>=5_years,low,1,1
V701,colbert,36.94,1,2,138.9,35.08,37.2,3.0,36.19,76.38,38.44,19.31,5,internal_medicine,>=5_years,low,1,0
V701,gdt,131.58,0,2,113.68,49.64,62.04,21.43,66.81,51.85,63.52,32.17,6,internal_medicine,>=5_years,low,1,1
V701,control,269.48,0,2,184.04,69.59,100.0,26.43,100.0,15.04,100.0,76.05,7,internal_medicine,>=5_years,low,1,0
V701,llm_rag,137.81,0,2,170.33,48.44,68.1,20.88,52.63,49.85,64.38,34.79,8,internal_medicine,>=5_years,low,1,0
V701,sdt,35.97,1,2,113.91,29.61,29.9,7.57,21.84,92.74,21.97,3.64,9,internal_medicine,>=5_years,low,1,1
V915,control,94.5,1,4,212.17,53.68,71.36,20.09,70.24,55.53,69.36,35.52,1,internal_medicine,<5_years,high,3,0
V915,sdt,73.31,1,4,114.89,35.51,41.74,12.36,35.91,65.98,37.22,19.82,2,internal_medicine,<5_years,high,3,1
V915,llm_rag,79.03,1,4,170.01,41.76,54.69,18.38,45.37,60.42,48.2,23.49,3,internal_medicine,<5_years,high,3,0
V915,colbert,77.73,1,4,140.64,43.01,52.75,7.96,46.76,70.1,54.43,26.04,4,internal_medicine,<5_years,high,3,0
V915,gdt,78.6,1,4,127.73,42.41,57.11,15.99,43.77,63.92,46.91,26.77,5,internal_medicine,<5_years,high,3,1
V915,cma,74.21,1,4,164.56,43.72,52.84,15.77,52.25,54.76,59.85,26.88,6,internal_medicine,<5_years,high,3,1
V915,bm25,92.36,1,4,208.6,54.31,73.54,22.27,66.63,59.01,67.8,36.61,7,internal_medicine,<5_years,high,3,0
V915,medcpt,88.7,1,4,148.44,45.24,57.98,21.16,47.92,55.94,59.95,28.51,8,internal_medicine,<5_years,high,3,0
V915,graphcare,82.29,1,4,158.82,45.75,55.89,22.86,48.96,66.7,50.76,29.36,9,internal_medicine,<5_years,high,3,0
V242,gdt,34.91,1,2,126.86,31.73,30.29,6.91,27.09,77.05,38.93,10.08,1,internal_medicine,>=5_years,low,1,1
V242,llm_rag,36.23,1,2,162.53,30.5,28.99,4.3,25.93,68.09,38.93,16.79,2,internal_medicine,>=5_years,low,1,0
V242,graphcare,38.04,1,2,153.55,33.68,34.55,6.15,37.78,82.89,28.75,11.97,3,internal_medicine,>=5_years,low,1,0
V242,bm25,43.94,1,2,185.0,41.07,52.01,14.87,42.91,62.84,48.44,25.35,4,internal_medicine,>=5_years,low,1,0
V242,medcpt,41.48,1,2,161.19,33.64,39.75,8.72,33.69,77.7,31.11,10.89,5,internal_medicine,>=5_years,low,1,0
V242,cma,43.67,1,2,165.61,35.23,38.8,5.73,41.97,73.14,37.7,14.02,6,internal_medicine,>=5_years,low,1,1
V242,control,50.21,1,2,182.51,46.2,53.49,14.1,49.61,65.48,56.29,38.22,7,internal_medicine,>=5_years,low,1,0
V242,colbert,35.3,1,2,158.69,34.8,35.0,9.44,31.93,76.19,38.54,17.69,8,internal_medicine,>=5_years,low,1,0
V242,sdt,38.75,1,2,106.16,30.74,22.93,12.79,26.35,78.18,27.86,16.32,9,internal_medicine,>=5_years,low,1,1
V416,cma,19.99,1,1,145.67,31.43,31.29,13.42,25.34,83.7,22.63,12.21,1,emergency,>=5_years,low,0,1
V416,control,22.61,1,1,157.0,36.69,44.43,9.49,33.36,73.1,40.84,18.9,2,emergency,>=5_years,low,0,0
V416,bm25,23.41,1,1,174.96,37.64,42.58,9.35,48.0,61.66,36.1,28.14,3,emergency,>=5_years,low,0,0
V416,medcpt,21.86,1,1,159.39,28.66,26.26,7.41,23.15,82.01,22.86,10.28,4,emergency,>=5_years,low,0,0
V416,llm_rag,19.4,1,1,160.58,27.33,25.82,2.96,15.08,84.87,25.29,9.98,5,emergency,>=5_years,low,0,0
V416,gdt,23.94,1,1,139.65,30.46,21.15,11.73,18.53,92.4,26.33,12.62,6,emergency,>=5_years,low,0,1
V416,colbert,20.51,1,1,145.54,25.63,23.62,2.34,24.51,79.72,14.82,8.78,7,emergency,>=5_years,low,0,0
V416,sdt,20.63,1,1,145.49,26.38,19.62,11.95,18.79,85.92,14.83,7.15,8,emergency,>=5_years,low,0,1
V416,graphcare,20.22,1,1,138.09,31.21,31.02,10.7,24.57,83.58,28.51,8.85,9,emergency,>=5_years,low,0,0
V699,colbert,23.16,1,1,143.59,29.91,35.62,3.51,21.68,77.86,31.41,9.36,1,emergency,>=5_years,low,0,0
V699,bm25,23.21,1,1,216.69,40.65,44.56,13.26,41.23,75.59,43.52,25.72,2,emergency,>=5_years,low,0,0
V699,graphcare,20.14,1,1,149.9,29.4,33.64,6.72,11.42,82.18,26.6,15.86,3,emergency,>=5_years,low,0,0
V699,cma,19.19,1,1,148.2,31.98,32.0,10.03,24.74,79.94,33.61,11.56,4,emergency,>=5_years,low,0,1
V699,llm_rag,22.16,1,1,128.32,31.27,29.02,11.64,25.05,83.2,22.85,15.87,5,emergency,>=5_years,low,0,0
V699,gdt,18.29,1,1,126.88,29.66,24.54,7.42,31.3,77.45,20.69,16.56,6,emergency,>=5_years,low,0,1
V699,medcpt,20.25,1,1,135.21,28.77,21.62,2.37,29.3,74.06,22.87,22.39,7,emergency,>=5_years,low,0,0
V699,sdt,17.82,1,1,103.75,25.48,21.37,4.59,14.18,86.24,16.69,9.82,8,emergency,>=5_years,low,0,1
V699,control,21.41,1,1,167.02,36.3,38.73,4.35,38.81,73.85,38.88,23.17,9,emergency,>=5_years,low,0,0
V648,control,22.05,1,1,173.01,39.64,45.89,12.97,40.08,78.37,41.35,19.2,1,emergency,>=5_years,low,0,0
V648,cma,23.88,1,1,154.6,33.85,37.31,7.03,33.3,82.35,27.72,15.42,2,emergency,>=5_years,low,0,1
V648,llm_rag,19.57,1,1,183.1,29.67,29.74,8.44,21.58,86.52,27.72,4.05,3,emergency,>=5_years,low,0,0
V648,sdt,16.35,1,1,97.51,24.52,18.99,7.46,16.76,83.76,15.09,5.08,4,emergency,>=5_years,low,0,1
V648,graphcare,22.56,1,1,131.39,30.72,30.43,11.9,26.76,83.72,17.31,14.2,5,emergency,>=5_years,low,0,0
V648,gdt,17.59,1,1,131.28,25.95,29.02,5.37,16.79,75.11,26.77,2.63,6,emergency,>=5_years,low,0,1
V648,medcpt,21.33,1,1,149.72,29.91,27.11,14.74,21.41,81.72,24.4,10.08,7,emergency,>=5_years,low,0,0
V648,bm25,22.55,1,1,165.8,37.97,43.33,10.9,41.11,73.7,45.71,13.07,8,emergency,>=5_years,low,0,0
V648,colbert,18.17,1,1,146.59,26.76,24.56,8.83,24.89,76.48,24.74,1.04,9,emergency,>=5_years,low,0,0
V419,medcpt,18.55,1,1,133.71,31.39,34.02,6.46,29.47,82.61,21.97,13.8,1,critical_care,>=5_years,low,0,0
V419,control,33.01,1,1,210.91,41.58,54.79,9.68,48.55,65.39,41.18,29.89,2,critical_care,>=5_years,low,0,0
V419,gdt,17.73,1,1,121.13,28.25,22.34,2.9,16.88,85.66,26.73,15.01,3,critical_care,>=5_years,low,0,1
V419,llm_rag,19.46,1,1,153.26,27.22,26.38,8.14,17.65,77.02,26.72,7.42,4,critical_care,>=5_years,low,0,0
V419,bm25,23.15,1,1,179.35,38.77,51.68,11.11,36.0,68.41,44.27,21.15,5,critical_care,>=5_years,low,0,0
V419,colbert,17.67,1,1,158.49,32.09,28.8,12.33,29.8,79.67,26.51,15.43,6,critical_care,>=5_years,low,0,0
V419,cma,21.62,1,1,149.97,32.93,36.02,11.66,28.99,76.44,28.2,16.25,7,critical_care,>=5_years,low,0,1
V419,sdt,17.88,1,1,129.51,22.44,17.84,6.79,6.08,86.75,13.11,4.08,8,critical_care,>=5_years,low,0,1
V419,graphcare,17.84,1,1,157.92,27.92,23.84,10.24,19.85,75.92,27.93,9.75,9,critical_care,>=5_years,low,0,0
V618,bm25,131.2,1,5,188.2,62.32,82.73,25.24,82.15,44.78,86.73,52.31,1,hospital_medicine,<5_years,high,4,0
V618,cma,101.11,1,5,139.07,51.9,70.1,21.34,60.73,64.44,64.45,30.32,2,hospital_medicine,<5_years,high,4,1
V618,llm_rag,94.68,1,5,168.29,45.65,51.75,18.16,58.9,58.12,54.51,32.5,3,hospital_medicine,<5_years,high,4,0
V618,sdt,91.75,1,5,116.29,41.62,49.55,14.65,41.86,65.07,55.25,23.36,4,hospital_medicine,<5_years,high,4,1
V618,graphcare,94.66,1,5,147.83,45.65,63.04,18.0,54.59,46.99,53.02,38.27,5,hospital_medicine,<5_years,high,4,0
V618,colbert,102.14,1,5,151.02,47.75,60.63,9.85,58.59,57.73,61.36,38.34,6,hospital_medicine,<5_years,high,4,0
V618,gdt,92.39,1,5,138.23,45.02,59.72,11.83,51.69,62.36,52.6,31.95,7,hospital_medicine,<5_years,high,4,1
V618,medcpt,94.01,1,5,147.75,45.26,61.81,15.64,52.39,52.17,57.22,32.33,8,hospital_medicine,<5_years,high,4,0
V618,control,112.66,1,5,202.65,57.38,78.77,21.12,76.47,50.94,74.33,42.66,9,hospital_medicine,<5_years,high,4,0
V250,control,120.82,1,5,183.13,58.72,81.14,21.26,83.38,44.99,75.61,45.97,1,hospital_medicine,>=5_years,high,4,0
V250,llm_rag,96.46,1,5,162.16,45.5,57.31,16.55,52.51,60.08,54.08,32.46,2,hospital_medicine,>=5_years,high,4,0
V250,sdt,91.43,1,5,113.63,41.49,48.42,15.87,50.63,56.45,56.39,21.18,3,hospital_medicine,>=5_years,high,4,1
V250,colbert,100.1,1,5,149.8,48.39,63.93,13.78,56.83,62.52,61.3,31.97,4,hospital_medicine,>=5_years,high,4,0
V250,bm25,104.24,1,5,185.19,56.67,73.96,20.5,78.71,48.59,75.2,43.05,5,hospital_medicine,>=5_years,high,4,0
V250,graphcare,102.87,1,5,143.98,47.54,65.46,17.97,55.7,57.52,54.41,34.19,6,hospital_medicine,>=5_years,high,4,0
V250,gdt,92.94,1,5,133.9,45.56,58.58,17.17,50.26,63.06,62.95,21.31,7,hospital_medicine,>=5_years,high,4,1
V250,medcpt,101.94,1,5,145.67,50.74,58.26,20.58,63.37,63.54,62.56,36.13,8,hospital_medicine,>=5_years,high,4,0
V250,cma,109.58,1,5,148.3,52.32,65.19,21.37,61.02,55.14,75.46,35.74,9,hospital_medicine,>=5_years,high,4,1
V384,colbert,102.16,1,5,154.18,46.83,65.35,8.9,53.89,53.62,60.7,38.51,1,internal_medicine,<5_years,high,0,0
V384,control,125.86,1,5,191.36,62.06,92.62,21.7,83.0,48.13,79.39,47.52,2,internal_medicine,<5_years,high,0,0
V384,llm_rag,100.76,1,5,170.42,48.93,59.33,17.15,52.11,58.02,65.1,41.85,3,internal_medicine,<5_years,high,0,0
V384,gdt,95.64,1,5,121.86,47.3,65.38,12.12,54.0,64.27,54.3,33.73,4,internal_medicine,<5_years,high,0,1
V384,graphcare,96.44,1,5,153.21,46.6,57.8,17.33,58.73,55.72,58.48,31.52,5,internal_medicine,<5_years,high,0,0
V384,bm25,113.11,1,5,180.01,55.66,75.54,20.65,72.94,42.96,76.16,45.73,6,internal_medicine,<5_years,high,0,0
V384,sdt,90.29,1,5,108.58,42.17,47.41,12.19,49.41,66.24,51.76,26.03,7,internal_medicine,<5_years,high,0,1
V384,cma,108.78,1,5,143.36,51.84,67.3,28.7,65.02,53.97,63.42,32.62,8,internal_medicine,<5_years,high,0,1
V384,medcpt,96.81,1,5,150.79,47.96,54.42,25.59,51.01,68.19,57.31,31.25,9,internal_medicine,<5_years,high,0,0
V646,colbert,267.17,0,4,168.93,71.62,100.0,31.54,100.0,32.77,100.0,65.39,1,internal_medicine,<5_years,high,3,0
V646,llm_rag,188.56,0,4,169.98,63.06,85.06,25.95,83.18,41.67,89.55,52.95,2,internal_medicine,<5_years,high,3,0
V646,sdt,70.16,1,4,112.34,36.58,40.59,5.97,37.31,74.62,45.76,15.25,3,internal_medicine,<5_years,high,3,1
V646,gdt,81.01,1,4,128.74,43.6,52.15,13.78,48.77,67.43,55.86,23.6,4,internal_medicine,<5_years,high,3,1
V646,bm25,101.33,1,4,176.24,57.39,79.68,17.29,76.17,58.46,74.37,38.35,5,internal_medicine,<5_years,high,3,0
V646,cma,78.08,1,4,152.97,44.93,55.5,19.3,43.57,62.01,60.62,28.58,6,internal_medicine,<5_years,high,3,1
V646,control,92.21,1,4,190.94,54.75,77.13,22.3,68.39,52.22,67.17,41.32,7,internal_medicine,<5_years,high,3,0
V646,medcpt,77.87,1,4,143.78,45.29,46.77,24.21,55.08,65.99,51.07,28.6,8,internal_medicine,<5_years,high,3,0
V646,graphcare,79.19,1,4,150.8,45.28,58.65,12.55,52.98,67.38,52.68,27.46,9,internal_medicine,<5_years,high,3,0
V712,control,65.73,1,3,188.92,48.16,60.33,17.75,56.8,61.85,56.2,36.01,1,internal_medicine,<5_years,low,0,0
V712,llm_rag,56.46,1,3,162.32,35.65,43.49,15.9,32.49,69.12,40.79,12.13,2,internal_medicine,<5_years,low,0,0
V712,gdt,54.07,1,3,117.92,36.61,41.33,8.65,33.57,75.42,35.07,25.6,3,internal_medicine,<5_years,low,0,1
V712,cma,61.44,1,3,167.23,41.19,43.72,12.39,46.4,70.23,50.44,23.96,4,internal_medicine,<5_years,low,0,1
V712,bm25,79.02,1,3,185.77,49.66,64.61,12.12,61.83,61.64,60.08,37.67,5,internal_medicine,<5_years,low,0,0
V712,colbert,59.89,1,3,145.12,39.35,53.86,9.44,44.99,65.01,43.0,19.81,6,internal_medicine,<5_years,low,0,0
V712,graphcare,54.97,1,3,153.61,37.37,43.5,5.4,35.29,72.76,44.01,23.26,7,internal_medicine,<5_years,low,0,0
V712,sdt,50.92,1,3,126.67,33.7,26.37,14.96,33.74,74.12,39.09,13.94,8,internal_medicine,<5_years,low,0,1
V712,medcpt,62.95,1,3,152.93,38.76,42.49,8.33,44.31,72.11,39.95,25.38,9,internal_medicine,<5_years,low,0,0
V621,bm25,69.55,1,3,202.96,49.58,66.53,15.42,61.71,58.72,60.96,34.13,1,internal_medicine,>=5_years,low,1,0
V621,llm_rag,61.07,1,3,169.29,37.46,40.95,12.79,40.27,65.59,38.17,27.02,2,internal_medicine,>=5_years,low,1,0
V621,control,68.61,1,3,183.15,52.42,65.09,14.56,63.55,62.74,64.46,44.12,3,internal_medicine,>=5_years,low,1,0
V621,sdt,53.79,1,3,123.22,36.12,34.1,21.43,35.5,72.56,34.01,19.15,4,internal_medicine,>=5_years,low,1,1
V621,cma,61.36,1,3,153.19,39.97,49.38,11.33,50.53,66.13,39.74,22.69,5,internal_medicine,>=5_years,low,1,1
V621,medcpt,59.4,1,3,133.21,40.22,49.63,17.75,37.63,65.85,45.11,25.32,6,internal_medicine,>=5_years,low,1,0
V621,colbert,63.83,1,3,176.98,42.36,48.03,9.38,44.84,70.58,51.23,30.08,7,internal_medicine,>=5_years,low,1,0
V621,graphcare,59.88,1,3,156.97,35.07,46.44,3.8,38.54,62.85,38.22,20.57,8,internal_medicine,>=5_years,low,1,0
V621,gdt,60.79,1,3,124.74,38.05,41.28,14.16,35.44,68.33,43.57,25.5,9,internal_medicine,>=5_years,low,1,1
V061,sdt,187.73,0,5,115.48,58.89,85.2,19.7,70.07,48.33,86.21,43.82,1,critical_care,>=5_years,high,1,1
V061,gdt,185.38,0,5,126.73,61.67,85.5,24.32,82.75,44.23,90.19,43.05,2,critical_care,>=5_years,high,1,1
V061,graphcare,208.72,0,5,155.95,64.96,99.69,21.67,89.29,38.73,87.86,52.5,3,critical_care,>=5_years,high,1,0
V061,llm_rag,300.0,0,5,154.65,72.33,100.0,39.27,100.0,22.28,100.0,72.44,4,critical_care,>=5_years,high,1,0
V061,control,219.07,0,5,195.79,70.47,100.0,32.38,100.0,25.14,100.0,65.27,5,critical_care,>=5_years,high,1,0
V061,colbert,204.56,0,5,154.29,67.4,94.23,22.5,92.71,41.19,99.06,54.68,6,critical_care,>=5_years,high,1,0
V061,cma,198.58,0,5,160.9,67.7,100.0,26.17,92.15,46.07,88.94,52.86,7,critical_care,>=5_years,high,1,1
V061,bm25,300.0,0,5,191.55,71.41,100.0,37.4,100.0,11.95,100.0,79.11,8,critical_care,>=5_years,high,1,0
V061,medcpt,300.0,0,5,142.23,71.44,100.0,35.57,100.0,15.81,100.0,77.29,9,critical_care,>=5_years,high,1,0
V322,cma,57.16,1,3,137.03,41.49,48.2,15.43,41.79,70.75,45.49,27.27,1,emergency,<5_years,low,1,1
V322,sdt,53.76,1,3,116.56,30.56,29.21,4.33,28.88,68.3,32.96,19.7,2,emergency,<5_years,low,1,1
V322,llm_rag,58.7,1,3,161.89,37.48,45.79,9.24,38.99,72.74,41.76,16.37,3,emergency,<5_years,low,1,0
V322,colbert,53.02,1,3,155.79,38.06,43.02,8.09,35.85,72.79,46.51,22.13,4,emergency,<5_years,low,1,0
V322,bm25,75.74,1,3,207.45,51.18,62.94,12.91,68.28,61.04,64.32,37.61,5,emergency,<5_years,low,1,0
V322,medcpt,59.71,1,3,134.3,42.45,52.12,12.12,41.63,70.86,50.25,27.72,6,emergency,<5_years,low,1,0
V322,graphcare,62.21,1,3,142.17,39.15,49.93,14.83,41.76,69.86,32.6,25.92,7,emergency,<5_years,low,1,0
V322,control,78.09,1,3,184.25,50.7,66.52,17.67,61.25,50.79,68.56,39.42,8,emergency,<5_years,low,1,0
V322,gdt,55.59,1,3,122.25,37.14,35.93,10.02,38.87,71.9,38.79,27.35,9,emergency,<5_years,low,1,1
V079,llm_rag,19.9,1,1,189.21,29.6,23.48,9.31,20.31,80.36,24.21,19.89,1,internal_medicine,<5_years,low,0,0
V079,cma,19.31,1,1,168.27,32.37,29.98,9.46,26.17,83.55,26.04,19.03,2,internal_medicine,<5_years,low,0,1
V079,sdt,18.3,1,1,103.37,24.0,18.62,5.09,15.64,86.96,17.68,0.0,3,internal_medicine,<5_years,low,0,1
V079,colbert,22.99,1,1,175.32,30.68,27.93,5.19,26.09,82.72,29.04,13.13,4,internal_medicine,<5_years,low,0,0
V079,medcpt,17.54,1,1,137.27,31.41,34.85,0.53,20.29,84.45,30.86,17.45,5,internal_medicine,<5_years,low,0,0
V079,gdt,19.59,1,1,110.26,28.34,24.86,8.11,21.77,83.78,25.28,6.25,6,internal_medicine,<5_years,low,0,1
V079,control,26.37,1,1,176.32,40.14,46.14,9.84,36.33,74.7,45.44,28.39,7,internal_medicine,<5_years,low,0,0
V079,graphcare,21.22,1,1,136.41,31.13,24.16,11.37,33.93,76.17,23.37,17.8,8,internal_medicine,<5_years,low,0,0
V079,bm25,22.23,1,1,215.84,38.35,46.36,10.72,32.6,75.39,35.04,30.02,9,internal_medicine,<5_years,low,0,0
V682,medcpt,60.2,1,3,135.7,38.56,47.8,17.86,36.95,62.4,38.13,28.24,1,emergency,>=5_years,high,2,0
V682,colbert,55.26,1,3,156.58,38.08,40.01,11.77,43.98,67.91,43.85,20.99,2,emergency,>=5_years,high,2,0
V682,gdt,58.49,1,3,133.86,38.16,41.35,9.31,37.1,66.46,41.8,32.94,3,emergency,>=5_years,high,2,1
V682,graphcare,57.28,1,3,139.06,40.5,46.58,13.43,37.27,76.5,42.01,27.21,4,emergency,>=5_years,high,2,0
V682,bm25,74.69,1,3,181.03,51.03,60.06,22.34,72.31,59.85,56.54,35.1,5,emergency,>=5_years,high,2,0
V682,sdt,50.94,1,3,115.23,31.75,30.27,11.69,30.11,71.76,31.22,15.44,6,emergency,>=5_years,high,2,1
V682,cma,59.65,1,3,150.79,41.25,43.93,16.27,45.22,71.58,51.02,19.51,7,emergency,>=5_years,high,2,1
V682,llm_rag,60.37,1,3,164.88,39.59,44.98,14.48,37.77,72.31,41.99,26.04,8,emergency,>=5_years,high,2,0
V682,control,69.39,1,3,182.42,48.66,55.97,17.05,59.56,60.92,59.32,39.11,9,emergency,>=5_years,high,2,0
V786,bm25,90.02,1,4,174.95,50.54,65.18,14.11,75.77,60.84,57.28,30.08,1,emergency,<5_years,high,3,0
V786,sdt,67.67,1,4,114.96,37.09,47.27,15.65,37.89,70.87,35.2,15.63,2,emergency,<5_years,high,3,1
V786,medcpt,73.03,1,4,156.27,42.42,49.92,18.55,53.15,60.81,46.0,26.09,3,emergency,<5_years,high,3,0
V786,control,88.53,1,4,197.9,49.91,67.05,25.06,61.28,47.71,64.94,33.42,4,emergency,<5_years,high,3,0
V786,cma,79.05,1,4,136.75,46.38,54.05,16.15,51.36,65.75,55.89,35.09,5,emergency,<5_years,high,3,1
V786,graphcare,73.74,1,4,143.73,43.16,53.03,13.6,51.97,63.92,51.27,25.2,6,emergency,<5_years,high,3,0
V786,colbert,76.19,1,4,154.61,42.43,54.12,13.73,54.04,59.93,46.51,26.27,7,emergency,<5_years,high,3,0
V786,llm_rag,78.17,1,4,167.03,42.1,44.79,25.32,51.43,59.7,51.0,20.39,8,emergency,<5_years,high,3,0
V786,gdt,77.7,1,4,139.33,43.24,51.23,12.48,45.16,70.22,49.1,31.22,9,emergency,<5_years,high,3,1
V134,bm25,210.69,0,5,189.84,71.82,100.0,31.4,100.0,30.77,100.0,68.76,1,internal_medicine,<5_years,high,4,0
V134,control,230.43,0,5,195.59,70.18,100.0,32.75,100.0,20.91,100.0,67.42,2,internal_medicine,<5_years,high,4,0
V134,medcpt,98.13,1,5,143.86,50.18,66.52,21.6,57.21,58.85,58.05,38.81,3,internal_medicine,<5_years,high,4,0
V134,cma,197.83,0,5,153.44,66.05,98.65,17.79,91.61,39.92,99.75,48.59,4,internal_medicine,<5_years,high,4,1
V134,gdt,100.01,1,5,131.4,48.86,72.86,18.44,60.14,52.87,50.95,37.89,5,internal_medicine,<5_years,high,4,1
V134,sdt,91.1,1,5,110.83,43.68,53.19,21.79,45.15,63.44,52.88,25.62,6,internal_medicine,<5_years,high,4,1
V134,llm_rag,296.49,0,5,167.69,70.57,100.0,34.54,100.0,18.58,100.0,70.31,7,internal_medicine,<5_years,high,4,0
V134,graphcare,199.12,0,5,155.42,63.07,87.32,24.15,90.31,34.98,89.91,51.75,8,internal_medicine,<5_years,high,4,0
V134,colbert,194.68,0,5,156.04,65.82,93.62,25.01,90.91,41.07,90.92,53.36,9,internal_medicine,<5_years,high,4,0
V553,cma,42.44,1,2,153.6,36.54,43.11,11.57,32.4,76.92,34.37,20.84,1,emergency,<5_years,low,1,1
V553,sdt,33.33,1,2,132.64,28.19,31.55,13.51,21.63,74.55,25.86,2.03,2,emergency,<5_years,low,1,1
V553,colbert,37.51,1,2,161.61,34.28,38.17,11.75,28.31,75.15,32.42,19.87,3,emergency,<5_years,low,1,0
V553,control,44.66,1,2,171.05,44.96,57.54,8.54,51.6,67.75,52.35,31.98,4,emergency,<5_years,low,1,0
V553,gdt,35.03,1,2,135.05,32.01,28.6,10.42,27.38,81.19,27.82,16.66,5,emergency,<5_years,low,1,1
V553,bm25,45.92,1,2,193.86,43.24,51.88,14.32,57.85,64.2,39.66,31.55,6,emergency,<5_years,low,1,0
V553,medcpt,45.42,1,2,117.6,35.29,38.96,15.77,32.19,61.95,36.94,25.96,7,emergency,<5_years,low,1,0
V553,graphcare,41.03,1,2,152.11,37.34,41.4,14.25,34.1,78.25,30.77,25.3,8,emergency,<5_years,low,1,0
V553,llm_rag,35.43,1,2,185.27,35.38,35.09,14.75,31.47,73.31,39.77,17.87,9,emergency,<5_years,low,1,0
V638,cma,104.69,1,5,140.17,49.93,60.8,14.63,68.4,53.65,67.45,34.65,1,critical_care,<5_years,high,3,1
V638,graphcare,89.07,1,5,147.31,45.74,61.68,10.47,56.02,66.29,53.9,26.06,2,critical_care,<5_years,high,3,0
V638,llm_rag,90.48,1,5,169.42,43.76,50.44,11.76,49.93,61.62,57.33,31.51,3,critical_care,<5_years,high,3,0
V638,colbert,97.08,1,5,165.12,49.07,58.26,27.41,52.65,56.53,60.75,38.82,4,critical_care,<5_years,high,3,0
V638,control,116.12,1,5,183.49,58.89,83.96,23.31,83.39,40.45,76.76,45.48,5,critical_care,<5_years,high,3,0
V638,bm25,118.3,1,5,200.14,60.17,81.2,21.65,79.34,49.18,76.19,53.45,6,critical_care,<5_years,high,3,0
V638,sdt,90.02,1,5,98.92,42.96,55.83,17.99,43.76,63.43,47.09,29.65,7,critical_care,<5_years,high,3,1
V638,medcpt,102.34,1,5,136.12,51.39,71.25,9.14,65.41,60.74,64.14,37.67,8,critical_care,<5_years,high,3,0
V638,gdt,92.97,1,5,128.5,45.52,58.36,15.48,47.64,60.96,63.18,27.51,9,critical_care,<5_years,high,3,1
V411,llm_rag,83.75,1,4,156.4,43.49,54.01,15.76,52.53,60.29,49.11,29.25,1,internal_medicine,<5_years,high,3,0
V411,graphcare,74.97,1,4,149.69,41.56,56.12,17.02,44.7,62.87,39.68,28.96,2,internal_medicine,<5_years,high,3,0
V411,colbert,277.72,0,4,149.74,69.46,100.0,30.83,100.0,18.73,100.0,67.22,3,internal_medicine,<5_years,high,3,0
V411,bm25,96.08,1,4,202.12,56.27,76.93,26.51,66.37,58.46,66.39,42.97,4,internal_medicine,<5_years,high,3,0
V411,gdt,172.51,0,4,128.25,57.83,82.12,24.67,72.43,45.82,78.51,43.43,5,internal_medicine,<5_years,high,3,1
V411,medcpt,179.95,0,4,153.48,63.25,97.22,18.21,84.11,44.51,88.3,47.15,6,internal_medicine,<5_years,high,3,0
V411,cma,175.59,0,4,148.43,63.95,91.04,30.96,80.61,44.44,89.57,47.07,7,internal_medicine,<5_years,high,3,1
V411,sdt,66.25,1,4,113.91,36.54,42.75,12.56,34.81,74.38,38.51,16.2,8,internal_medicine,<5_years,high,3,1
V411,control,205.76,0,4,194.52,70.97,100.0,25.47,100.0,41.97,100.0,58.39,9,internal_medicine,<5_years,high,3,0
V445,graphcare,17.29,1,1,146.67,29.92,23.52,6.86,20.8,84.22,30.6,13.53,1,internal_medicine,<5_years,low,0,0
V445,llm_rag,20.08,1,1,139.34,30.79,23.96,14.47,21.95,83.44,24.42,16.49,2,internal_medicine,<5_years,low,0,0
V445,cma,18.12,1,1,175.28,28.13,26.95,2.81,22.39,81.46,23.31,11.85,3,internal_medicine,<5_years,low,0,1
V445,gdt,18.61,1,1,147.81,28.76,29.18,11.69,14.09,82.11,28.59,6.92,4,internal_medicine,<5_years,low,0,1
V445,medcpt,20.5,1,1,146.21,30.28,29.42,4.22,30.59,85.78,27.18,4.5,5,internal_medicine,<5_years,low,0,0
V445,colbert,19.47,1,1,180.64,30.32,30.97,5.9,26.44,83.23,22.87,12.5,6,internal_medicine,<5_years,low,0,0
V445,control,23.19,1,1,159.23,37.57,47.74,5.41,38.05,67.02,41.52,25.7,7,internal_medicine,<5_years,low,0,0
V445,bm25,28.32,1,1,171.57,39.51,48.01,6.95,47.26,71.32,45.07,18.47,8,internal_medicine,<5_years,low,0,0
V445,sdt,17.22,1,1,139.6,22.95,21.97,2.18,17.4,77.55,13.28,5.3,9,internal_medicine,<5_years,low,0,1
V160,gdt,40.79,1,2,129.32,37.11,38.15,13.98,33.38,74.2,37.36,25.62,1,hospital_medicine,<5_years,low,0,1
V160,llm_rag,40.42,1,2,177.45,34.47,30.79,6.16,38.48,77.66,33.97,19.74,2,hospital_medicine,<5_years,low,0,0
V160,bm25,41.6,1,2,189.53,43.23,52.95,8.17,45.33,72.06,49.61,31.26,3,hospital_medicine,<5_years,low,0,0
V160,sdt,33.55,1,2,116.3,25.73,23.13,3.46,24.3,79.77,23.6,0.11,4,hospital_medicine,<5_years,low,0,1
V160,cma,47.35,1,2,153.66,32.92,35.22,4.55,32.17,74.77,29.18,21.6,5,hospital_medicine,<5_years,low,0,1
V160,control,44.0,1,2,171.61,44.59,49.61,15.65,57.92,66.31,51.74,26.29,6,hospital_medicine,<5_years,low,0,0
V160,colbert,35.04,1,2,158.34,33.09,31.12,8.45,27.93,76.18,30.64,24.21,7,hospital_medicine,<5_years,low,0,0
V160,medcpt,35.01,1,2,153.95,34.03,35.06,15.78,24.43,76.43,34.78,17.69,8,hospital_medicine,<5_years,low,0,0
V160,graphcare,39.5,1,2,143.07,31.77,32.3,8.7,29.23,69.42,34.81,16.13,9,hospital_medicine,<5_years,low,0,0
V689,sdt,145.83,0,3,117.54,45.89,61.47,13.34,49.95,52.77,65.79,32.05,1,critical_care,<5_years,high,2,1
V689,graphcare,148.93,0,3,133.2,52.87,69.79,14.61,67.78,52.06,74.32,38.67,2,critical_care,<5_years,high,2,0
V689,cma,168.43,0,3,146.56,57.97,76.81,25.1,74.7,50.38,85.46,35.35,3,critical_care,<5_years,high,2,1
V689,gdt,144.3,0,3,118.56,55.61,80.18,21.42,72.78,47.62,71.99,39.68,4,critical_care,<5_years,high,2,1
V689,bm25,183.34,0,3,198.85,68.05,100.0,26.56,92.1,42.51,91.99,55.14,5,critical_care,<5_years,high,2,0
V689,colbert,156.75,0,3,165.85,55.54,78.21,15.34,73.33,46.17,70.79,49.43,6,critical_care,<5_years,high,2,0
V689,llm_rag,54.47,1,3,174.49,37.27,39.46,3.24,44.05,73.81,42.79,20.24,7,critical_care,<5_years,high,2,0
V689,control,163.69,0,3,173.2,66.76,96.44,23.52,88.28,40.78,92.85,58.66,8,critical_care,<5_years,high,2,0
V689,medcpt,152.87,0,3,142.64,56.3,82.26,20.1,76.81,43.44,75.06,40.12,9,critical_care,<5_years,high,2,0
V985,gdt,39.84,1,2,123.87,32.76,38.31,7.74,24.83,75.7,32.45,17.55,1,critical_care,>=5_years,low,0,1
V985,llm_rag,37.23,1,2,163.19,32.18,31.26,8.75,29.07,79.76,27.54,16.72,2,critical_care,>=5_years,low,0,0
V985,bm25,267.38,0,2,197.43,69.06,100.0,26.02,100.0,18.15,100.0,70.2,3,critical_care,>=5_years,low,0,0
V985,colbert,250.76,0,2,153.9,69.2,100.0,31.3,97.43,30.48,100.0,55.96,4,critical_care,>=5_years,low,0,0
V985,cma,233.03,0,2,156.39,69.46,100.0,27.84,100.0,38.15,91.75,59.03,5,critical_care,>=5_years,low,0,1
V985,control,254.63,0,2,180.27,72.69,100.0,35.81,100.0,25.76,100.0,74.57,6,critical_care,>=5_years,low,0,0
V985,sdt,35.91,1,2,115.46,28.24,24.62,8.56,24.63,78.6,22.59,10.47,7,critical_care,>=5_years,low,0,1
V985,medcpt,233.44,0,2,152.63,67.23,100.0,26.5,87.0,34.07,96.51,59.27,8,critical_care,>=5_years,low,0,0
V985,graphcare,234.28,0,2,151.28,65.83,100.0,27.49,89.52,35.5,90.21,52.23,9,critical_care,>=5_years,low,0,0
V807,control,25.79,1,1,212.2,38.48,43.99,3.98,34.19,71.57,46.15,31.0,1,internal_medicine,<5_years,low,0,0
V807,graphcare,17.52,1,1,138.87,26.08,21.4,5.32,11.81,82.73,21.63,13.57,2,internal_medicine,<5_years,low,0,0
V807,colbert,22.08,1,1,161.13,29.96,23.35,15.24,23.96,80.19,23.72,13.32,3,internal_medicine,<5_years,low,0,0
V807,bm25,26.44,1,1,192.35,40.15,48.23,21.83,38.71,69.01,42.9,20.22,4,internal_medicine,<5_years,low,0,0
V807,medcpt,21.92,1,1,133.41,29.54,20.01,7.86,22.72,75.45,35.14,16.07,5,internal_medicine,<5_years,low,0,0
V807,llm_rag,17.3,1,1,160.17,30.98,28.86,13.57,26.22,80.01,21.53,15.7,6,internal_medicine,<5_years,low,0,0
V807,cma,18.06,1,1,164.62,34.44,32.27,9.02,35.19,84.53,25.79,19.86,7,internal_medicine,<5_years,low,0,1
V807,sdt,16.73,1,1,115.88,24.87,16.65,0.0,17.06,88.44,16.23,10.83,8,internal_medicine,<5_years,low,0,1
V807,gdt,20.77,1,1,131.3,26.25,19.57,0.0,24.83,82.7,25.3,5.12,9,internal_medicine,<5_years,low,0,1
V003,gdt,83.4,1,4,134.09,43.78,58.68,7.9,48.51,66.26,53.44,27.9,1,hospital_medicine,<5_years,high,1,1
V003,medcpt,79.46,1,4,141.93,41.98,49.95,11.51,51.79,55.57,51.16,31.9,2,hospital_medicine,<5_years,high,1,0
V003,control,88.14,1,4,183.43,54.01,70.66,15.65,70.75,59.19,68.32,39.49,3,hospital_medicine,<5_years,high,1,0
V003,cma,81.46,1,4,139.3,44.38,59.66,15.7,47.11,61.33,56.88,25.57,4,hospital_medicine,<5_years,high,1,1
V003,graphcare,76.36,1,4,147.6,41.68,52.27,8.9,54.69,61.78,48.4,24.01,5,hospital_medicine,<5_years,high,1,0
V003,bm25,206.14,0,4,179.41,70.22,100.0,35.47,100.0,29.11,100.0,56.75,6,hospital_medicine,<5_years,high,1,0
V003,sdt,81.28,1,4,113.25,35.32,44.04,11.85,38.36,58.85,39.39,19.42,7,hospital_medicine,<5_years,high,1,1
V003,colbert,82.33,1,4,164.1,44.08,54.27,9.71,58.39,60.25,57.23,24.65,8,hospital_medicine,<5_years,high,1,0
V003,llm_rag,75.15,1,4,168.44,40.05,47.57,16.24,43.71,65.72,39.98,27.07,9,hospital_medicine,<5_years,high,1,0
V127,gdt,62.89,1,3,118.21,41.04,42.32,13.04,39.38,79.4,45.71,26.41,1,critical_care,>=5_years,high,2,1
V127,colbert,58.47,1,3,162.11,39.79,43.78,16.91,45.94,68.04,41.82,22.24,2,critical_care,>=5_years,high,2,0
V127,graphcare,54.28,1,3,154.92,39.46,47.84,6.86,40.45,74.24,41.36,26.01,3,critical_care,>=5_years,high,2,0
V127,medcpt,58.5,1,3,159.06,36.92,35.99,14.41,41.71,62.03,44.06,23.32,4,critical_care,>=5_years,high,2,0
V127,llm_rag,62.11,1,3,173.89,39.26,51.24,8.79,28.8,69.6,45.04,32.09,5,critical_care,>=5_years,high,2,0
V127,sdt,56.44,1,3,109.65,36.62,37.36,15.94,37.62,71.32,37.46,20.0,6,critical_care,>=5_years,high,2,1
V127,bm25,69.39,1,3,200.57,52.29,63.51,12.82,68.1,63.94,60.73,44.63,7,critical_care,>=5_years,high,2,0
V127,cma,63.58,1,3,145.92,39.18,50.29,10.39,38.02,65.17,45.43,25.77,8,critical_care,>=5_years,high,2,1
V127,control,66.61,1,3,195.8,48.64,67.2,15.22,58.92,58.68,60.84,30.98,9,critical_care,>=5_years,high,2,0
V407,sdt,36.95,1,2,111.55,29.43,26.81,9.64,30.27,80.3,21.17,8.42,1,hospital_medicine,>=5_years,low,0,1
V407,cma,39.47,1,2,159.24,33.01,31.43,12.81,30.83,72.33,38.39,12.28,2,hospital_medicine,>=5_years,low,0,1
V407,graphcare,34.37,1,2,166.56,28.57,29.69,2.48,24.76,71.93,28.22,14.36,3,hospital_medicine,>=5_years,low,0,0
V407,colbert,143.5,0,2,156.11,50.72,73.9,17.62,57.18,56.26,66.15,33.24,4,hospital_medicine,>=5_years,low,0,0
V407,bm25,40.55,1,2,162.35,42.58,61.18,18.54,38.52,63.93,49.36,23.96,5,hospital_medicine,>=5_years,low,0,0
V407,medcpt,40.56,1,2,157.8,33.15,36.67,14.88,31.7,73.53,35.79,6.3,6,hospital_medicine,>=5_years,low,0,0
V407,control,45.09,1,2,195.71,43.18,48.51,15.38,46.07,70.27,50.21,28.62,7,hospital_medicine,>=5_years,low,0,0
V407,llm_rag,39.02,1,2,184.54,34.06,33.41,9.82,31.57,74.28,35.16,20.12,8,hospital_medicine,>=5_years,low,0,0
V407,gdt,38.66,1,2,128.36,37.6,36.49,6.98,35.28,81.91,43.26,21.68,9,hospital_medicine,>=5_years,low,0,1
V574,sdt,74.72,1,4,112.05,38.62,44.83,15.38,30.99,68.25,46.25,26.03,1,critical_care,<5_years,high,3,1
V574,medcpt,76.12,1,4,138.0,44.82,49.34,13.99,54.08,67.26,54.21,30.02,2,critical_care,<5_years,high,3,0
V574,colbert,77.63,1,4,144.08,42.41,53.71,10.99,47.44,67.92,49.29,25.1,3,critical_care,<5_years,high,3,0
V574,llm_rag,79.48,1,4,162.72,44.09,51.92,17.31,41.54,68.45,59.31,26.0,4,critical_care,<5_years,high,3,0
V574,control,105.04,1,4,184.02,54.83,70.83,19.37,71.19,52.31,75.71,39.59,5,critical_care,<5_years,high,3,0
V574,cma,81.82,1,4,152.61,47.36,58.42,17.01,54.31,65.05,58.22,31.13,6,critical_care,<5_years,high,3,1
V574,graphcare,81.13,1,4,139.4,42.63,57.91,13.66,50.78,62.87,45.74,24.84,7,critical_care,<5_years,high,3,0
V574,bm25,88.44,1,4,196.66,55.94,74.27,20.63,71.88,57.5,67.83,43.5,8,critical_care,<5_years,high,3,0
V574,gdt,74.09,1,4,134.7,39.91,48.63,14.33,46.46,60.99,44.47,24.59,9,critical_care,<5_years,high,3,1
V318,sdt,34.92,1,2,96.03,28.98,26.34,14.23,19.24,79.5,22.9,11.69,1,critical_care,<5_years,low,1,1
V318,llm_rag,35.94,1,2,160.65,35.26,36.72,9.0,30.21,76.87,38.13,20.67,2,critical_care,<5_years,low,1,0
V318,cma,37.59,1,2,151.91,35.1,37.42,17.63,25.56,78.29,31.49,20.19,3,critical_care,<5_years,low,1,1
V318,colbert,41.31,1,2,148.69,33.33,31.46,1.98,36.57,74.9,33.18,21.88,4,critical_care,<5_years,low,1,0
V318,graphcare,41.24,1,2,170.48,34.67,33.38,14.3,33.89,77.01,32.05,17.41,5,critical_care,<5_years,low,1,0
V318,gdt,37.97,1,2,131.23,34.65,35.16,7.04,28.51,78.67,36.18,22.35,6,critical_care,<5_years,low,1,1
V318,medcpt,39.67,1,2,134.94,35.41,38.86,16.49,34.27,78.31,31.87,12.67,7,critical_care,<5_years,low,1,0
V318,control,40.61,1,2,187.75,44.91,54.84,11.93,53.98,70.34,48.14,30.22,8,critical_care,<5_years,low,1,0
V318,bm25,43.12,1,2,168.21,42.17,54.29,15.31,48.24,62.33,46.45,26.4,9,critical_care,<5_years,low,1,0
V868,graphcare,51.41,1,3,152.44,38.2,41.27,8.25,41.9,72.78,44.83,20.18,1,hospital_medicine,<5_years,low,1,0
V868,cma,55.85,1,3,154.58,41.4,42.66,15.46,44.94,70.47,52.42,22.45,2,hospital_medicine,<5_years,low,1,1
V868,control,66.71,1,3,201.22,46.62,58.42,14.58,54.74,57.4,61.19,33.38,3,hospital_medicine,<5_years,low,1,0
V868,llm_rag,55.03,1,3,171.53,34.9,36.9,5.83,37.8,67.95,37.17,23.74,4,hospital_medicine,<5_years,low,1,0
V868,colbert,54.91,1,3,146.76,38.91,40.0,14.91,38.69,72.36,48.28,19.24,5,hospital_medicine,<5_years,low,1,0
V868,bm25,300.0,0,3,192.14,71.74,100.0,38.08,100.0,16.45,100.0,75.9,6,hospital_medicine,<5_years,low,1,0
V868,medcpt,61.79,1,3,141.3,40.59,52.96,10.82,41.53,68.9,48.98,20.35,7,hospital_medicine,<5_years,low,1,0
V868,gdt,60.33,1,3,127.54,37.05,46.37,12.17,39.64,58.28,42.86,22.98,8,hospital_medicine,<5_years,low,1,1
V868,sdt,53.94,1,3,108.85,35.34,36.9,13.82,31.61,73.84,43.42,12.45,9,hospital_medicine,<5_years,low,1,1
V332,colbert,78.32,1,4,155.93,42.82,59.96,11.25,50.8,61.85,51.23,21.82,1,emergency,>=5_years,high,2,0
V332,gdt,171.91,0,4,128.68,57.04,81.74,24.58,74.16,40.47,78.16,43.1,2,emergency,>=5_years,high,2,1
V332,medcpt,187.36,0,4,143.32,61.72,88.96,22.14,78.63,46.17,84.49,49.96,3,emergency,>=5_years,high,2,0
V332,llm_rag,71.88,1,4,170.35,45.77,59.11,17.65,49.71,69.77,53.08,25.31,4,emergency,>=5_years,high,2,0
V332,bm25,194.9,0,4,207.4,70.23,100.0,27.71,98.5,37.37,97.97,59.81,5,emergency,>=5_years,high,2,0
V332,control,193.49,0,4,195.78,69.5,95.55,28.87,100.0,33.27,99.17,60.13,6,emergency,>=5_years,high,2,0
V332,cma,182.09,0,4,152.99,61.81,90.17,15.48,83.84,45.53,84.7,51.12,7,emergency,>=5_years,high,2,1
V332,graphcare,172.92,0,4,142.37,60.28,83.79,30.07,78.53,40.1,79.07,50.15,8,emergency,>=5_years,high,2,0
V332,sdt,159.34,0,4,121.01,51.84,73.46,11.54,66.05,53.98,71.27,34.75,9,emergency,>=5_years,high,2,1
V458,bm25,39.88,1,2,183.94,43.94,49.22,16.31,49.86,70.3,48.65,29.33,1,critical_care,<5_years,low,1,0
V458,llm_rag,38.34,1,2,164.63,32.39,30.88,7.98,31.85,73.77,29.85,19.98,2,critical_care,<5_years,low,1,0
V458,graphcare,37.42,1,2,152.16,35.07,35.01,12.4,32.37,75.88,33.6,21.16,3,critical_care,<5_years,low,1,0
V458,colbert,42.92,1,2,147.11,36.47,47.04,17.03,32.05,78.33,32.94,11.43,4,critical_care,<5_years,low,1,0
V458,control,50.33,1,2,202.65,44.24,54.89,13.76,46.92,65.57,54.31,30.02,5,critical_care,<5_years,low,1,0
V458,sdt,35.14,1,2,111.8,28.43,24.35,9.66,21.12,76.17,26.03,13.24,6,critical_care,<5_years,low,1,1
V458,medcpt,39.31,1,2,138.11,37.33,35.29,9.79,40.12,77.29,39.91,21.6,7,critical_care,<5_years,low,1,0
V458,cma,36.15,1,2,137.29,38.28,38.88,14.31,35.09,77.18,39.48,24.7,8,critical_care,<5_years,low,1,1
V458,gdt,40.53,1,2,117.33,31.37,34.42,2.5,34.13,74.97,28.01,14.22,9,critical_care,<5_years,low,1,1
V564,bm25,42.93,1,2,202.1,45.52,49.37,13.04,54.35,67.4,52.67,36.28,1,internal_medicine,<5_years,low,1,0
V564,gdt,35.95,1,2,132.53,32.42,33.38,5.53,31.06,80.87,28.49,15.23,2,internal_medicine,<5_years,low,1,1
V564,colbert,37.6,1,2,159.16,33.29,32.18,8.19,33.98,73.39,35.68,16.31,3,internal_medicine,<5_years,low,1,0
V564,medcpt,41.2,1,2,152.68,34.09,38.11,5.97,29.51,77.0,31.28,22.67,4,internal_medicine,<5_years,low,1,0
V564,graphcare,38.54,1,2,150.96,34.22,37.47,12.49,33.74,73.28,34.27,14.08,5,internal_medicine,<5_years,low,1,0
V564,control,51.53,1,2,184.93,43.16,54.2,13.63,51.2,63.86,48.42,27.64,6,internal_medicine,<5_years,low,1,0
V564,cma,40.64,1,2,167.86,34.13,40.33,17.67,30.01,77.11,32.11,7.55,7,internal_medicine,<5_years,low,1,1
V564,sdt,34.12,1,2,101.21,30.22,30.75,8.96,18.06,86.39,23.72,13.43,8,internal_medicine,<5_years,low,1,1
V564,llm_rag,37.9,1,2,163.18,34.85,37.68,6.69,30.47,75.83,35.3,23.11,9,internal_medicine,<5_years,low,1,0
V537,sdt,16.18,1,1,80.6,24.4,21.59,7.12,8.4,82.25,18.01,9.01,1,critical_care,<5_years,low,0,1
V537,medcpt,21.99,1,1,148.39,28.94,29.88,0.0,23.01,77.69,28.92,14.13,2,critical_care,<5_years,low,0,0
V537,cma,17.56,1,1,157.51,32.43,31.58,14.73,25.95,75.59,30.95,15.79,3,critical_care,<5_years,low,0,1
V537,bm25,25.7,1,1,191.81,41.37,46.04,12.1,50.24,70.1,41.98,27.74,4,critical_care,<5_years,low,0,0
V537,graphcare,19.14,1,1,141.85,31.24,28.68,15.61,23.96,80.11,28.99,10.08,5,critical_care,<5_years,low,0,0
V537,llm_rag,134.52,0,1,174.8,50.75,70.02,17.74,56.63,58.6,65.16,36.34,6,critical_care,<5_years,low,0,0
V537,gdt,18.25,1,1,111.52,27.66,22.97,0.0,22.5,90.69,19.57,10.24,7,critical_care,<5_years,low,0,1
V537,colbert,122.4,0,1,159.48,49.32,63.16,14.86,60.84,56.97,65.69,34.41,8,critical_care,<5_years,low,0,0
V537,control,25.48,1,1,203.53,40.35,50.46,19.23,40.3,68.24,38.73,25.12,9,critical_care,<5_years,low,0,0
V649,gdt,52.01,1,3,135.71,38.51,45.05,13.96,37.69,67.25,45.41,21.7,1,critical_care,>=5_years,low,1,1
V649,colbert,53.39,1,3,148.88,36.85,44.79,12.6,34.82,67.74,44.13,17.03,2,critical_care,>=5_years,low,1,0
V649,cma,57.44,1,3,140.34,39.35,48.75,14.09,42.7,65.0,45.27,20.26,3,critical_care,>=5_years,low,1,1
V649,sdt,60.95,1,3,104.74,36.94,38.95,10.54,39.51,77.54,40.73,14.37,4,critical_care,>=5_years,low,1,1
V649,llm_rag,58.3,1,3,163.62,40.29,43.64,14.4,38.54,75.47,46.29,23.4,5,critical_care,>=5_years,low,1,0
V649,graphcare,63.06,1,3,142.17,39.23,49.24,16.5,35.48,69.76,45.62,18.8,6,critical_care,>=5_years,low,1,0
V649,control,69.31,1,3,186.23,47.47,60.04,3.85,58.09,68.41,59.72,34.73,7,critical_care,>=5_years,low,1,0
V649,medcpt,60.28,1,3,150.91,40.72,41.48,14.3,40.47,69.46,51.3,27.3,8,critical_care,>=5_years,low,1,0
V649,bm25,70.38,1,3,190.65,49.88,60.3,15.78,58.84,63.45,60.13,40.75,9,critical_care,>=5_years,low,1,0
V239,graphcare,36.01,1,2,127.59,32.42,41.02,8.16,32.49,74.81,27.2,10.87,1,emergency,>=5_years,low,1,0
V239,control,42.45,1,2,184.48,42.07,44.27,17.54,49.3,62.87,51.06,27.4,2,emergency,>=5_years,low,1,0
V239,gdt,34.94,1,2,127.3,31.11,35.97,9.05,31.11,65.91,31.53,13.06,3,emergency,>=5_years,low,1,1
V239,cma,41.84,1,2,144.59,36.4,38.73,10.42,32.5,75.54,37.31,23.91,4,emergency,>=5_years,low,1,1
V239,llm_rag,146.36,0,2,167.87,49.26,75.14,11.34,70.36,44.19,64.09,30.42,5,emergency,>=5_years,low,1,0
V239,sdt,39.07,1,2,122.53,30.46,28.43,9.79,22.88,84.62,28.19,8.87,6,emergency,>=5_years,low,1,1
V239,medcpt,39.78,1,2,160.46,35.38,37.42,17.32,30.58,73.23,32.92,20.8,7,emergency,>=5_years,low,1,0
V239,colbert,41.43,1,2,149.65,34.47,38.49,11.2,28.35,80.07,36.74,11.98,8,emergency,>=5_years,low,1,0
V239,bm25,44.89,1,2,195.0,41.6,53.99,8.56,44.07,61.28,52.08,29.64,9,emergency,>=5_years,low,1,0
V429,control,93.79,1,4,168.02,56.01,72.58,29.72,64.71,49.21,71.32,48.55,1,hospital_medicine,<5_years,high,1,0
V429,graphcare,76.0,1,4,152.84,43.36,46.32,14.2,46.43,71.11,48.28,33.82,2,hospital_medicine,<5_years,high,1,0
V429,colbert,80.39,1,4,144.96,44.64,57.34,16.52,47.81,63.19,54.73,28.23,3,hospital_medicine,<5_years,high,1,0
V429,medcpt,73.11,1,4,135.96,41.2,55.52,9.06,47.26,62.61,49.62,23.15,4,hospital_medicine,<5_years,high,1,0
V429,llm_rag,73.03,1,4,162.67,41.49,47.16,12.06,44.06,64.82,48.98,31.86,5,hospital_medicine,<5_years,high,1,0
V429,gdt,83.27,1,4,119.89,43.35,57.9,13.28,49.04,64.4,53.72,21.74,6,hospital_medicine,<5_years,high,1,1
V429,cma,79.19,1,4,157.24,45.52,57.62,15.34,54.33,65.45,52.59,27.81,7,hospital_medicine,<5_years,high,1,1
V429,bm25,83.76,1,4,203.32,53.18,65.82,13.31,65.68,60.46,72.52,41.29,8,hospital_medicine,<5_years,high,1,0
V429,sdt,68.25,1,4,112.44,35.96,44.4,13.9,34.47,69.85,34.41,18.74,9,hospital_medicine,<5_years,high,1,1
V645,colbert,99.42,1,5,158.15,45.87,51.57,18.15,52.87,52.87,68.41,31.36,1,emergency,<5_years,high,4,0
V645,sdt,89.35,1,5,111.58,41.58,48.98,15.9,39.88,69.77,52.14,22.79,2,emergency,<5_years,high,4,1
V645,llm_rag,212.15,0,5,174.68,66.19,100.0,26.29,92.94,30.81,96.42,50.66,3,emergency,<5_years,high,4,0
V645,medcpt,105.28,1,5,142.32,48.45,67.21,25.91,53.44,66.93,53.84,23.36,4,emergency,<5_years,high,4,0
V645,bm25,112.29,1,5,192.73,57.33,78.33,22.72,81.48,43.57,74.65,43.21,5,emergency,<5_years,high,4,0
V645,control,123.58,1,5,203.59,62.76,82.74,28.73,78.65,54.51,82.35,49.57,6,emergency,<5_years,high,4,0
V645,gdt,94.16,1,5,128.25,46.34,58.66,21.09,50.71,67.24,49.04,31.28,7,emergency,<5_years,high,4,1
V645,cma,98.31,1,5,146.97,49.52,75.96,8.52,59.46,54.66,65.24,33.28,8,emergency,<5_years,high,4,1
V645,graphcare,97.48,1,5,151.21,49.3,64.26,19.28,57.6,62.66,63.31,28.72,9,emergency,<5_years,high,4,0
V781,control,122.9,1,5,185.28,60.63,79.12,21.88,81.21,51.08,79.77,50.72,1,internal_medicine,>=5_years,high,0,0
V781,cma,98.95,1,5,145.42,53.51,72.98,22.18,58.0,67.03,63.52,37.36,2,internal_medicine,>=5_years,high,0,1
V781,medcpt,105.11,1,5,144.53,46.51,62.53,13.0,55.5,49.3,60.13,38.61,3,internal_medicine,>=5_years,high,0,0
V781,bm25,112.83,1,5,210.14,57.8,82.06,13.26,83.69,45.56,76.43,45.81,4,internal_medicine,>=5_years,high,0,0
V781,llm_rag,101.57,1,5,168.26,47.17,61.33,13.3,62.91,58.54,55.24,31.72,5,internal_medicine,>=5_years,high,0,0
V781,colbert,92.65,1,5,163.5,47.87,66.88,20.67,46.29,64.62,59.42,29.37,6,internal_medicine,>=5_years,high,0,0
V781,gdt,92.71,1,5,137.71,45.5,51.24,22.11,56.4,60.21,52.7,30.35,7,internal_medicine,>=5_years,high,0,1
V781,sdt,93.28,1,5,108.14,40.85,50.5,21.2,46.71,60.04,49.62,17.0,8,internal_medicine,>=5_years,high,0,1
V781,graphcare,96.44,1,5,153.05,49.58,59.13,17.75,50.09,67.16,61.56,41.78,9,internal_medicine,>=5_years,high,0,0
